timestamp,run_name,blob_name,class,count
2000-01-01 00:00:00+00:00,inference-2026-08-20T16-49-50Z-2025-06-05,timeseries.json,Noctiluca,0
2000-01-02 00:00:00+00:00,inference-2026-08-20T16-49-50Z-2025-06-05,timeseries.json,Noctiluca,0
2000-01-03 00:00:00+00:00,inference-2026-08-20T16-49-50Z-2025-06-05,timeseries.json,Noctiluca,1
2000-01-04 00:00:00+00:00,inference-2026-08-20T16-49-50Z-2025-06-05,timeseries.json,Noctiluca,0
2000-01-05 00:00:00+00:00,inference-2026-08-20T16-49-50Z-2025-06-05,timeseries.json,Noctiluca,0
2000-01-06 00:00:00+00:00,inference-2026-08-20T16-49-50Z-2025-06-05,timeseries.json,Noctiluca,0
2000-01-07 00:00:00+00:00,inference-2026-08-20T16-49-50Z-2025-06-05,timeseries.json,Noctiluca,0
2000-01-08 00:00:00+00:00,inference-2026-08-20T16-49-50Z-2025-06-05,timeseries.json,Noctiluca,0
2000-01-09 00:00:00+00:00,inference-2026-08-20T16-49-50Z-2025-06-05,timeseries.json,Noctiluca,0
2000-01-10 00:00:00+00:00,inference-2026-08-20T16-49-50Z-2025-06-05,timeseries.json,Noctiluca,0
2000-01-11 00:00:00+00:00,inference-2026-08-20T16-49-50Z-2025-06-05,timeseries.json,Noctiluca,0
2000-01-12 00:00:00+00:00,inference-2026-08-20T16-49-50Z-2025-06-06,timeseries.json,Noctiluca,0
2000-01-13 00:00:00+00:00,inference-2026-08-20T16-49-50Z-2025-06-06,timeseries.json,Noctiluca,0
2000-01-14 00:00:00+00:00,inference-2026-08-20T16-49-50Z-2025-06-06,timeseries.json,Noctiluca,0
2000-01-15 00:00:00+00:00,inference-2026-08-20T16-49-50Z-2025-06-06,timeseries.json,Noctiluca,0
2000-01-16 00:00:00+00:00,inference-2026-08-20T16-49-50Z-2025-06-06,timeseries.json,Noctiluca,0
2000-01-17 00:00:00+00:00,inference-2026-08-20T16-49-50Z-2025-06-06,timeseries.json,Noctiluca,1
2000-01-18 00:00:00+00:00,inference-2026-08-20T16-49-50Z-2025-06-06,timeseries.json,Noctiluca,0
2000-01-19 00:00:00+00:00,inference-2026-08-20T16-49-50Z-2025-06-06,timeseries.json,Noctiluca,0
2000-01-20 00:00:00+00:00,inference-2026-08-20T16-49-50Z-2025-06-06,timeseries.json,Noctiluca,0
2000-01-21 00:00:00+00:00,inference-2026-08-20T16-49-50Z-2025-06-06,timeseries.json,Noctiluca,0
2000-01-22 00:00:00+00:00,inference-2026-08-20T16-49-50Z-2025-06-06,timeseries.json,Noctiluca,0
2000-01-23 00:00:00+00:00,inference-2026-08-20T16-49-50Z-2025-06-06,timeseries.json,Noctiluca,0
2000-01-24 00:00:00+00:00,inference-2026-08-20T16-49-50Z-2025-06-06,timeseries.json,Noctiluca,0
2000-01-25 00:00:00+00:00,inference-2026-08-20T16-49-50Z-2025-06-06,timeseries.json,Noctiluca,0
2000-01-26 00:00:00+00:00,inference-2026-08-20T16-49-50Z-2025-06-06,timeseries.json,Noctiluca,2
2000-01-27 00:00:00+00:00,inference-2026-08-20T16-49-50Z-2025-06-06,timeseries.json,Noctiluca,0
2000-01-28 00:00:00+00:00,inference-2026-08-20T16-49-50Z-2025-06-06,timeseries.json,Noctiluca,0
2000-01-29 00:00:00+00:00,inference-2026-08-20T16-49-50Z-2025-06-06,timeseries.json,Noctiluca,0
2000-01-30 00:00:00+00:00,inference-2026-08-20T16-49-50Z-2025-06-06,timeseries.json,Noctiluca,0
2000-01-31 00:00:00+00:00,inference-2026-08-20T16-49-50Z-2025-06-06,timeseries.json,Noctiluca,0
2000-02-01 00:00:00+00:00,inference-2026-08-20T16-49-50Z-2025-06-06,timeseries.json,Noctiluca,0
2000-02-02 00:00:00+00:00,inference-2026-08-20T16-49-50Z-2025-06-06,timeseries.json,Noctiluca,0
2000-02-03 00:00:00+00:00,inference-2026-08-20T16-49-50Z-2025-06-06,timeseries.json,Noctiluca,0
2000-02-04 00:00:00+00:00,inference-2026-08-20T16-49-50Z-2025-06-06,timeseries.json,Noctiluca,0
2000-02-05 00:00:00+00:00,inference-2026-08-20T16-49-50Z-2025-06-06,timeseries.json,Noctiluca,0
2000-02-06 00:00:00+00:00,inference-2026-08-20T16-49-50Z-2025-06-06,timeseries.json,Noctiluca,0
2000-02-07 00:00:00+00:00,inference-2026-08-20T16-49-50Z-2025-06-06,timeseries.json,Noctiluca,0
2000-02-08 00:00:00+00:00,inference-2026-08-20T16-49-50Z-2025-06-06,timeseries.json,Noctiluca,0
2000-02-09 00:00:00+00:00,inference-2026-08-20T16-49-50Z-2025-06-06,timeseries.json,Noctiluca,0
2000-02-10 00:00:00+00:00,inference-2026-08-20T16-49-50Z-2025-06-06,timeseries.json,Noctiluca,0
2000-02-11 00:00:00+00:00,inference-2026-08-20T16-49-50Z-2025-06-06,timeseries.json,Noctiluca,0
2000-02-12 00:00:00+00:00,inference-2026-08-20T16-49-50Z-2025-06-06,timeseries.json,Noctiluca,0
2000-02-13 00:00:00+00:00,inference-2026-08-20T16-49-50Z-2025-06-06,timeseries.json,Noctiluca,0
2000-02-14 00:00:00+00:00,inference-2026-08-20T16-49-50Z-2025-06-06,timeseries.json,Noctiluca,0
2000-02-15 00:00:00+00:00,inference-2026-08-20T16-49-50Z-2025-06-06,timeseries.json,Noctiluca,0
2000-02-16 00:00:00+00:00,inference-2026-08-20T16-49-50Z-2025-06-06,timeseries.json,Noctiluca,0
2000-02-17 00:00:00+00:00,inference-2026-08-20T16-49-50Z-2025-06-06,timeseries.json,Noctiluca,0
2000-02-18 00:00:00+00:00,inference-2026-08-20T16-49-50Z-2025-06-06,timeseries.json,Noctiluca,0
2000-02-19 00:00:00+00:00,inference-2026-08-20T16-49-50Z-2025-06-06,timeseries.json,Noctiluca,0
2000-02-20 00:00:00+00:00,inference-2026-08-20T16-49-50Z-2025-06-06,timeseries.json,Noctiluca,0
2000-02-21 00:00:00+00:00,inference-2026-08-20T16-49-50Z-2025-06-06,timeseries.json,Noctiluca,0
2000-02-22 00:00:00+00:00,inference-2026-08-20T16-49-50Z-2025-06-06,timeseries.json,Noctiluca,0
2000-02-23 00:00:00+00:00,inference-2026-08-20T16-49-50Z-2025-06-06,timeseries.json,Noctiluca,0
2000-02-24 00:00:00+00:00,inference-2026-08-20T16-49-50Z-2025-06-06,timeseries.json,Noctiluca,2
2000-02-25 00:00:00+00:00,inference-2026-08-20T16-49-50Z-2025-06-06,timeseries.json,Noctiluca,0
2000-02-26 00:00:00+00:00,inference-2026-08-20T16-49-50Z-2025-06-06,timeseries.json,Noctiluca,0
2000-02-27 00:00:00+00:00,inference-2026-08-20T16-49-50Z-2025-06-06,timeseries.json,Noctiluca,0
2000-02-28 00:00:00+00:00,inference-2026-08-20T16-49-50Z-2025-06-06,timeseries.json,Noctiluca,0
2000-02-29 00:00:00+00:00,inference-2026-08-20T16-49-50Z-2025-06-06,timeseries.json,Noctiluca,0
2000-03-01 00:00:00+00:00,inference-2026-08-20T16-49-50Z-2025-06-06,timeseries.json,Noctiluca,0
2000-03-02 00:00:00+00:00,inference-2026-08-20T16-49-50Z-2025-06-06,timeseries.json,Noctiluca,1
2000-03-03 00:00:00+00:00,inference-2026-08-20T16-49-50Z-2025-06-06,timeseries.json,Noctiluca,0
2000-03-04 00:00:00+00:00,inference-2026-08-20T16-49-50Z-2025-06-06,timeseries.json,Noctiluca,0
2000-03-05 00:00:00+00:00,inference-2026-08-20T16-49-50Z-2025-06-06,timeseries.json,Noctiluca,0
2000-03-06 00:00:00+00:00,inference-2026-08-20T16-49-50Z-2025-06-06,timeseries.json,Noctiluca,0
2000-03-07 00:00:00+00:00,inference-2026-08-20T16-49-50Z-2025-06-06,timeseries.json,Noctiluca,0
2000-03-08 00:00:00+00:00,inference-2026-08-20T16-49-50Z-2025-06-06,timeseries.json,Noctiluca,0
2000-03-09 00:00:00+00:00,inference-2026-08-20T16-49-50Z-2025-06-06,timeseries.json,Noctiluca,0
2000-03-10 00:00:00+00:00,inference-2026-08-20T16-49-50Z-2025-06-06,timeseries.json,Noctiluca,0
2000-03-11 00:00:00+00:00,inference-2026-08-20T16-49-50Z-2025-06-06,timeseries.json,Noctiluca,0
2000-03-12 00:00:00+00:00,inference-2026-08-20T16-49-50Z-2025-06-06,timeseries.json,Noctiluca,0
2000-03-13 00:00:00+00:00,inference-2026-08-20T16-49-50Z-2025-06-06,timeseries.json,Noctiluca,0
2000-03-14 00:00:00+00:00,inference-2026-08-20T16-49-50Z-2025-06-06,timeseries.json,Noctiluca,0
2000-03-15 00:00:00+00:00,inference-2026-08-20T16-49-50Z-2025-06-06,timeseries.json,Noctiluca,0
2000-03-16 00:00:00+00:00,inference-2026-08-20T16-49-50Z-2025-06-06,timeseries.json,Noctiluca,0
2000-03-17 00:00:00+00:00,inference-2026-08-20T16-49-50Z-2025-06-06,timeseries.json,Noctiluca,0
2000-03-18 00:00:00+00:00,inference-2026-08-20T16-49-50Z-2025-06-06,timeseries.json,Noctiluca,0
2000-03-19 00:00:00+00:00,inference-2026-08-20T16-49-50Z-2025-06-06,timeseries.json,Noctiluca,0
2000-03-20 00:00:00+00:00,inference-2026-08-20T16-49-50Z-2025-06-06,timeseries.json,Noctiluca,0
2000-03-21 00:00:00+00:00,inference-2026-08-20T16-49-50Z-2025-06-06,timeseries.json,Noctiluca,0
2000-03-22 00:00:00+00:00,inference-2026-08-20T16-49-50Z-2025-06-06,timeseries.json,Noctiluca,2
2000-03-23 00:00:00+00:00,inference-2026-08-20T16-49-50Z-2025-06-06,timeseries.json,Noctiluca,0
2000-03-24 00:00:00+00:00,inference-2026-08-20T16-49-50Z-2025-06-06,timeseries.json,Noctiluca,0
2000-03-25 00:00:00+00:00,inference-2026-08-20T16-49-50Z-2025-06-06,timeseries.json,Noctiluca,1
2000-03-26 00:00:00+00:00,inference-2026-08-20T16-49-50Z-2025-06-06,timeseries.json,Noctiluca,0
2000-03-27 00:00:00+00:00,inference-2026-08-20T16-49-50Z-2025-06-06,timeseries.json,Noctiluca,0
2000-03-28 00:00:00+00:00,inference-2026-08-20T16-49-50Z-2025-06-06,timeseries.json,Noctiluca,0
2000-03-29 00:00:00+00:00,inference-2026-08-20T16-49-50Z-2025-06-06,timeseries.json,Noctiluca,0
2000-03-30 00:00:00+00:00,inference-2026-08-20T16-49-50Z-2025-06-06,timeseries.json,Noctiluca,0
2000-03-31 00:00:00+00:00,inference-2026-08-20T16-49-50Z-2025-06-06,timeseries.json,Noctiluca,0
2000-04-01 00:00:00+00:00,inference-2026-08-20T16-49-50Z-2025-06-06,timeseries.json,Noctiluca,0
2000-04-02 00:00:00+00:00,inference-2026-08-20T16-49-50Z-2025-06-06,timeseries.json,Noctiluca,0
2000-04-03 00:00:00+00:00,inference-2026-08-20T16-49-50Z-2025-06-06,timeseries.json,Noctiluca,0
2000-04-04 00:00:00+00:00,inference-2026-08-20T16-49-50Z-2025-06-06,timeseries.json,Noctiluca,0
2000-04-05 00:00:00+00:00,inference-2026-08-20T16-49-50Z-2025-06-06,timeseries.json,Noctiluca,0
2000-04-06 00:00:00+00:00,inference-2026-08-20T16-49-50Z-2025-06-06,timeseries.json,Noctiluca,0
2000-04-07 00:00:00+00:00,inference-2026-08-20T16-49-50Z-2025-06-06,timeseries.json,Noctiluca,0
2000-04-08 00:00:00+00:00,inference-2026-08-20T16-49-50Z-2025-06-06,timeseries.json,Noctiluca,0
2000-04-09 00:00:00+00:00,inference-2026-08-20T16-49-50Z-2025-06-06,timeseries.json,Noctiluca,1
2000-04-10 00:00:00+00:00,inference-2026-08-20T16-49-50Z-2025-06-06,timeseries.json,Noctiluca,1
2000-04-11 00:00:00+00:00,inference-2026-08-20T16-49-50Z-2025-06-06,timeseries.json,Noctiluca,0
2000-04-12 00:00:00+00:00,inference-2026-08-20T16-49-50Z-2025-06-06,timeseries.json,Noctiluca,1
2000-04-13 00:00:00+00:00,inference-2026-08-20T16-49-50Z-2025-06-06,timeseries.json,Noctiluca,0
2000-04-14 00:00:00+00:00,inference-2026-08-20T16-49-50Z-2025-06-06,timeseries.json,Noctiluca,0
2000-04-15 00:00:00+00:00,inference-2026-08-20T16-49-50Z-2025-06-06,timeseries.json,Noctiluca,0
2000-04-16 00:00:00+00:00,inference-2026-08-20T16-49-50Z-2025-06-06,timeseries.json,Noctiluca,0
2000-04-17 00:00:00+00:00,inference-2026-08-20T16-49-50Z-2025-06-06,timeseries.json,Noctiluca,0
2000-04-18 00:00:00+00:00,inference-2026-08-20T16-49-50Z-2025-06-06,timeseries.json,Noctiluca,0
2000-04-19 00:00:00+00:00,inference-2026-08-20T16-49-50Z-2025-06-06,timeseries.json,Noctiluca,0
2000-04-20 00:00:00+00:00,inference-2026-08-20T16-49-50Z-2025-06-06,timeseries.json,Noctiluca,0
2000-04-21 00:00:00+00:00,inference-2026-08-20T16-49-50Z-2025-06-06,timeseries.json,Noctiluca,0
2000-04-22 00:00:00+00:00,inference-2026-08-20T16-49-50Z-2025-06-06,timeseries.json,Noctiluca,0
2000-04-23 00:00:00+00:00,inference-2026-08-20T16-49-50Z-2025-06-06,timeseries.json,Noctiluca,3
2000-04-24 00:00:00+00:00,inference-2026-08-20T16-49-50Z-2025-06-06,timeseries.json,Noctiluca,2
2000-04-25 00:00:00+00:00,inference-2026-08-20T16-49-50Z-2025-06-06,timeseries.json,Noctiluca,0
2000-04-26 00:00:00+00:00,inference-2026-08-20T16-49-50Z-2025-06-06,timeseries.json,Noctiluca,0
2000-04-27 00:00:00+00:00,inference-2026-08-20T16-49-50Z-2025-06-06,timeseries.json,Noctiluca,2
2000-04-28 00:00:00+00:00,inference-2026-08-20T16-49-50Z-2025-06-06,timeseries.json,Noctiluca,0
2000-04-29 00:00:00+00:00,inference-2026-08-20T16-49-50Z-2025-06-06,timeseries.json,Noctiluca,0
2000-04-30 00:00:00+00:00,inference-2026-08-20T16-49-50Z-2025-06-06,timeseries.json,Noctiluca,1
2000-05-01 00:00:00+00:00,inference-2026-08-20T16-49-50Z-2025-06-06,timeseries.json,Noctiluca,0
2000-05-02 00:00:00+00:00,inference-2026-08-20T16-49-50Z-2025-06-06,timeseries.json,Noctiluca,0
2000-05-03 00:00:00+00:00,inference-2026-08-20T16-49-50Z-2025-06-06,timeseries.json,Noctiluca,1
2000-05-04 00:00:00+00:00,inference-2026-08-20T16-49-50Z-2025-06-06,timeseries.json,Noctiluca,0
2000-05-05 00:00:00+00:00,inference-2026-08-20T16-49-50Z-2025-06-06,timeseries.json,Noctiluca,0
2000-05-06 00:00:00+00:00,inference-2026-08-20T16-49-50Z-2025-06-06,timeseries.json,Noctiluca,1
2000-05-07 00:00:00+00:00,inference-2026-08-20T16-49-50Z-2025-06-06,timeseries.json,Noctiluca,0
2000-05-08 00:00:00+00:00,inference-2026-08-20T16-49-50Z-2025-06-06,timeseries.json,Noctiluca,1
2000-05-09 00:00:00+00:00,inference-2026-08-20T16-49-50Z-2025-06-06,timeseries.json,Noctiluca,0
2000-05-10 00:00:00+00:00,inference-2026-08-20T16-49-50Z-2025-06-06,timeseries.json,Noctiluca,0
2000-05-11 00:00:00+00:00,inference-2026-08-20T16-49-50Z-2025-06-06,timeseries.json,Noctiluca,0
2000-05-12 00:00:00+00:00,inference-2026-08-20T16-49-50Z-2025-06-06,timeseries.json,Noctiluca,0
2000-05-13 00:00:00+00:00,inference-2026-08-20T16-49-50Z-2025-06-06,timeseries.json,Noctiluca,0
2000-05-14 00:00:00+00:00,inference-2026-08-20T16-49-50Z-2025-06-06,timeseries.json,Noctiluca,3
2000-05-15 00:00:00+00:00,inference-2026-08-20T16-49-50Z-2025-06-06,timeseries.json,Noctiluca,0
2000-05-16 00:00:00+00:00,inference-2026-08-20T16-49-50Z-2025-06-06,timeseries.json,Noctiluca,0
2000-05-17 00:00:00+00:00,inference-2026-08-20T16-49-50Z-2025-06-06,timeseries.json,Noctiluca,0
2000-05-18 00:00:00+00:00,inference-2026-08-20T16-49-50Z-2025-06-06,timeseries.json,Noctiluca,0
2000-05-19 00:00:00+00:00,inference-2026-08-20T16-49-50Z-2025-06-06,timeseries.json,Noctiluca,0
2000-05-20 00:00:00+00:00,inference-2026-08-20T16-49-50Z-2025-06-06,timeseries.json,Noctiluca,2
2000-05-21 00:00:00+00:00,inference-2026-08-20T16-49-50Z-2025-06-06,timeseries.json,Noctiluca,1
2000-05-22 00:00:00+00:00,inference-2026-08-20T16-49-50Z-2025-06-06,timeseries.json,Noctiluca,0
2000-05-23 00:00:00+00:00,inference-2026-08-20T16-49-50Z-2025-06-06,timeseries.json,Noctiluca,0
2000-05-24 00:00:00+00:00,inference-2026-08-20T16-49-50Z-2025-06-06,timeseries.json,Noctiluca,0
2000-05-25 00:00:00+00:00,inference-2026-08-20T16-49-50Z-2025-06-06,timeseries.json,Noctiluca,1
2000-05-26 00:00:00+00:00,inference-2026-08-20T16-49-50Z-2025-06-06,timeseries.json,Noctiluca,0
2000-05-27 00:00:00+00:00,inference-2026-08-20T16-49-50Z-2025-06-06,timeseries.json,Noctiluca,0
2000-05-28 00:00:00+00:00,inference-2026-08-20T16-49-50Z-2025-06-06,timeseries.json,Noctiluca,0
2000-05-29 00:00:00+00:00,inference-2026-08-20T16-49-50Z-2025-06-06,timeseries.json,Noctiluca,0
2000-05-30 00:00:00+00:00,inference-2026-08-20T16-49-50Z-2025-06-06,timeseries.json,Noctiluca,0
2000-05-31 00:00:00+00:00,inference-2026-08-20T16-49-50Z-2025-06-06,timeseries.json,Noctiluca,0
2000-06-01 00:00:00+00:00,inference-2026-08-20T16-49-50Z-2025-06-06,timeseries.json,Noctiluca,0
2000-06-02 00:00:00+00:00,inference-2026-08-20T16-49-50Z-2025-06-06,timeseries.json,Noctiluca,0
2000-06-03 00:00:00+00:00,inference-2026-08-20T16-49-50Z-2025-06-06,timeseries.json,Noctiluca,0
2000-06-04 00:00:00+00:00,inference-2026-08-20T16-49-50Z-2025-06-07,timeseries.json,Noctiluca,0
2000-06-05 00:00:00+00:00,inference-2026-08-20T16-49-50Z-2025-06-07,timeseries.json,Noctiluca,0
2000-06-06 00:00:00+00:00,inference-2026-08-20T16-49-50Z-2025-06-07,timeseries.json,Noctiluca,0
2000-06-07 00:00:00+00:00,inference-2026-08-20T16-49-50Z-2025-06-07,timeseries.json,Noctiluca,0
2000-06-08 00:00:00+00:00,inference-2026-08-20T16-49-50Z-2025-06-07,timeseries.json,Noctiluca,3
2000-06-09 00:00:00+00:00,inference-2026-08-20T16-49-50Z-2025-06-07,timeseries.json,Noctiluca,0
2000-06-10 00:00:00+00:00,inference-2026-08-20T16-49-50Z-2025-06-07,timeseries.json,Noctiluca,0
2000-06-11 00:00:00+00:00,inference-2026-08-20T16-49-50Z-2025-06-07,timeseries.json,Noctiluca,0
2000-06-12 00:00:00+00:00,inference-2026-08-20T16-49-50Z-2025-06-07,timeseries.json,Noctiluca,0
2000-06-13 00:00:00+00:00,inference-2026-08-20T16-49-50Z-2025-06-07,timeseries.json,Noctiluca,0
2000-06-14 00:00:00+00:00,inference-2026-08-20T16-49-50Z-2025-06-07,timeseries.json,Noctiluca,0
2000-06-15 00:00:00+00:00,inference-2026-08-20T16-49-50Z-2025-06-07,timeseries.json,Noctiluca,1
2000-06-16 00:00:00+00:00,inference-2026-08-20T16-49-50Z-2025-06-07,timeseries.json,Noctiluca,0
2000-06-17 00:00:00+00:00,inference-2026-08-20T16-49-50Z-2025-06-07,timeseries.json,Noctiluca,0
2000-06-18 00:00:00+00:00,inference-2026-08-20T16-49-50Z-2025-06-07,timeseries.json,Noctiluca,0
2000-06-19 00:00:00+00:00,inference-2026-08-20T16-49-50Z-2025-06-07,timeseries.json,Noctiluca,0
2000-06-20 00:00:00+00:00,inference-2026-08-20T16-49-50Z-2025-06-07,timeseries.json,Noctiluca,3
2000-06-21 00:00:00+00:00,inference-2026-08-20T16-49-50Z-2025-06-07,timeseries.json,Noctiluca,0
2000-06-22 00:00:00+00:00,inference-2026-08-20T16-49-50Z-2025-06-07,timeseries.json,Noctiluca,1
2000-06-23 00:00:00+00:00,inference-2026-08-20T16-49-50Z-2025-06-07,timeseries.json,Noctiluca,0
2000-06-24 00:00:00+00:00,inference-2026-08-20T16-49-50Z-2025-06-07,timeseries.json,Noctiluca,1
2000-06-25 00:00:00+00:00,inference-2026-08-20T16-49-50Z-2025-06-07,timeseries.json,Noctiluca,0
2000-06-26 00:00:00+00:00,inference-2026-08-20T16-49-50Z-2025-06-07,timeseries.json,Noctiluca,2
2000-06-27 00:00:00+00:00,inference-2026-08-20T16-49-50Z-2025-06-07,timeseries.json,Noctiluca,0
2000-06-28 00:00:00+00:00,inference-2026-08-20T16-49-50Z-2025-06-07,timeseries.json,Noctiluca,1
2000-06-29 00:00:00+00:00,inference-2026-08-20T16-49-50Z-2025-06-07,timeseries.json,Noctiluca,1
2000-06-30 00:00:00+00:00,inference-2026-08-20T16-49-50Z-2025-06-07,timeseries.json,Noctiluca,0
2000-07-01 00:00:00+00:00,inference-2026-08-20T16-49-50Z-2025-06-07,timeseries.json,Noctiluca,0
2000-07-02 00:00:00+00:00,inference-2026-08-20T16-49-50Z-2025-06-07,timeseries.json,Noctiluca,0
2000-07-03 00:00:00+00:00,inference-2026-08-20T16-49-50Z-2025-06-07,timeseries.json,Noctiluca,0
2000-07-04 00:00:00+00:00,inference-2026-08-20T16-49-50Z-2025-06-07,timeseries.json,Noctiluca,0
2000-07-05 00:00:00+00:00,inference-2026-08-20T16-49-50Z-2025-06-07,timeseries.json,Noctiluca,0
2000-07-06 00:00:00+00:00,inference-2026-08-20T16-49-50Z-2025-06-07,timeseries.json,Noctiluca,0
2000-07-07 00:00:00+00:00,inference-2026-08-20T16-49-50Z-2025-06-07,timeseries.json,Noctiluca,0
2000-07-08 00:00:00+00:00,inference-2026-08-20T16-49-50Z-2025-06-07,timeseries.json,Noctiluca,0
2000-07-09 00:00:00+00:00,inference-2026-08-20T16-49-50Z-2025-06-07,timeseries.json,Noctiluca,0
2000-07-10 00:00:00+00:00,inference-2026-08-20T16-49-50Z-2025-06-07,timeseries.json,Noctiluca,0
2000-07-11 00:00:00+00:00,inference-2026-08-20T16-49-50Z-2025-06-07,timeseries.json,Noctiluca,0
2000-07-12 00:00:00+00:00,inference-2026-08-20T16-49-50Z-2025-06-07,timeseries.json,Noctiluca,0
2000-07-13 00:00:00+00:00,inference-2026-08-20T16-49-50Z-2025-06-07,timeseries.json,Noctiluca,0
2000-07-14 00:00:00+00:00,inference-2026-08-20T16-49-50Z-2025-06-07,timeseries.json,Noctiluca,1
2000-07-15 00:00:00+00:00,inference-2026-08-20T16-49-50Z-2025-06-07,timeseries.json,Noctiluca,0
2000-07-16 00:00:00+00:00,inference-2026-08-20T16-49-50Z-2025-06-07,timeseries.json,Noctiluca,0
2000-01-01 00:00:00+00:00,inference-2026-08-20T16-49-50Z-2025-06-05,timeseries.json,Phyto_Centrics,68
2000-01-02 00:00:00+00:00,inference-2026-08-20T16-49-50Z-2025-06-05,timeseries.json,Phyto_Centrics,80
2000-01-03 00:00:00+00:00,inference-2026-08-20T16-49-50Z-2025-06-05,timeseries.json,Phyto_Centrics,499
2000-01-04 00:00:00+00:00,inference-2026-08-20T16-49-50Z-2025-06-05,timeseries.json,Phyto_Centrics,3
2000-01-05 00:00:00+00:00,inference-2026-08-20T16-49-50Z-2025-06-05,timeseries.json,Phyto_Centrics,3
2000-01-06 00:00:00+00:00,inference-2026-08-20T16-49-50Z-2025-06-05,timeseries.json,Phyto_Centrics,2
2000-01-07 00:00:00+00:00,inference-2026-08-20T16-49-50Z-2025-06-05,timeseries.json,Phyto_Centrics,1
2000-01-08 00:00:00+00:00,inference-2026-08-20T16-49-50Z-2025-06-05,timeseries.json,Phyto_Centrics,3
2000-01-09 00:00:00+00:00,inference-2026-08-20T16-49-50Z-2025-06-05,timeseries.json,Phyto_Centrics,4
2000-01-10 00:00:00+00:00,inference-2026-08-20T16-49-50Z-2025-06-05,timeseries.json,Phyto_Centrics,0
2000-01-11 00:00:00+00:00,inference-2026-08-20T16-49-50Z-2025-06-05,timeseries.json,Phyto_Centrics,3
2000-01-12 00:00:00+00:00,inference-2026-08-20T16-49-50Z-2025-06-06,timeseries.json,Phyto_Centrics,6
2000-01-13 00:00:00+00:00,inference-2026-08-20T16-49-50Z-2025-06-06,timeseries.json,Phyto_Centrics,1
2000-01-14 00:00:00+00:00,inference-2026-08-20T16-49-50Z-2025-06-06,timeseries.json,Phyto_Centrics,3
2000-01-15 00:00:00+00:00,inference-2026-08-20T16-49-50Z-2025-06-06,timeseries.json,Phyto_Centrics,4
2000-01-16 00:00:00+00:00,inference-2026-08-20T16-49-50Z-2025-06-06,timeseries.json,Phyto_Centrics,7
2000-01-17 00:00:00+00:00,inference-2026-08-20T16-49-50Z-2025-06-06,timeseries.json,Phyto_Centrics,45
2000-01-18 00:00:00+00:00,inference-2026-08-20T16-49-50Z-2025-06-06,timeseries.json,Phyto_Centrics,8
2000-01-19 00:00:00+00:00,inference-2026-08-20T16-49-50Z-2025-06-06,timeseries.json,Phyto_Centrics,17
2000-01-20 00:00:00+00:00,inference-2026-08-20T16-49-50Z-2025-06-06,timeseries.json,Phyto_Centrics,3
2000-01-21 00:00:00+00:00,inference-2026-08-20T16-49-50Z-2025-06-06,timeseries.json,Phyto_Centrics,12
2000-01-22 00:00:00+00:00,inference-2026-08-20T16-49-50Z-2025-06-06,timeseries.json,Phyto_Centrics,5
2000-01-23 00:00:00+00:00,inference-2026-08-20T16-49-50Z-2025-06-06,timeseries.json,Phyto_Centrics,6
2000-01-24 00:00:00+00:00,inference-2026-08-20T16-49-50Z-2025-06-06,timeseries.json,Phyto_Centrics,17
2000-01-25 00:00:00+00:00,inference-2026-08-20T16-49-50Z-2025-06-06,timeseries.json,Phyto_Centrics,15
2000-01-26 00:00:00+00:00,inference-2026-08-20T16-49-50Z-2025-06-06,timeseries.json,Phyto_Centrics,33
2000-01-27 00:00:00+00:00,inference-2026-08-20T16-49-50Z-2025-06-06,timeseries.json,Phyto_Centrics,32
2000-01-28 00:00:00+00:00,inference-2026-08-20T16-49-50Z-2025-06-06,timeseries.json,Phyto_Centrics,30
2000-01-29 00:00:00+00:00,inference-2026-08-20T16-49-50Z-2025-06-06,timeseries.json,Phyto_Centrics,9
2000-01-30 00:00:00+00:00,inference-2026-08-20T16-49-50Z-2025-06-06,timeseries.json,Phyto_Centrics,2
2000-01-31 00:00:00+00:00,inference-2026-08-20T16-49-50Z-2025-06-06,timeseries.json,Phyto_Centrics,6
2000-02-01 00:00:00+00:00,inference-2026-08-20T16-49-50Z-2025-06-06,timeseries.json,Phyto_Centrics,3
2000-02-02 00:00:00+00:00,inference-2026-08-20T16-49-50Z-2025-06-06,timeseries.json,Phyto_Centrics,7
2000-02-03 00:00:00+00:00,inference-2026-08-20T16-49-50Z-2025-06-06,timeseries.json,Phyto_Centrics,5
2000-02-04 00:00:00+00:00,inference-2026-08-20T16-49-50Z-2025-06-06,timeseries.json,Phyto_Centrics,3
2000-02-05 00:00:00+00:00,inference-2026-08-20T16-49-50Z-2025-06-06,timeseries.json,Phyto_Centrics,2
2000-02-06 00:00:00+00:00,inference-2026-08-20T16-49-50Z-2025-06-06,timeseries.json,Phyto_Centrics,98
2000-02-07 00:00:00+00:00,inference-2026-08-20T16-49-50Z-2025-06-06,timeseries.json,Phyto_Centrics,3
2000-02-08 00:00:00+00:00,inference-2026-08-20T16-49-50Z-2025-06-06,timeseries.json,Phyto_Centrics,11
2000-02-09 00:00:00+00:00,inference-2026-08-20T16-49-50Z-2025-06-06,timeseries.json,Phyto_Centrics,0
2000-02-10 00:00:00+00:00,inference-2026-08-20T16-49-50Z-2025-06-06,timeseries.json,Phyto_Centrics,7
2000-02-11 00:00:00+00:00,inference-2026-08-20T16-49-50Z-2025-06-06,timeseries.json,Phyto_Centrics,7
2000-02-12 00:00:00+00:00,inference-2026-08-20T16-49-50Z-2025-06-06,timeseries.json,Phyto_Centrics,46
2000-02-13 00:00:00+00:00,inference-2026-08-20T16-49-50Z-2025-06-06,timeseries.json,Phyto_Centrics,13
2000-02-14 00:00:00+00:00,inference-2026-08-20T16-49-50Z-2025-06-06,timeseries.json,Phyto_Centrics,2
2000-02-15 00:00:00+00:00,inference-2026-08-20T16-49-50Z-2025-06-06,timeseries.json,Phyto_Centrics,2
2000-02-16 00:00:00+00:00,inference-2026-08-20T16-49-50Z-2025-06-06,timeseries.json,Phyto_Centrics,4
2000-02-17 00:00:00+00:00,inference-2026-08-20T16-49-50Z-2025-06-06,timeseries.json,Phyto_Centrics,96
2000-02-18 00:00:00+00:00,inference-2026-08-20T16-49-50Z-2025-06-06,timeseries.json,Phyto_Centrics,1
2000-02-19 00:00:00+00:00,inference-2026-08-20T16-49-50Z-2025-06-06,timeseries.json,Phyto_Centrics,48
2000-02-20 00:00:00+00:00,inference-2026-08-20T16-49-50Z-2025-06-06,timeseries.json,Phyto_Centrics,1
2000-02-21 00:00:00+00:00,inference-2026-08-20T16-49-50Z-2025-06-06,timeseries.json,Phyto_Centrics,1
2000-02-22 00:00:00+00:00,inference-2026-08-20T16-49-50Z-2025-06-06,timeseries.json,Phyto_Centrics,3
2000-02-23 00:00:00+00:00,inference-2026-08-20T16-49-50Z-2025-06-06,timeseries.json,Phyto_Centrics,6
2000-02-24 00:00:00+00:00,inference-2026-08-20T16-49-50Z-2025-06-06,timeseries.json,Phyto_Centrics,98
2000-02-25 00:00:00+00:00,inference-2026-08-20T16-49-50Z-2025-06-06,timeseries.json,Phyto_Centrics,14
2000-02-26 00:00:00+00:00,inference-2026-08-20T16-49-50Z-2025-06-06,timeseries.json,Phyto_Centrics,3
2000-02-27 00:00:00+00:00,inference-2026-08-20T16-49-50Z-2025-06-06,timeseries.json,Phyto_Centrics,3
2000-02-28 00:00:00+00:00,inference-2026-08-20T16-49-50Z-2025-06-06,timeseries.json,Phyto_Centrics,5
2000-02-29 00:00:00+00:00,inference-2026-08-20T16-49-50Z-2025-06-06,timeseries.json,Phyto_Centrics,1
2000-03-01 00:00:00+00:00,inference-2026-08-20T16-49-50Z-2025-06-06,timeseries.json,Phyto_Centrics,20
2000-03-02 00:00:00+00:00,inference-2026-08-20T16-49-50Z-2025-06-06,timeseries.json,Phyto_Centrics,31
2000-03-03 00:00:00+00:00,inference-2026-08-20T16-49-50Z-2025-06-06,timeseries.json,Phyto_Centrics,11
2000-03-04 00:00:00+00:00,inference-2026-08-20T16-49-50Z-2025-06-06,timeseries.json,Phyto_Centrics,4
2000-03-05 00:00:00+00:00,inference-2026-08-20T16-49-50Z-2025-06-06,timeseries.json,Phyto_Centrics,8
2000-03-06 00:00:00+00:00,inference-2026-08-20T16-49-50Z-2025-06-06,timeseries.json,Phyto_Centrics,2
2000-03-07 00:00:00+00:00,inference-2026-08-20T16-49-50Z-2025-06-06,timeseries.json,Phyto_Centrics,4
2000-03-08 00:00:00+00:00,inference-2026-08-20T16-49-50Z-2025-06-06,timeseries.json,Phyto_Centrics,0
2000-03-09 00:00:00+00:00,inference-2026-08-20T16-49-50Z-2025-06-06,timeseries.json,Phyto_Centrics,3
2000-03-10 00:00:00+00:00,inference-2026-08-20T16-49-50Z-2025-06-06,timeseries.json,Phyto_Centrics,18
2000-03-11 00:00:00+00:00,inference-2026-08-20T16-49-50Z-2025-06-06,timeseries.json,Phyto_Centrics,3
2000-03-12 00:00:00+00:00,inference-2026-08-20T16-49-50Z-2025-06-06,timeseries.json,Phyto_Centrics,17
2000-03-13 00:00:00+00:00,inference-2026-08-20T16-49-50Z-2025-06-06,timeseries.json,Phyto_Centrics,4
2000-03-14 00:00:00+00:00,inference-2026-08-20T16-49-50Z-2025-06-06,timeseries.json,Phyto_Centrics,3
2000-03-15 00:00:00+00:00,inference-2026-08-20T16-49-50Z-2025-06-06,timeseries.json,Phyto_Centrics,75
2000-03-16 00:00:00+00:00,inference-2026-08-20T16-49-50Z-2025-06-06,timeseries.json,Phyto_Centrics,3
2000-03-17 00:00:00+00:00,inference-2026-08-20T16-49-50Z-2025-06-06,timeseries.json,Phyto_Centrics,1
2000-03-18 00:00:00+00:00,inference-2026-08-20T16-49-50Z-2025-06-06,timeseries.json,Phyto_Centrics,0
2000-03-19 00:00:00+00:00,inference-2026-08-20T16-49-50Z-2025-06-06,timeseries.json,Phyto_Centrics,4
2000-03-20 00:00:00+00:00,inference-2026-08-20T16-49-50Z-2025-06-06,timeseries.json,Phyto_Centrics,1
2000-03-21 00:00:00+00:00,inference-2026-08-20T16-49-50Z-2025-06-06,timeseries.json,Phyto_Centrics,5
2000-03-22 00:00:00+00:00,inference-2026-08-20T16-49-50Z-2025-06-06,timeseries.json,Phyto_Centrics,81
2000-03-23 00:00:00+00:00,inference-2026-08-20T16-49-50Z-2025-06-06,timeseries.json,Phyto_Centrics,4
2000-03-24 00:00:00+00:00,inference-2026-08-20T16-49-50Z-2025-06-06,timeseries.json,Phyto_Centrics,14
2000-03-25 00:00:00+00:00,inference-2026-08-20T16-49-50Z-2025-06-06,timeseries.json,Phyto_Centrics,34
2000-03-26 00:00:00+00:00,inference-2026-08-20T16-49-50Z-2025-06-06,timeseries.json,Phyto_Centrics,4
2000-03-27 00:00:00+00:00,inference-2026-08-20T16-49-50Z-2025-06-06,timeseries.json,Phyto_Centrics,5
2000-03-28 00:00:00+00:00,inference-2026-08-20T16-49-50Z-2025-06-06,timeseries.json,Phyto_Centrics,1
2000-03-29 00:00:00+00:00,inference-2026-08-20T16-49-50Z-2025-06-06,timeseries.json,Phyto_Centrics,10
2000-03-30 00:00:00+00:00,inference-2026-08-20T16-49-50Z-2025-06-06,timeseries.json,Phyto_Centrics,8
2000-03-31 00:00:00+00:00,inference-2026-08-20T16-49-50Z-2025-06-06,timeseries.json,Phyto_Centrics,10
2000-04-01 00:00:00+00:00,inference-2026-08-20T16-49-50Z-2025-06-06,timeseries.json,Phyto_Centrics,2
2000-04-02 00:00:00+00:00,inference-2026-08-20T16-49-50Z-2025-06-06,timeseries.json,Phyto_Centrics,0
2000-04-03 00:00:00+00:00,inference-2026-08-20T16-49-50Z-2025-06-06,timeseries.json,Phyto_Centrics,5
2000-04-04 00:00:00+00:00,inference-2026-08-20T16-49-50Z-2025-06-06,timeseries.json,Phyto_Centrics,3
2000-04-05 00:00:00+00:00,inference-2026-08-20T16-49-50Z-2025-06-06,timeseries.json,Phyto_Centrics,13
2000-04-06 00:00:00+00:00,inference-2026-08-20T16-49-50Z-2025-06-06,timeseries.json,Phyto_Centrics,53
2000-04-07 00:00:00+00:00,inference-2026-08-20T16-49-50Z-2025-06-06,timeseries.json,Phyto_Centrics,3
2000-04-08 00:00:00+00:00,inference-2026-08-20T16-49-50Z-2025-06-06,timeseries.json,Phyto_Centrics,0
2000-04-09 00:00:00+00:00,inference-2026-08-20T16-49-50Z-2025-06-06,timeseries.json,Phyto_Centrics,8
2000-04-10 00:00:00+00:00,inference-2026-08-20T16-49-50Z-2025-06-06,timeseries.json,Phyto_Centrics,5
2000-04-11 00:00:00+00:00,inference-2026-08-20T16-49-50Z-2025-06-06,timeseries.json,Phyto_Centrics,8
2000-04-12 00:00:00+00:00,inference-2026-08-20T16-49-50Z-2025-06-06,timeseries.json,Phyto_Centrics,20
2000-04-13 00:00:00+00:00,inference-2026-08-20T16-49-50Z-2025-06-06,timeseries.json,Phyto_Centrics,220
2000-04-14 00:00:00+00:00,inference-2026-08-20T16-49-50Z-2025-06-06,timeseries.json,Phyto_Centrics,0
2000-04-15 00:00:00+00:00,inference-2026-08-20T16-49-50Z-2025-06-06,timeseries.json,Phyto_Centrics,14
2000-04-16 00:00:00+00:00,inference-2026-08-20T16-49-50Z-2025-06-06,timeseries.json,Phyto_Centrics,9
2000-04-17 00:00:00+00:00,inference-2026-08-20T16-49-50Z-2025-06-06,timeseries.json,Phyto_Centrics,91
2000-04-18 00:00:00+00:00,inference-2026-08-20T16-49-50Z-2025-06-06,timeseries.json,Phyto_Centrics,81
2000-04-19 00:00:00+00:00,inference-2026-08-20T16-49-50Z-2025-06-06,timeseries.json,Phyto_Centrics,9
2000-04-20 00:00:00+00:00,inference-2026-08-20T16-49-50Z-2025-06-06,timeseries.json,Phyto_Centrics,7
2000-04-21 00:00:00+00:00,inference-2026-08-20T16-49-50Z-2025-06-06,timeseries.json,Phyto_Centrics,13
2000-04-22 00:00:00+00:00,inference-2026-08-20T16-49-50Z-2025-06-06,timeseries.json,Phyto_Centrics,79
2000-04-23 00:00:00+00:00,inference-2026-08-20T16-49-50Z-2025-06-06,timeseries.json,Phyto_Centrics,102
2000-04-24 00:00:00+00:00,inference-2026-08-20T16-49-50Z-2025-06-06,timeseries.json,Phyto_Centrics,63
2000-04-25 00:00:00+00:00,inference-2026-08-20T16-49-50Z-2025-06-06,timeseries.json,Phyto_Centrics,22
2000-04-26 00:00:00+00:00,inference-2026-08-20T16-49-50Z-2025-06-06,timeseries.json,Phyto_Centrics,5
2000-04-27 00:00:00+00:00,inference-2026-08-20T16-49-50Z-2025-06-06,timeseries.json,Phyto_Centrics,23
2000-04-28 00:00:00+00:00,inference-2026-08-20T16-49-50Z-2025-06-06,timeseries.json,Phyto_Centrics,62
2000-04-29 00:00:00+00:00,inference-2026-08-20T16-49-50Z-2025-06-06,timeseries.json,Phyto_Centrics,71
2000-04-30 00:00:00+00:00,inference-2026-08-20T16-49-50Z-2025-06-06,timeseries.json,Phyto_Centrics,2
2000-05-01 00:00:00+00:00,inference-2026-08-20T16-49-50Z-2025-06-06,timeseries.json,Phyto_Centrics,10
2000-05-02 00:00:00+00:00,inference-2026-08-20T16-49-50Z-2025-06-06,timeseries.json,Phyto_Centrics,22
2000-05-03 00:00:00+00:00,inference-2026-08-20T16-49-50Z-2025-06-06,timeseries.json,Phyto_Centrics,124
2000-05-04 00:00:00+00:00,inference-2026-08-20T16-49-50Z-2025-06-06,timeseries.json,Phyto_Centrics,40
2000-05-05 00:00:00+00:00,inference-2026-08-20T16-49-50Z-2025-06-06,timeseries.json,Phyto_Centrics,2
2000-05-06 00:00:00+00:00,inference-2026-08-20T16-49-50Z-2025-06-06,timeseries.json,Phyto_Centrics,11
2000-05-07 00:00:00+00:00,inference-2026-08-20T16-49-50Z-2025-06-06,timeseries.json,Phyto_Centrics,7
2000-05-08 00:00:00+00:00,inference-2026-08-20T16-49-50Z-2025-06-06,timeseries.json,Phyto_Centrics,32
2000-05-09 00:00:00+00:00,inference-2026-08-20T16-49-50Z-2025-06-06,timeseries.json,Phyto_Centrics,29
2000-05-10 00:00:00+00:00,inference-2026-08-20T16-49-50Z-2025-06-06,timeseries.json,Phyto_Centrics,29
2000-05-11 00:00:00+00:00,inference-2026-08-20T16-49-50Z-2025-06-06,timeseries.json,Phyto_Centrics,0
2000-05-12 00:00:00+00:00,inference-2026-08-20T16-49-50Z-2025-06-06,timeseries.json,Phyto_Centrics,6
2000-05-13 00:00:00+00:00,inference-2026-08-20T16-49-50Z-2025-06-06,timeseries.json,Phyto_Centrics,5
2000-05-14 00:00:00+00:00,inference-2026-08-20T16-49-50Z-2025-06-06,timeseries.json,Phyto_Centrics,80
2000-05-15 00:00:00+00:00,inference-2026-08-20T16-49-50Z-2025-06-06,timeseries.json,Phyto_Centrics,2
2000-05-16 00:00:00+00:00,inference-2026-08-20T16-49-50Z-2025-06-06,timeseries.json,Phyto_Centrics,2
2000-05-17 00:00:00+00:00,inference-2026-08-20T16-49-50Z-2025-06-06,timeseries.json,Phyto_Centrics,1
2000-05-18 00:00:00+00:00,inference-2026-08-20T16-49-50Z-2025-06-06,timeseries.json,Phyto_Centrics,6
2000-05-19 00:00:00+00:00,inference-2026-08-20T16-49-50Z-2025-06-06,timeseries.json,Phyto_Centrics,8
2000-05-20 00:00:00+00:00,inference-2026-08-20T16-49-50Z-2025-06-06,timeseries.json,Phyto_Centrics,44
2000-05-21 00:00:00+00:00,inference-2026-08-20T16-49-50Z-2025-06-06,timeseries.json,Phyto_Centrics,26
2000-05-22 00:00:00+00:00,inference-2026-08-20T16-49-50Z-2025-06-06,timeseries.json,Phyto_Centrics,0
2000-05-23 00:00:00+00:00,inference-2026-08-20T16-49-50Z-2025-06-06,timeseries.json,Phyto_Centrics,9
2000-05-24 00:00:00+00:00,inference-2026-08-20T16-49-50Z-2025-06-06,timeseries.json,Phyto_Centrics,4
2000-05-25 00:00:00+00:00,inference-2026-08-20T16-49-50Z-2025-06-06,timeseries.json,Phyto_Centrics,54
2000-05-26 00:00:00+00:00,inference-2026-08-20T16-49-50Z-2025-06-06,timeseries.json,Phyto_Centrics,21
2000-05-27 00:00:00+00:00,inference-2026-08-20T16-49-50Z-2025-06-06,timeseries.json,Phyto_Centrics,8
2000-05-28 00:00:00+00:00,inference-2026-08-20T16-49-50Z-2025-06-06,timeseries.json,Phyto_Centrics,3
2000-05-29 00:00:00+00:00,inference-2026-08-20T16-49-50Z-2025-06-06,timeseries.json,Phyto_Centrics,9
2000-05-30 00:00:00+00:00,inference-2026-08-20T16-49-50Z-2025-06-06,timeseries.json,Phyto_Centrics,4
2000-05-31 00:00:00+00:00,inference-2026-08-20T16-49-50Z-2025-06-06,timeseries.json,Phyto_Centrics,12
2000-06-01 00:00:00+00:00,inference-2026-08-20T16-49-50Z-2025-06-06,timeseries.json,Phyto_Centrics,74
2000-06-02 00:00:00+00:00,inference-2026-08-20T16-49-50Z-2025-06-06,timeseries.json,Phyto_Centrics,14
2000-06-03 00:00:00+00:00,inference-2026-08-20T16-49-50Z-2025-06-06,timeseries.json,Phyto_Centrics,1
2000-06-04 00:00:00+00:00,inference-2026-08-20T16-49-50Z-2025-06-07,timeseries.json,Phyto_Centrics,4
2000-06-05 00:00:00+00:00,inference-2026-08-20T16-49-50Z-2025-06-07,timeseries.json,Phyto_Centrics,9
2000-06-06 00:00:00+00:00,inference-2026-08-20T16-49-50Z-2025-06-07,timeseries.json,Phyto_Centrics,5
2000-06-07 00:00:00+00:00,inference-2026-08-20T16-49-50Z-2025-06-07,timeseries.json,Phyto_Centrics,9
2000-06-08 00:00:00+00:00,inference-2026-08-20T16-49-50Z-2025-06-07,timeseries.json,Phyto_Centrics,131
2000-06-09 00:00:00+00:00,inference-2026-08-20T16-49-50Z-2025-06-07,timeseries.json,Phyto_Centrics,6
2000-06-10 00:00:00+00:00,inference-2026-08-20T16-49-50Z-2025-06-07,timeseries.json,Phyto_Centrics,2
2000-06-11 00:00:00+00:00,inference-2026-08-20T16-49-50Z-2025-06-07,timeseries.json,Phyto_Centrics,1
2000-06-12 00:00:00+00:00,inference-2026-08-20T16-49-50Z-2025-06-07,timeseries.json,Phyto_Centrics,3
2000-06-13 00:00:00+00:00,inference-2026-08-20T16-49-50Z-2025-06-07,timeseries.json,Phyto_Centrics,9
2000-06-14 00:00:00+00:00,inference-2026-08-20T16-49-50Z-2025-06-07,timeseries.json,Phyto_Centrics,3
2000-06-15 00:00:00+00:00,inference-2026-08-20T16-49-50Z-2025-06-07,timeseries.json,Phyto_Centrics,103
2000-06-16 00:00:00+00:00,inference-2026-08-20T16-49-50Z-2025-06-07,timeseries.json,Phyto_Centrics,1
2000-06-17 00:00:00+00:00,inference-2026-08-20T16-49-50Z-2025-06-07,timeseries.json,Phyto_Centrics,6
2000-06-18 00:00:00+00:00,inference-2026-08-20T16-49-50Z-2025-06-07,timeseries.json,Phyto_Centrics,1
2000-06-19 00:00:00+00:00,inference-2026-08-20T16-49-50Z-2025-06-07,timeseries.json,Phyto_Centrics,1
2000-06-20 00:00:00+00:00,inference-2026-08-20T16-49-50Z-2025-06-07,timeseries.json,Phyto_Centrics,107
2000-06-21 00:00:00+00:00,inference-2026-08-20T16-49-50Z-2025-06-07,timeseries.json,Phyto_Centrics,2
2000-06-22 00:00:00+00:00,inference-2026-08-20T16-49-50Z-2025-06-07,timeseries.json,Phyto_Centrics,2
2000-06-23 00:00:00+00:00,inference-2026-08-20T16-49-50Z-2025-06-07,timeseries.json,Phyto_Centrics,2
2000-06-24 00:00:00+00:00,inference-2026-08-20T16-49-50Z-2025-06-07,timeseries.json,Phyto_Centrics,8
2000-06-25 00:00:00+00:00,inference-2026-08-20T16-49-50Z-2025-06-07,timeseries.json,Phyto_Centrics,4
2000-06-26 00:00:00+00:00,inference-2026-08-20T16-49-50Z-2025-06-07,timeseries.json,Phyto_Centrics,78
2000-06-27 00:00:00+00:00,inference-2026-08-20T16-49-50Z-2025-06-07,timeseries.json,Phyto_Centrics,1
2000-06-28 00:00:00+00:00,inference-2026-08-20T16-49-50Z-2025-06-07,timeseries.json,Phyto_Centrics,2
2000-06-29 00:00:00+00:00,inference-2026-08-20T16-49-50Z-2025-06-07,timeseries.json,Phyto_Centrics,6
2000-06-30 00:00:00+00:00,inference-2026-08-20T16-49-50Z-2025-06-07,timeseries.json,Phyto_Centrics,26
2000-07-01 00:00:00+00:00,inference-2026-08-20T16-49-50Z-2025-06-07,timeseries.json,Phyto_Centrics,1
2000-07-02 00:00:00+00:00,inference-2026-08-20T16-49-50Z-2025-06-07,timeseries.json,Phyto_Centrics,1
2000-07-03 00:00:00+00:00,inference-2026-08-20T16-49-50Z-2025-06-07,timeseries.json,Phyto_Centrics,3
2000-07-04 00:00:00+00:00,inference-2026-08-20T16-49-50Z-2025-06-07,timeseries.json,Phyto_Centrics,83
2000-07-05 00:00:00+00:00,inference-2026-08-20T16-49-50Z-2025-06-07,timeseries.json,Phyto_Centrics,4
2000-07-06 00:00:00+00:00,inference-2026-08-20T16-49-50Z-2025-06-07,timeseries.json,Phyto_Centrics,2
2000-07-07 00:00:00+00:00,inference-2026-08-20T16-49-50Z-2025-06-07,timeseries.json,Phyto_Centrics,3
2000-07-08 00:00:00+00:00,inference-2026-08-20T16-49-50Z-2025-06-07,timeseries.json,Phyto_Centrics,5
2000-07-09 00:00:00+00:00,inference-2026-08-20T16-49-50Z-2025-06-07,timeseries.json,Phyto_Centrics,16
2000-07-10 00:00:00+00:00,inference-2026-08-20T16-49-50Z-2025-06-07,timeseries.json,Phyto_Centrics,1
2000-07-11 00:00:00+00:00,inference-2026-08-20T16-49-50Z-2025-06-07,timeseries.json,Phyto_Centrics,8
2000-07-12 00:00:00+00:00,inference-2026-08-20T16-49-50Z-2025-06-07,timeseries.json,Phyto_Centrics,1
2000-07-13 00:00:00+00:00,inference-2026-08-20T16-49-50Z-2025-06-07,timeseries.json,Phyto_Centrics,14
2000-07-14 00:00:00+00:00,inference-2026-08-20T16-49-50Z-2025-06-07,timeseries.json,Phyto_Centrics,7
2000-07-15 00:00:00+00:00,inference-2026-08-20T16-49-50Z-2025-06-07,timeseries.json,Phyto_Centrics,5
2000-07-16 00:00:00+00:00,inference-2026-08-20T16-49-50Z-2025-06-07,timeseries.json,Phyto_Centrics,55
2000-01-01 00:00:00+00:00,inference-2026-08-20T16-49-50Z-2025-06-05,timeseries.json,Tripos,55
2000-01-02 00:00:00+00:00,inference-2026-08-20T16-49-50Z-2025-06-05,timeseries.json,Tripos,64
2000-01-03 00:00:00+00:00,inference-2026-08-20T16-49-50Z-2025-06-05,timeseries.json,Tripos,423
2000-01-04 00:00:00+00:00,inference-2026-08-20T16-49-50Z-2025-06-05,timeseries.json,Tripos,36
2000-01-05 00:00:00+00:00,inference-2026-08-20T16-49-50Z-2025-06-05,timeseries.json,Tripos,54
2000-01-06 00:00:00+00:00,inference-2026-08-20T16-49-50Z-2025-06-05,timeseries.json,Tripos,34
2000-01-07 00:00:00+00:00,inference-2026-08-20T16-49-50Z-2025-06-05,timeseries.json,Tripos,28
2000-01-08 00:00:00+00:00,inference-2026-08-20T16-49-50Z-2025-06-05,timeseries.json,Tripos,39
2000-01-09 00:00:00+00:00,inference-2026-08-20T16-49-50Z-2025-06-05,timeseries.json,Tripos,41
2000-01-10 00:00:00+00:00,inference-2026-08-20T16-49-50Z-2025-06-05,timeseries.json,Tripos,25
2000-01-11 00:00:00+00:00,inference-2026-08-20T16-49-50Z-2025-06-05,timeseries.json,Tripos,44
2000-01-12 00:00:00+00:00,inference-2026-08-20T16-49-50Z-2025-06-06,timeseries.json,Tripos,11
2000-01-13 00:00:00+00:00,inference-2026-08-20T16-49-50Z-2025-06-06,timeseries.json,Tripos,2
2000-01-14 00:00:00+00:00,inference-2026-08-20T16-49-50Z-2025-06-06,timeseries.json,Tripos,25
2000-01-15 00:00:00+00:00,inference-2026-08-20T16-49-50Z-2025-06-06,timeseries.json,Tripos,42
2000-01-16 00:00:00+00:00,inference-2026-08-20T16-49-50Z-2025-06-06,timeseries.json,Tripos,57
2000-01-17 00:00:00+00:00,inference-2026-08-20T16-49-50Z-2025-06-06,timeseries.json,Tripos,308
2000-01-18 00:00:00+00:00,inference-2026-08-20T16-49-50Z-2025-06-06,timeseries.json,Tripos,9
2000-01-19 00:00:00+00:00,inference-2026-08-20T16-49-50Z-2025-06-06,timeseries.json,Tripos,46
2000-01-20 00:00:00+00:00,inference-2026-08-20T16-49-50Z-2025-06-06,timeseries.json,Tripos,3
2000-01-21 00:00:00+00:00,inference-2026-08-20T16-49-50Z-2025-06-06,timeseries.json,Tripos,44
2000-01-22 00:00:00+00:00,inference-2026-08-20T16-49-50Z-2025-06-06,timeseries.json,Tripos,70
2000-01-23 00:00:00+00:00,inference-2026-08-20T16-49-50Z-2025-06-06,timeseries.json,Tripos,59
2000-01-24 00:00:00+00:00,inference-2026-08-20T16-49-50Z-2025-06-06,timeseries.json,Tripos,68
2000-01-25 00:00:00+00:00,inference-2026-08-20T16-49-50Z-2025-06-06,timeseries.json,Tripos,51
2000-01-26 00:00:00+00:00,inference-2026-08-20T16-49-50Z-2025-06-06,timeseries.json,Tripos,102
2000-01-27 00:00:00+00:00,inference-2026-08-20T16-49-50Z-2025-06-06,timeseries.json,Tripos,210
2000-01-28 00:00:00+00:00,inference-2026-08-20T16-49-50Z-2025-06-06,timeseries.json,Tripos,252
2000-01-29 00:00:00+00:00,inference-2026-08-20T16-49-50Z-2025-06-06,timeseries.json,Tripos,54
2000-01-30 00:00:00+00:00,inference-2026-08-20T16-49-50Z-2025-06-06,timeseries.json,Tripos,7
2000-01-31 00:00:00+00:00,inference-2026-08-20T16-49-50Z-2025-06-06,timeseries.json,Tripos,23
2000-02-01 00:00:00+00:00,inference-2026-08-20T16-49-50Z-2025-06-06,timeseries.json,Tripos,12
2000-02-02 00:00:00+00:00,inference-2026-08-20T16-49-50Z-2025-06-06,timeseries.json,Tripos,25
2000-02-03 00:00:00+00:00,inference-2026-08-20T16-49-50Z-2025-06-06,timeseries.json,Tripos,17
2000-02-04 00:00:00+00:00,inference-2026-08-20T16-49-50Z-2025-06-06,timeseries.json,Tripos,16
2000-02-05 00:00:00+00:00,inference-2026-08-20T16-49-50Z-2025-06-06,timeseries.json,Tripos,15
2000-02-06 00:00:00+00:00,inference-2026-08-20T16-49-50Z-2025-06-06,timeseries.json,Tripos,436
2000-02-07 00:00:00+00:00,inference-2026-08-20T16-49-50Z-2025-06-06,timeseries.json,Tripos,3
2000-02-08 00:00:00+00:00,inference-2026-08-20T16-49-50Z-2025-06-06,timeseries.json,Tripos,31
2000-02-09 00:00:00+00:00,inference-2026-08-20T16-49-50Z-2025-06-06,timeseries.json,Tripos,2
2000-02-10 00:00:00+00:00,inference-2026-08-20T16-49-50Z-2025-06-06,timeseries.json,Tripos,27
2000-02-11 00:00:00+00:00,inference-2026-08-20T16-49-50Z-2025-06-06,timeseries.json,Tripos,28
2000-02-12 00:00:00+00:00,inference-2026-08-20T16-49-50Z-2025-06-06,timeseries.json,Tripos,268
2000-02-13 00:00:00+00:00,inference-2026-08-20T16-49-50Z-2025-06-06,timeseries.json,Tripos,69
2000-02-14 00:00:00+00:00,inference-2026-08-20T16-49-50Z-2025-06-06,timeseries.json,Tripos,0
2000-02-15 00:00:00+00:00,inference-2026-08-20T16-49-50Z-2025-06-06,timeseries.json,Tripos,15
2000-02-16 00:00:00+00:00,inference-2026-08-20T16-49-50Z-2025-06-06,timeseries.json,Tripos,19
2000-02-17 00:00:00+00:00,inference-2026-08-20T16-49-50Z-2025-06-06,timeseries.json,Tripos,290
2000-02-18 00:00:00+00:00,inference-2026-08-20T16-49-50Z-2025-06-06,timeseries.json,Tripos,5
2000-02-19 00:00:00+00:00,inference-2026-08-20T16-49-50Z-2025-06-06,timeseries.json,Tripos,200
2000-02-20 00:00:00+00:00,inference-2026-08-20T16-49-50Z-2025-06-06,timeseries.json,Tripos,10
2000-02-21 00:00:00+00:00,inference-2026-08-20T16-49-50Z-2025-06-06,timeseries.json,Tripos,7
2000-02-22 00:00:00+00:00,inference-2026-08-20T16-49-50Z-2025-06-06,timeseries.json,Tripos,12
2000-02-23 00:00:00+00:00,inference-2026-08-20T16-49-50Z-2025-06-06,timeseries.json,Tripos,17
2000-02-24 00:00:00+00:00,inference-2026-08-20T16-49-50Z-2025-06-06,timeseries.json,Tripos,333
2000-02-25 00:00:00+00:00,inference-2026-08-20T16-49-50Z-2025-06-06,timeseries.json,Tripos,26
2000-02-26 00:00:00+00:00,inference-2026-08-20T16-49-50Z-2025-06-06,timeseries.json,Tripos,4
2000-02-27 00:00:00+00:00,inference-2026-08-20T16-49-50Z-2025-06-06,timeseries.json,Tripos,9
2000-02-28 00:00:00+00:00,inference-2026-08-20T16-49-50Z-2025-06-06,timeseries.json,Tripos,13
2000-02-29 00:00:00+00:00,inference-2026-08-20T16-49-50Z-2025-06-06,timeseries.json,Tripos,18
2000-03-01 00:00:00+00:00,inference-2026-08-20T16-49-50Z-2025-06-06,timeseries.json,Tripos,74
2000-03-02 00:00:00+00:00,inference-2026-08-20T16-49-50Z-2025-06-06,timeseries.json,Tripos,71
2000-03-03 00:00:00+00:00,inference-2026-08-20T16-49-50Z-2025-06-06,timeseries.json,Tripos,8
2000-03-04 00:00:00+00:00,inference-2026-08-20T16-49-50Z-2025-06-06,timeseries.json,Tripos,0
2000-03-05 00:00:00+00:00,inference-2026-08-20T16-49-50Z-2025-06-06,timeseries.json,Tripos,4
2000-03-06 00:00:00+00:00,inference-2026-08-20T16-49-50Z-2025-06-06,timeseries.json,Tripos,3
2000-03-07 00:00:00+00:00,inference-2026-08-20T16-49-50Z-2025-06-06,timeseries.json,Tripos,14
2000-03-08 00:00:00+00:00,inference-2026-08-20T16-49-50Z-2025-06-06,timeseries.json,Tripos,10
2000-03-09 00:00:00+00:00,inference-2026-08-20T16-49-50Z-2025-06-06,timeseries.json,Tripos,18
2000-03-10 00:00:00+00:00,inference-2026-08-20T16-49-50Z-2025-06-06,timeseries.json,Tripos,72
2000-03-11 00:00:00+00:00,inference-2026-08-20T16-49-50Z-2025-06-06,timeseries.json,Tripos,4
2000-03-12 00:00:00+00:00,inference-2026-08-20T16-49-50Z-2025-06-06,timeseries.json,Tripos,78
2000-03-13 00:00:00+00:00,inference-2026-08-20T16-49-50Z-2025-06-06,timeseries.json,Tripos,39
2000-03-14 00:00:00+00:00,inference-2026-08-20T16-49-50Z-2025-06-06,timeseries.json,Tripos,34
2000-03-15 00:00:00+00:00,inference-2026-08-20T16-49-50Z-2025-06-06,timeseries.json,Tripos,424
2000-03-16 00:00:00+00:00,inference-2026-08-20T16-49-50Z-2025-06-06,timeseries.json,Tripos,1
2000-03-17 00:00:00+00:00,inference-2026-08-20T16-49-50Z-2025-06-06,timeseries.json,Tripos,0
2000-03-18 00:00:00+00:00,inference-2026-08-20T16-49-50Z-2025-06-06,timeseries.json,Tripos,1
2000-03-19 00:00:00+00:00,inference-2026-08-20T16-49-50Z-2025-06-06,timeseries.json,Tripos,24
2000-03-20 00:00:00+00:00,inference-2026-08-20T16-49-50Z-2025-06-06,timeseries.json,Tripos,2
2000-03-21 00:00:00+00:00,inference-2026-08-20T16-49-50Z-2025-06-06,timeseries.json,Tripos,17
2000-03-22 00:00:00+00:00,inference-2026-08-20T16-49-50Z-2025-06-06,timeseries.json,Tripos,652
2000-03-23 00:00:00+00:00,inference-2026-08-20T16-49-50Z-2025-06-06,timeseries.json,Tripos,8
2000-03-24 00:00:00+00:00,inference-2026-08-20T16-49-50Z-2025-06-06,timeseries.json,Tripos,62
2000-03-25 00:00:00+00:00,inference-2026-08-20T16-49-50Z-2025-06-06,timeseries.json,Tripos,172
2000-03-26 00:00:00+00:00,inference-2026-08-20T16-49-50Z-2025-06-06,timeseries.json,Tripos,25
2000-03-27 00:00:00+00:00,inference-2026-08-20T16-49-50Z-2025-06-06,timeseries.json,Tripos,26
2000-03-28 00:00:00+00:00,inference-2026-08-20T16-49-50Z-2025-06-06,timeseries.json,Tripos,43
2000-03-29 00:00:00+00:00,inference-2026-08-20T16-49-50Z-2025-06-06,timeseries.json,Tripos,79
2000-03-30 00:00:00+00:00,inference-2026-08-20T16-49-50Z-2025-06-06,timeseries.json,Tripos,9
2000-03-31 00:00:00+00:00,inference-2026-08-20T16-49-50Z-2025-06-06,timeseries.json,Tripos,2
2000-04-01 00:00:00+00:00,inference-2026-08-20T16-49-50Z-2025-06-06,timeseries.json,Tripos,5
2000-04-02 00:00:00+00:00,inference-2026-08-20T16-49-50Z-2025-06-06,timeseries.json,Tripos,2
2000-04-03 00:00:00+00:00,inference-2026-08-20T16-49-50Z-2025-06-06,timeseries.json,Tripos,27
2000-04-04 00:00:00+00:00,inference-2026-08-20T16-49-50Z-2025-06-06,timeseries.json,Tripos,36
2000-04-05 00:00:00+00:00,inference-2026-08-20T16-49-50Z-2025-06-06,timeseries.json,Tripos,37
2000-04-06 00:00:00+00:00,inference-2026-08-20T16-49-50Z-2025-06-06,timeseries.json,Tripos,386
2000-04-07 00:00:00+00:00,inference-2026-08-20T16-49-50Z-2025-06-06,timeseries.json,Tripos,3
2000-04-08 00:00:00+00:00,inference-2026-08-20T16-49-50Z-2025-06-06,timeseries.json,Tripos,1
2000-04-09 00:00:00+00:00,inference-2026-08-20T16-49-50Z-2025-06-06,timeseries.json,Tripos,40
2000-04-10 00:00:00+00:00,inference-2026-08-20T16-49-50Z-2025-06-06,timeseries.json,Tripos,39
2000-04-11 00:00:00+00:00,inference-2026-08-20T16-49-50Z-2025-06-06,timeseries.json,Tripos,41
2000-04-12 00:00:00+00:00,inference-2026-08-20T16-49-50Z-2025-06-06,timeseries.json,Tripos,89
2000-04-13 00:00:00+00:00,inference-2026-08-20T16-49-50Z-2025-06-06,timeseries.json,Tripos,985
2000-04-14 00:00:00+00:00,inference-2026-08-20T16-49-50Z-2025-06-06,timeseries.json,Tripos,1
2000-04-15 00:00:00+00:00,inference-2026-08-20T16-49-50Z-2025-06-06,timeseries.json,Tripos,66
2000-04-16 00:00:00+00:00,inference-2026-08-20T16-49-50Z-2025-06-06,timeseries.json,Tripos,51
2000-04-17 00:00:00+00:00,inference-2026-08-20T16-49-50Z-2025-06-06,timeseries.json,Tripos,367
2000-04-18 00:00:00+00:00,inference-2026-08-20T16-49-50Z-2025-06-06,timeseries.json,Tripos,338
2000-04-19 00:00:00+00:00,inference-2026-08-20T16-49-50Z-2025-06-06,timeseries.json,Tripos,36
2000-04-20 00:00:00+00:00,inference-2026-08-20T16-49-50Z-2025-06-06,timeseries.json,Tripos,47
2000-04-21 00:00:00+00:00,inference-2026-08-20T16-49-50Z-2025-06-06,timeseries.json,Tripos,50
2000-04-22 00:00:00+00:00,inference-2026-08-20T16-49-50Z-2025-06-06,timeseries.json,Tripos,408
2000-04-23 00:00:00+00:00,inference-2026-08-20T16-49-50Z-2025-06-06,timeseries.json,Tripos,522
2000-04-24 00:00:00+00:00,inference-2026-08-20T16-49-50Z-2025-06-06,timeseries.json,Tripos,331
2000-04-25 00:00:00+00:00,inference-2026-08-20T16-49-50Z-2025-06-06,timeseries.json,Tripos,61
2000-04-26 00:00:00+00:00,inference-2026-08-20T16-49-50Z-2025-06-06,timeseries.json,Tripos,37
2000-04-27 00:00:00+00:00,inference-2026-08-20T16-49-50Z-2025-06-06,timeseries.json,Tripos,82
2000-04-28 00:00:00+00:00,inference-2026-08-20T16-49-50Z-2025-06-06,timeseries.json,Tripos,132
2000-04-29 00:00:00+00:00,inference-2026-08-20T16-49-50Z-2025-06-06,timeseries.json,Tripos,194
2000-04-30 00:00:00+00:00,inference-2026-08-20T16-49-50Z-2025-06-06,timeseries.json,Tripos,4
2000-05-01 00:00:00+00:00,inference-2026-08-20T16-49-50Z-2025-06-06,timeseries.json,Tripos,50
2000-05-02 00:00:00+00:00,inference-2026-08-20T16-49-50Z-2025-06-06,timeseries.json,Tripos,41
2000-05-03 00:00:00+00:00,inference-2026-08-20T16-49-50Z-2025-06-06,timeseries.json,Tripos,304
2000-05-04 00:00:00+00:00,inference-2026-08-20T16-49-50Z-2025-06-06,timeseries.json,Tripos,153
2000-05-05 00:00:00+00:00,inference-2026-08-20T16-49-50Z-2025-06-06,timeseries.json,Tripos,2
2000-05-06 00:00:00+00:00,inference-2026-08-20T16-49-50Z-2025-06-06,timeseries.json,Tripos,72
2000-05-07 00:00:00+00:00,inference-2026-08-20T16-49-50Z-2025-06-06,timeseries.json,Tripos,56
2000-05-08 00:00:00+00:00,inference-2026-08-20T16-49-50Z-2025-06-06,timeseries.json,Tripos,153
2000-05-09 00:00:00+00:00,inference-2026-08-20T16-49-50Z-2025-06-06,timeseries.json,Tripos,109
2000-05-10 00:00:00+00:00,inference-2026-08-20T16-49-50Z-2025-06-06,timeseries.json,Tripos,49
2000-05-11 00:00:00+00:00,inference-2026-08-20T16-49-50Z-2025-06-06,timeseries.json,Tripos,8
2000-05-12 00:00:00+00:00,inference-2026-08-20T16-49-50Z-2025-06-06,timeseries.json,Tripos,37
2000-05-13 00:00:00+00:00,inference-2026-08-20T16-49-50Z-2025-06-06,timeseries.json,Tripos,30
2000-05-14 00:00:00+00:00,inference-2026-08-20T16-49-50Z-2025-06-06,timeseries.json,Tripos,387
2000-05-15 00:00:00+00:00,inference-2026-08-20T16-49-50Z-2025-06-06,timeseries.json,Tripos,0
2000-05-16 00:00:00+00:00,inference-2026-08-20T16-49-50Z-2025-06-06,timeseries.json,Tripos,5
2000-05-17 00:00:00+00:00,inference-2026-08-20T16-49-50Z-2025-06-06,timeseries.json,Tripos,37
2000-05-18 00:00:00+00:00,inference-2026-08-20T16-49-50Z-2025-06-06,timeseries.json,Tripos,18
2000-05-19 00:00:00+00:00,inference-2026-08-20T16-49-50Z-2025-06-06,timeseries.json,Tripos,31
2000-05-20 00:00:00+00:00,inference-2026-08-20T16-49-50Z-2025-06-06,timeseries.json,Tripos,238
2000-05-21 00:00:00+00:00,inference-2026-08-20T16-49-50Z-2025-06-06,timeseries.json,Tripos,92
2000-05-22 00:00:00+00:00,inference-2026-08-20T16-49-50Z-2025-06-06,timeseries.json,Tripos,1
2000-05-23 00:00:00+00:00,inference-2026-08-20T16-49-50Z-2025-06-06,timeseries.json,Tripos,32
2000-05-24 00:00:00+00:00,inference-2026-08-20T16-49-50Z-2025-06-06,timeseries.json,Tripos,29
2000-05-25 00:00:00+00:00,inference-2026-08-20T16-49-50Z-2025-06-06,timeseries.json,Tripos,172
2000-05-26 00:00:00+00:00,inference-2026-08-20T16-49-50Z-2025-06-06,timeseries.json,Tripos,24
2000-05-27 00:00:00+00:00,inference-2026-08-20T16-49-50Z-2025-06-06,timeseries.json,Tripos,5
2000-05-28 00:00:00+00:00,inference-2026-08-20T16-49-50Z-2025-06-06,timeseries.json,Tripos,24
2000-05-29 00:00:00+00:00,inference-2026-08-20T16-49-50Z-2025-06-06,timeseries.json,Tripos,20
2000-05-30 00:00:00+00:00,inference-2026-08-20T16-49-50Z-2025-06-06,timeseries.json,Tripos,15
2000-05-31 00:00:00+00:00,inference-2026-08-20T16-49-50Z-2025-06-06,timeseries.json,Tripos,36
2000-06-01 00:00:00+00:00,inference-2026-08-20T16-49-50Z-2025-06-06,timeseries.json,Tripos,204
2000-06-02 00:00:00+00:00,inference-2026-08-20T16-49-50Z-2025-06-06,timeseries.json,Tripos,7
2000-06-03 00:00:00+00:00,inference-2026-08-20T16-49-50Z-2025-06-06,timeseries.json,Tripos,1
2000-06-04 00:00:00+00:00,inference-2026-08-20T16-49-50Z-2025-06-07,timeseries.json,Tripos,8
2000-06-05 00:00:00+00:00,inference-2026-08-20T16-49-50Z-2025-06-07,timeseries.json,Tripos,18
2000-06-06 00:00:00+00:00,inference-2026-08-20T16-49-50Z-2025-06-07,timeseries.json,Tripos,13
2000-06-07 00:00:00+00:00,inference-2026-08-20T16-49-50Z-2025-06-07,timeseries.json,Tripos,27
2000-06-08 00:00:00+00:00,inference-2026-08-20T16-49-50Z-2025-06-07,timeseries.json,Tripos,483
2000-06-09 00:00:00+00:00,inference-2026-08-20T16-49-50Z-2025-06-07,timeseries.json,Tripos,6
2000-06-10 00:00:00+00:00,inference-2026-08-20T16-49-50Z-2025-06-07,timeseries.json,Tripos,3
2000-06-11 00:00:00+00:00,inference-2026-08-20T16-49-50Z-2025-06-07,timeseries.json,Tripos,4
2000-06-12 00:00:00+00:00,inference-2026-08-20T16-49-50Z-2025-06-07,timeseries.json,Tripos,16
2000-06-13 00:00:00+00:00,inference-2026-08-20T16-49-50Z-2025-06-07,timeseries.json,Tripos,5
2000-06-14 00:00:00+00:00,inference-2026-08-20T16-49-50Z-2025-06-07,timeseries.json,Tripos,9
2000-06-15 00:00:00+00:00,inference-2026-08-20T16-49-50Z-2025-06-07,timeseries.json,Tripos,325
2000-06-16 00:00:00+00:00,inference-2026-08-20T16-49-50Z-2025-06-07,timeseries.json,Tripos,0
2000-06-17 00:00:00+00:00,inference-2026-08-20T16-49-50Z-2025-06-07,timeseries.json,Tripos,2
2000-06-18 00:00:00+00:00,inference-2026-08-20T16-49-50Z-2025-06-07,timeseries.json,Tripos,3
2000-06-19 00:00:00+00:00,inference-2026-08-20T16-49-50Z-2025-06-07,timeseries.json,Tripos,8
2000-06-20 00:00:00+00:00,inference-2026-08-20T16-49-50Z-2025-06-07,timeseries.json,Tripos,282
2000-06-21 00:00:00+00:00,inference-2026-08-20T16-49-50Z-2025-06-07,timeseries.json,Tripos,2
2000-06-22 00:00:00+00:00,inference-2026-08-20T16-49-50Z-2025-06-07,timeseries.json,Tripos,1
2000-06-23 00:00:00+00:00,inference-2026-08-20T16-49-50Z-2025-06-07,timeseries.json,Tripos,0
2000-06-24 00:00:00+00:00,inference-2026-08-20T16-49-50Z-2025-06-07,timeseries.json,Tripos,10
2000-06-25 00:00:00+00:00,inference-2026-08-20T16-49-50Z-2025-06-07,timeseries.json,Tripos,6
2000-06-26 00:00:00+00:00,inference-2026-08-20T16-49-50Z-2025-06-07,timeseries.json,Tripos,196
2000-06-27 00:00:00+00:00,inference-2026-08-20T16-49-50Z-2025-06-07,timeseries.json,Tripos,10
2000-06-28 00:00:00+00:00,inference-2026-08-20T16-49-50Z-2025-06-07,timeseries.json,Tripos,6
2000-06-29 00:00:00+00:00,inference-2026-08-20T16-49-50Z-2025-06-07,timeseries.json,Tripos,16
2000-06-30 00:00:00+00:00,inference-2026-08-20T16-49-50Z-2025-06-07,timeseries.json,Tripos,66
2000-07-01 00:00:00+00:00,inference-2026-08-20T16-49-50Z-2025-06-07,timeseries.json,Tripos,13
2000-07-02 00:00:00+00:00,inference-2026-08-20T16-49-50Z-2025-06-07,timeseries.json,Tripos,6
2000-07-03 00:00:00+00:00,inference-2026-08-20T16-49-50Z-2025-06-07,timeseries.json,Tripos,7
2000-07-04 00:00:00+00:00,inference-2026-08-20T16-49-50Z-2025-06-07,timeseries.json,Tripos,205
2000-07-05 00:00:00+00:00,inference-2026-08-20T16-49-50Z-2025-06-07,timeseries.json,Tripos,3
2000-07-06 00:00:00+00:00,inference-2026-08-20T16-49-50Z-2025-06-07,timeseries.json,Tripos,1
2000-07-07 00:00:00+00:00,inference-2026-08-20T16-49-50Z-2025-06-07,timeseries.json,Tripos,23
2000-07-08 00:00:00+00:00,inference-2026-08-20T16-49-50Z-2025-06-07,timeseries.json,Tripos,16
2000-07-09 00:00:00+00:00,inference-2026-08-20T16-49-50Z-2025-06-07,timeseries.json,Tripos,91
2000-07-10 00:00:00+00:00,inference-2026-08-20T16-49-50Z-2025-06-07,timeseries.json,Tripos,4
2000-07-11 00:00:00+00:00,inference-2026-08-20T16-49-50Z-2025-06-07,timeseries.json,Tripos,18
2000-07-12 00:00:00+00:00,inference-2026-08-20T16-49-50Z-2025-06-07,timeseries.json,Tripos,12
2000-07-13 00:00:00+00:00,inference-2026-08-20T16-49-50Z-2025-06-07,timeseries.json,Tripos,16
2000-07-14 00:00:00+00:00,inference-2026-08-20T16-49-50Z-2025-06-07,timeseries.json,Tripos,20
2000-07-15 00:00:00+00:00,inference-2026-08-20T16-49-50Z-2025-06-07,timeseries.json,Tripos,23
2000-07-16 00:00:00+00:00,inference-2026-08-20T16-49-50Z-2025-06-07,timeseries.json,Tripos,260
2000-01-01 00:00:00+00:00,inference-2026-08-20T16-49-50Z-2025-06-05,timeseries.json,bubbles,37
2000-01-02 00:00:00+00:00,inference-2026-08-20T16-49-50Z-2025-06-05,timeseries.json,bubbles,41
2000-01-03 00:00:00+00:00,inference-2026-08-20T16-49-50Z-2025-06-05,timeseries.json,bubbles,820
2000-01-04 00:00:00+00:00,inference-2026-08-20T16-49-50Z-2025-06-05,timeseries.json,bubbles,59
2000-01-05 00:00:00+00:00,inference-2026-08-20T16-49-50Z-2025-06-05,timeseries.json,bubbles,34
2000-01-06 00:00:00+00:00,inference-2026-08-20T16-49-50Z-2025-06-05,timeseries.json,bubbles,34
2000-01-07 00:00:00+00:00,inference-2026-08-20T16-49-50Z-2025-06-05,timeseries.json,bubbles,61
2000-01-08 00:00:00+00:00,inference-2026-08-20T16-49-50Z-2025-06-05,timeseries.json,bubbles,43
2000-01-09 00:00:00+00:00,inference-2026-08-20T16-49-50Z-2025-06-05,timeseries.json,bubbles,40
2000-01-10 00:00:00+00:00,inference-2026-08-20T16-49-50Z-2025-06-05,timeseries.json,bubbles,43
2000-01-11 00:00:00+00:00,inference-2026-08-20T16-49-50Z-2025-06-05,timeseries.json,bubbles,33
2000-01-12 00:00:00+00:00,inference-2026-08-20T16-49-50Z-2025-06-06,timeseries.json,bubbles,7670
2000-01-13 00:00:00+00:00,inference-2026-08-20T16-49-50Z-2025-06-06,timeseries.json,bubbles,2031
2000-01-14 00:00:00+00:00,inference-2026-08-20T16-49-50Z-2025-06-06,timeseries.json,bubbles,92
2000-01-15 00:00:00+00:00,inference-2026-08-20T16-49-50Z-2025-06-06,timeseries.json,bubbles,11
2000-01-16 00:00:00+00:00,inference-2026-08-20T16-49-50Z-2025-06-06,timeseries.json,bubbles,10
2000-01-17 00:00:00+00:00,inference-2026-08-20T16-49-50Z-2025-06-06,timeseries.json,bubbles,76
2000-01-18 00:00:00+00:00,inference-2026-08-20T16-49-50Z-2025-06-06,timeseries.json,bubbles,9941
2000-01-19 00:00:00+00:00,inference-2026-08-20T16-49-50Z-2025-06-06,timeseries.json,bubbles,9789
2000-01-20 00:00:00+00:00,inference-2026-08-20T16-49-50Z-2025-06-06,timeseries.json,bubbles,3169
2000-01-21 00:00:00+00:00,inference-2026-08-20T16-49-50Z-2025-06-06,timeseries.json,bubbles,153
2000-01-22 00:00:00+00:00,inference-2026-08-20T16-49-50Z-2025-06-06,timeseries.json,bubbles,31
2000-01-23 00:00:00+00:00,inference-2026-08-20T16-49-50Z-2025-06-06,timeseries.json,bubbles,37
2000-01-24 00:00:00+00:00,inference-2026-08-20T16-49-50Z-2025-06-06,timeseries.json,bubbles,20
2000-01-25 00:00:00+00:00,inference-2026-08-20T16-49-50Z-2025-06-06,timeseries.json,bubbles,17
2000-01-26 00:00:00+00:00,inference-2026-08-20T16-49-50Z-2025-06-06,timeseries.json,bubbles,3005
2000-01-27 00:00:00+00:00,inference-2026-08-20T16-49-50Z-2025-06-06,timeseries.json,bubbles,1084
2000-01-28 00:00:00+00:00,inference-2026-08-20T16-49-50Z-2025-06-06,timeseries.json,bubbles,613
2000-01-29 00:00:00+00:00,inference-2026-08-20T16-49-50Z-2025-06-06,timeseries.json,bubbles,260
2000-01-30 00:00:00+00:00,inference-2026-08-20T16-49-50Z-2025-06-06,timeseries.json,bubbles,17
2000-01-31 00:00:00+00:00,inference-2026-08-20T16-49-50Z-2025-06-06,timeseries.json,bubbles,4
2000-02-01 00:00:00+00:00,inference-2026-08-20T16-49-50Z-2025-06-06,timeseries.json,bubbles,6
2000-02-02 00:00:00+00:00,inference-2026-08-20T16-49-50Z-2025-06-06,timeseries.json,bubbles,9
2000-02-03 00:00:00+00:00,inference-2026-08-20T16-49-50Z-2025-06-06,timeseries.json,bubbles,6
2000-02-04 00:00:00+00:00,inference-2026-08-20T16-49-50Z-2025-06-06,timeseries.json,bubbles,4
2000-02-05 00:00:00+00:00,inference-2026-08-20T16-49-50Z-2025-06-06,timeseries.json,bubbles,4
2000-02-06 00:00:00+00:00,inference-2026-08-20T16-49-50Z-2025-06-06,timeseries.json,bubbles,201
2000-02-07 00:00:00+00:00,inference-2026-08-20T16-49-50Z-2025-06-06,timeseries.json,bubbles,9102
2000-02-08 00:00:00+00:00,inference-2026-08-20T16-49-50Z-2025-06-06,timeseries.json,bubbles,6263
2000-02-09 00:00:00+00:00,inference-2026-08-20T16-49-50Z-2025-06-06,timeseries.json,bubbles,1538
2000-02-10 00:00:00+00:00,inference-2026-08-20T16-49-50Z-2025-06-06,timeseries.json,bubbles,46
2000-02-11 00:00:00+00:00,inference-2026-08-20T16-49-50Z-2025-06-06,timeseries.json,bubbles,4
2000-02-12 00:00:00+00:00,inference-2026-08-20T16-49-50Z-2025-06-06,timeseries.json,bubbles,301
2000-02-13 00:00:00+00:00,inference-2026-08-20T16-49-50Z-2025-06-06,timeseries.json,bubbles,1829
2000-02-14 00:00:00+00:00,inference-2026-08-20T16-49-50Z-2025-06-06,timeseries.json,bubbles,5667
2000-02-15 00:00:00+00:00,inference-2026-08-20T16-49-50Z-2025-06-06,timeseries.json,bubbles,45
2000-02-16 00:00:00+00:00,inference-2026-08-20T16-49-50Z-2025-06-06,timeseries.json,bubbles,9
2000-02-17 00:00:00+00:00,inference-2026-08-20T16-49-50Z-2025-06-06,timeseries.json,bubbles,306
2000-02-18 00:00:00+00:00,inference-2026-08-20T16-49-50Z-2025-06-06,timeseries.json,bubbles,540
2000-02-19 00:00:00+00:00,inference-2026-08-20T16-49-50Z-2025-06-06,timeseries.json,bubbles,3897
2000-02-20 00:00:00+00:00,inference-2026-08-20T16-49-50Z-2025-06-06,timeseries.json,bubbles,93
2000-02-21 00:00:00+00:00,inference-2026-08-20T16-49-50Z-2025-06-06,timeseries.json,bubbles,12
2000-02-22 00:00:00+00:00,inference-2026-08-20T16-49-50Z-2025-06-06,timeseries.json,bubbles,8
2000-02-23 00:00:00+00:00,inference-2026-08-20T16-49-50Z-2025-06-06,timeseries.json,bubbles,5
2000-02-24 00:00:00+00:00,inference-2026-08-20T16-49-50Z-2025-06-06,timeseries.json,bubbles,215
2000-02-25 00:00:00+00:00,inference-2026-08-20T16-49-50Z-2025-06-06,timeseries.json,bubbles,587
2000-02-26 00:00:00+00:00,inference-2026-08-20T16-49-50Z-2025-06-06,timeseries.json,bubbles,7353
2000-02-27 00:00:00+00:00,inference-2026-08-20T16-49-50Z-2025-06-06,timeseries.json,bubbles,147
2000-02-28 00:00:00+00:00,inference-2026-08-20T16-49-50Z-2025-06-06,timeseries.json,bubbles,13
2000-02-29 00:00:00+00:00,inference-2026-08-20T16-49-50Z-2025-06-06,timeseries.json,bubbles,8
2000-03-01 00:00:00+00:00,inference-2026-08-20T16-49-50Z-2025-06-06,timeseries.json,bubbles,3452
2000-03-02 00:00:00+00:00,inference-2026-08-20T16-49-50Z-2025-06-06,timeseries.json,bubbles,3677
2000-03-03 00:00:00+00:00,inference-2026-08-20T16-49-50Z-2025-06-06,timeseries.json,bubbles,8685
2000-03-04 00:00:00+00:00,inference-2026-08-20T16-49-50Z-2025-06-06,timeseries.json,bubbles,10257
2000-03-05 00:00:00+00:00,inference-2026-08-20T16-49-50Z-2025-06-06,timeseries.json,bubbles,9053
2000-03-06 00:00:00+00:00,inference-2026-08-20T16-49-50Z-2025-06-06,timeseries.json,bubbles,6479
2000-03-07 00:00:00+00:00,inference-2026-08-20T16-49-50Z-2025-06-06,timeseries.json,bubbles,72
2000-03-08 00:00:00+00:00,inference-2026-08-20T16-49-50Z-2025-06-06,timeseries.json,bubbles,3
2000-03-09 00:00:00+00:00,inference-2026-08-20T16-49-50Z-2025-06-06,timeseries.json,bubbles,9
2000-03-10 00:00:00+00:00,inference-2026-08-20T16-49-50Z-2025-06-06,timeseries.json,bubbles,8557
2000-03-11 00:00:00+00:00,inference-2026-08-20T16-49-50Z-2025-06-06,timeseries.json,bubbles,9183
2000-03-12 00:00:00+00:00,inference-2026-08-20T16-49-50Z-2025-06-06,timeseries.json,bubbles,4762
2000-03-13 00:00:00+00:00,inference-2026-08-20T16-49-50Z-2025-06-06,timeseries.json,bubbles,15
2000-03-14 00:00:00+00:00,inference-2026-08-20T16-49-50Z-2025-06-06,timeseries.json,bubbles,37
2000-03-15 00:00:00+00:00,inference-2026-08-20T16-49-50Z-2025-06-06,timeseries.json,bubbles,466
2000-03-16 00:00:00+00:00,inference-2026-08-20T16-49-50Z-2025-06-06,timeseries.json,bubbles,5638
2000-03-17 00:00:00+00:00,inference-2026-08-20T16-49-50Z-2025-06-06,timeseries.json,bubbles,6421
2000-03-18 00:00:00+00:00,inference-2026-08-20T16-49-50Z-2025-06-06,timeseries.json,bubbles,6086
2000-03-19 00:00:00+00:00,inference-2026-08-20T16-49-50Z-2025-06-06,timeseries.json,bubbles,17
2000-03-20 00:00:00+00:00,inference-2026-08-20T16-49-50Z-2025-06-06,timeseries.json,bubbles,163
2000-03-21 00:00:00+00:00,inference-2026-08-20T16-49-50Z-2025-06-06,timeseries.json,bubbles,12
2000-03-22 00:00:00+00:00,inference-2026-08-20T16-49-50Z-2025-06-06,timeseries.json,bubbles,830
2000-03-23 00:00:00+00:00,inference-2026-08-20T16-49-50Z-2025-06-06,timeseries.json,bubbles,9510
2000-03-24 00:00:00+00:00,inference-2026-08-20T16-49-50Z-2025-06-06,timeseries.json,bubbles,8370
2000-03-25 00:00:00+00:00,inference-2026-08-20T16-49-50Z-2025-06-06,timeseries.json,bubbles,4256
2000-03-26 00:00:00+00:00,inference-2026-08-20T16-49-50Z-2025-06-06,timeseries.json,bubbles,22
2000-03-27 00:00:00+00:00,inference-2026-08-20T16-49-50Z-2025-06-06,timeseries.json,bubbles,63
2000-03-28 00:00:00+00:00,inference-2026-08-20T16-49-50Z-2025-06-06,timeseries.json,bubbles,10
2000-03-29 00:00:00+00:00,inference-2026-08-20T16-49-50Z-2025-06-06,timeseries.json,bubbles,55
2000-03-30 00:00:00+00:00,inference-2026-08-20T16-49-50Z-2025-06-06,timeseries.json,bubbles,10598
2000-03-31 00:00:00+00:00,inference-2026-08-20T16-49-50Z-2025-06-06,timeseries.json,bubbles,10594
2000-04-01 00:00:00+00:00,inference-2026-08-20T16-49-50Z-2025-06-06,timeseries.json,bubbles,8598
2000-04-02 00:00:00+00:00,inference-2026-08-20T16-49-50Z-2025-06-06,timeseries.json,bubbles,828
2000-04-03 00:00:00+00:00,inference-2026-08-20T16-49-50Z-2025-06-06,timeseries.json,bubbles,25
2000-04-04 00:00:00+00:00,inference-2026-08-20T16-49-50Z-2025-06-06,timeseries.json,bubbles,23
2000-04-05 00:00:00+00:00,inference-2026-08-20T16-49-50Z-2025-06-06,timeseries.json,bubbles,5
2000-04-06 00:00:00+00:00,inference-2026-08-20T16-49-50Z-2025-06-06,timeseries.json,bubbles,4173
2000-04-07 00:00:00+00:00,inference-2026-08-20T16-49-50Z-2025-06-06,timeseries.json,bubbles,10207
2000-04-08 00:00:00+00:00,inference-2026-08-20T16-49-50Z-2025-06-06,timeseries.json,bubbles,4473
2000-04-09 00:00:00+00:00,inference-2026-08-20T16-49-50Z-2025-06-06,timeseries.json,bubbles,44
2000-04-10 00:00:00+00:00,inference-2026-08-20T16-49-50Z-2025-06-06,timeseries.json,bubbles,8
2000-04-11 00:00:00+00:00,inference-2026-08-20T16-49-50Z-2025-06-06,timeseries.json,bubbles,55
2000-04-12 00:00:00+00:00,inference-2026-08-20T16-49-50Z-2025-06-06,timeseries.json,bubbles,1837
2000-04-13 00:00:00+00:00,inference-2026-08-20T16-49-50Z-2025-06-06,timeseries.json,bubbles,365
2000-04-14 00:00:00+00:00,inference-2026-08-20T16-49-50Z-2025-06-06,timeseries.json,bubbles,1625
2000-04-15 00:00:00+00:00,inference-2026-08-20T16-49-50Z-2025-06-06,timeseries.json,bubbles,44
2000-04-16 00:00:00+00:00,inference-2026-08-20T16-49-50Z-2025-06-06,timeseries.json,bubbles,35
2000-04-17 00:00:00+00:00,inference-2026-08-20T16-49-50Z-2025-06-06,timeseries.json,bubbles,371
2000-04-18 00:00:00+00:00,inference-2026-08-20T16-49-50Z-2025-06-06,timeseries.json,bubbles,4816
2000-04-19 00:00:00+00:00,inference-2026-08-20T16-49-50Z-2025-06-06,timeseries.json,bubbles,5084
2000-04-20 00:00:00+00:00,inference-2026-08-20T16-49-50Z-2025-06-06,timeseries.json,bubbles,59
2000-04-21 00:00:00+00:00,inference-2026-08-20T16-49-50Z-2025-06-06,timeseries.json,bubbles,9
2000-04-22 00:00:00+00:00,inference-2026-08-20T16-49-50Z-2025-06-06,timeseries.json,bubbles,1018
2000-04-23 00:00:00+00:00,inference-2026-08-20T16-49-50Z-2025-06-06,timeseries.json,bubbles,3647
2000-04-24 00:00:00+00:00,inference-2026-08-20T16-49-50Z-2025-06-06,timeseries.json,bubbles,3117
2000-04-25 00:00:00+00:00,inference-2026-08-20T16-49-50Z-2025-06-06,timeseries.json,bubbles,9528
2000-04-26 00:00:00+00:00,inference-2026-08-20T16-49-50Z-2025-06-06,timeseries.json,bubbles,1625
2000-04-27 00:00:00+00:00,inference-2026-08-20T16-49-50Z-2025-06-06,timeseries.json,bubbles,1660
2000-04-28 00:00:00+00:00,inference-2026-08-20T16-49-50Z-2025-06-06,timeseries.json,bubbles,2208
2000-04-29 00:00:00+00:00,inference-2026-08-20T16-49-50Z-2025-06-06,timeseries.json,bubbles,2369
2000-04-30 00:00:00+00:00,inference-2026-08-20T16-49-50Z-2025-06-06,timeseries.json,bubbles,3308
2000-05-01 00:00:00+00:00,inference-2026-08-20T16-49-50Z-2025-06-06,timeseries.json,bubbles,74
2000-05-02 00:00:00+00:00,inference-2026-08-20T16-49-50Z-2025-06-06,timeseries.json,bubbles,39
2000-05-03 00:00:00+00:00,inference-2026-08-20T16-49-50Z-2025-06-06,timeseries.json,bubbles,328
2000-05-04 00:00:00+00:00,inference-2026-08-20T16-49-50Z-2025-06-06,timeseries.json,bubbles,1526
2000-05-05 00:00:00+00:00,inference-2026-08-20T16-49-50Z-2025-06-06,timeseries.json,bubbles,6131
2000-05-06 00:00:00+00:00,inference-2026-08-20T16-49-50Z-2025-06-06,timeseries.json,bubbles,45
2000-05-07 00:00:00+00:00,inference-2026-08-20T16-49-50Z-2025-06-06,timeseries.json,bubbles,40
2000-05-08 00:00:00+00:00,inference-2026-08-20T16-49-50Z-2025-06-06,timeseries.json,bubbles,112
2000-05-09 00:00:00+00:00,inference-2026-08-20T16-49-50Z-2025-06-06,timeseries.json,bubbles,1605
2000-05-10 00:00:00+00:00,inference-2026-08-20T16-49-50Z-2025-06-06,timeseries.json,bubbles,8748
2000-05-11 00:00:00+00:00,inference-2026-08-20T16-49-50Z-2025-06-06,timeseries.json,bubbles,1421
2000-05-12 00:00:00+00:00,inference-2026-08-20T16-49-50Z-2025-06-06,timeseries.json,bubbles,65
2000-05-13 00:00:00+00:00,inference-2026-08-20T16-49-50Z-2025-06-06,timeseries.json,bubbles,37
2000-05-14 00:00:00+00:00,inference-2026-08-20T16-49-50Z-2025-06-06,timeseries.json,bubbles,819
2000-05-15 00:00:00+00:00,inference-2026-08-20T16-49-50Z-2025-06-06,timeseries.json,bubbles,9321
2000-05-16 00:00:00+00:00,inference-2026-08-20T16-49-50Z-2025-06-06,timeseries.json,bubbles,6287
2000-05-17 00:00:00+00:00,inference-2026-08-20T16-49-50Z-2025-06-06,timeseries.json,bubbles,164
2000-05-18 00:00:00+00:00,inference-2026-08-20T16-49-50Z-2025-06-06,timeseries.json,bubbles,245
2000-05-19 00:00:00+00:00,inference-2026-08-20T16-49-50Z-2025-06-06,timeseries.json,bubbles,58
2000-05-20 00:00:00+00:00,inference-2026-08-20T16-49-50Z-2025-06-06,timeseries.json,bubbles,1290
2000-05-21 00:00:00+00:00,inference-2026-08-20T16-49-50Z-2025-06-06,timeseries.json,bubbles,6528
2000-05-22 00:00:00+00:00,inference-2026-08-20T16-49-50Z-2025-06-06,timeseries.json,bubbles,1632
2000-05-23 00:00:00+00:00,inference-2026-08-20T16-49-50Z-2025-06-06,timeseries.json,bubbles,36
2000-05-24 00:00:00+00:00,inference-2026-08-20T16-49-50Z-2025-06-06,timeseries.json,bubbles,45
2000-05-25 00:00:00+00:00,inference-2026-08-20T16-49-50Z-2025-06-06,timeseries.json,bubbles,479
2000-05-26 00:00:00+00:00,inference-2026-08-20T16-49-50Z-2025-06-06,timeseries.json,bubbles,7322
2000-05-27 00:00:00+00:00,inference-2026-08-20T16-49-50Z-2025-06-06,timeseries.json,bubbles,6968
2000-05-28 00:00:00+00:00,inference-2026-08-20T16-49-50Z-2025-06-06,timeseries.json,bubbles,2448
2000-05-29 00:00:00+00:00,inference-2026-08-20T16-49-50Z-2025-06-06,timeseries.json,bubbles,113
2000-05-30 00:00:00+00:00,inference-2026-08-20T16-49-50Z-2025-06-06,timeseries.json,bubbles,85
2000-05-31 00:00:00+00:00,inference-2026-08-20T16-49-50Z-2025-06-06,timeseries.json,bubbles,75
2000-06-01 00:00:00+00:00,inference-2026-08-20T16-49-50Z-2025-06-06,timeseries.json,bubbles,4786
2000-06-02 00:00:00+00:00,inference-2026-08-20T16-49-50Z-2025-06-06,timeseries.json,bubbles,8719
2000-06-03 00:00:00+00:00,inference-2026-08-20T16-49-50Z-2025-06-06,timeseries.json,bubbles,4830
2000-06-04 00:00:00+00:00,inference-2026-08-20T16-49-50Z-2025-06-07,timeseries.json,bubbles,1952
2000-06-05 00:00:00+00:00,inference-2026-08-20T16-49-50Z-2025-06-07,timeseries.json,bubbles,158
2000-06-06 00:00:00+00:00,inference-2026-08-20T16-49-50Z-2025-06-07,timeseries.json,bubbles,34
2000-06-07 00:00:00+00:00,inference-2026-08-20T16-49-50Z-2025-06-07,timeseries.json,bubbles,85
2000-06-08 00:00:00+00:00,inference-2026-08-20T16-49-50Z-2025-06-07,timeseries.json,bubbles,1407
2000-06-09 00:00:00+00:00,inference-2026-08-20T16-49-50Z-2025-06-07,timeseries.json,bubbles,8906
2000-06-10 00:00:00+00:00,inference-2026-08-20T16-49-50Z-2025-06-07,timeseries.json,bubbles,8749
2000-06-11 00:00:00+00:00,inference-2026-08-20T16-49-50Z-2025-06-07,timeseries.json,bubbles,244
2000-06-12 00:00:00+00:00,inference-2026-08-20T16-49-50Z-2025-06-07,timeseries.json,bubbles,61
2000-06-13 00:00:00+00:00,inference-2026-08-20T16-49-50Z-2025-06-07,timeseries.json,bubbles,320
2000-06-14 00:00:00+00:00,inference-2026-08-20T16-49-50Z-2025-06-07,timeseries.json,bubbles,40
2000-06-15 00:00:00+00:00,inference-2026-08-20T16-49-50Z-2025-06-07,timeseries.json,bubbles,1679
2000-06-16 00:00:00+00:00,inference-2026-08-20T16-49-50Z-2025-06-07,timeseries.json,bubbles,9333
2000-06-17 00:00:00+00:00,inference-2026-08-20T16-49-50Z-2025-06-07,timeseries.json,bubbles,9562
2000-06-18 00:00:00+00:00,inference-2026-08-20T16-49-50Z-2025-06-07,timeseries.json,bubbles,267
2000-06-19 00:00:00+00:00,inference-2026-08-20T16-49-50Z-2025-06-07,timeseries.json,bubbles,30
2000-06-20 00:00:00+00:00,inference-2026-08-20T16-49-50Z-2025-06-07,timeseries.json,bubbles,1893
2000-06-21 00:00:00+00:00,inference-2026-08-20T16-49-50Z-2025-06-07,timeseries.json,bubbles,9644
2000-06-22 00:00:00+00:00,inference-2026-08-20T16-49-50Z-2025-06-07,timeseries.json,bubbles,10335
2000-06-23 00:00:00+00:00,inference-2026-08-20T16-49-50Z-2025-06-07,timeseries.json,bubbles,2876
2000-06-24 00:00:00+00:00,inference-2026-08-20T16-49-50Z-2025-06-07,timeseries.json,bubbles,63
2000-06-25 00:00:00+00:00,inference-2026-08-20T16-49-50Z-2025-06-07,timeseries.json,bubbles,114
2000-06-26 00:00:00+00:00,inference-2026-08-20T16-49-50Z-2025-06-07,timeseries.json,bubbles,1375
2000-06-27 00:00:00+00:00,inference-2026-08-20T16-49-50Z-2025-06-07,timeseries.json,bubbles,489
2000-06-28 00:00:00+00:00,inference-2026-08-20T16-49-50Z-2025-06-07,timeseries.json,bubbles,211
2000-06-29 00:00:00+00:00,inference-2026-08-20T16-49-50Z-2025-06-07,timeseries.json,bubbles,488
2000-06-30 00:00:00+00:00,inference-2026-08-20T16-49-50Z-2025-06-07,timeseries.json,bubbles,3659
2000-07-01 00:00:00+00:00,inference-2026-08-20T16-49-50Z-2025-06-07,timeseries.json,bubbles,38
2000-07-02 00:00:00+00:00,inference-2026-08-20T16-49-50Z-2025-06-07,timeseries.json,bubbles,41
2000-07-03 00:00:00+00:00,inference-2026-08-20T16-49-50Z-2025-06-07,timeseries.json,bubbles,51
2000-07-04 00:00:00+00:00,inference-2026-08-20T16-49-50Z-2025-06-07,timeseries.json,bubbles,2685
2000-07-05 00:00:00+00:00,inference-2026-08-20T16-49-50Z-2025-06-07,timeseries.json,bubbles,4109
2000-07-06 00:00:00+00:00,inference-2026-08-20T16-49-50Z-2025-06-07,timeseries.json,bubbles,3733
2000-07-07 00:00:00+00:00,inference-2026-08-20T16-49-50Z-2025-06-07,timeseries.json,bubbles,53
2000-07-08 00:00:00+00:00,inference-2026-08-20T16-49-50Z-2025-06-07,timeseries.json,bubbles,63
2000-07-09 00:00:00+00:00,inference-2026-08-20T16-49-50Z-2025-06-07,timeseries.json,bubbles,342
2000-07-10 00:00:00+00:00,inference-2026-08-20T16-49-50Z-2025-06-07,timeseries.json,bubbles,2851
2000-07-11 00:00:00+00:00,inference-2026-08-20T16-49-50Z-2025-06-07,timeseries.json,bubbles,4339
2000-07-12 00:00:00+00:00,inference-2026-08-20T16-49-50Z-2025-06-07,timeseries.json,bubbles,449
2000-07-13 00:00:00+00:00,inference-2026-08-20T16-49-50Z-2025-06-07,timeseries.json,bubbles,96
2000-07-14 00:00:00+00:00,inference-2026-08-20T16-49-50Z-2025-06-07,timeseries.json,bubbles,32
2000-07-15 00:00:00+00:00,inference-2026-08-20T16-49-50Z-2025-06-07,timeseries.json,bubbles,66
2000-07-16 00:00:00+00:00,inference-2026-08-20T16-49-50Z-2025-06-07,timeseries.json,bubbles,579
2000-01-01 00:00:00+00:00,inference-2026-08-20T16-49-50Z-2025-06-05,timeseries.json,copepods,12
2000-01-02 00:00:00+00:00,inference-2026-08-20T16-49-50Z-2025-06-05,timeseries.json,copepods,4
2000-01-03 00:00:00+00:00,inference-2026-08-20T16-49-50Z-2025-06-05,timeseries.json,copepods,35
2000-01-04 00:00:00+00:00,inference-2026-08-20T16-49-50Z-2025-06-05,timeseries.json,copepods,0
2000-01-05 00:00:00+00:00,inference-2026-08-20T16-49-50Z-2025-06-05,timeseries.json,copepods,1
2000-01-06 00:00:00+00:00,inference-2026-08-20T16-49-50Z-2025-06-05,timeseries.json,copepods,2
2000-01-07 00:00:00+00:00,inference-2026-08-20T16-49-50Z-2025-06-05,timeseries.json,copepods,0
2000-01-08 00:00:00+00:00,inference-2026-08-20T16-49-50Z-2025-06-05,timeseries.json,copepods,4
2000-01-09 00:00:00+00:00,inference-2026-08-20T16-49-50Z-2025-06-05,timeseries.json,copepods,6
2000-01-10 00:00:00+00:00,inference-2026-08-20T16-49-50Z-2025-06-05,timeseries.json,copepods,2
2000-01-11 00:00:00+00:00,inference-2026-08-20T16-49-50Z-2025-06-05,timeseries.json,copepods,2
2000-01-12 00:00:00+00:00,inference-2026-08-20T16-49-50Z-2025-06-06,timeseries.json,copepods,1
2000-01-13 00:00:00+00:00,inference-2026-08-20T16-49-50Z-2025-06-06,timeseries.json,copepods,0
2000-01-14 00:00:00+00:00,inference-2026-08-20T16-49-50Z-2025-06-06,timeseries.json,copepods,7
2000-01-15 00:00:00+00:00,inference-2026-08-20T16-49-50Z-2025-06-06,timeseries.json,copepods,8
2000-01-16 00:00:00+00:00,inference-2026-08-20T16-49-50Z-2025-06-06,timeseries.json,copepods,9
2000-01-17 00:00:00+00:00,inference-2026-08-20T16-49-50Z-2025-06-06,timeseries.json,copepods,110
2000-01-18 00:00:00+00:00,inference-2026-08-20T16-49-50Z-2025-06-06,timeseries.json,copepods,8
2000-01-19 00:00:00+00:00,inference-2026-08-20T16-49-50Z-2025-06-06,timeseries.json,copepods,17
2000-01-20 00:00:00+00:00,inference-2026-08-20T16-49-50Z-2025-06-06,timeseries.json,copepods,3
2000-01-21 00:00:00+00:00,inference-2026-08-20T16-49-50Z-2025-06-06,timeseries.json,copepods,7
2000-01-22 00:00:00+00:00,inference-2026-08-20T16-49-50Z-2025-06-06,timeseries.json,copepods,20
2000-01-23 00:00:00+00:00,inference-2026-08-20T16-49-50Z-2025-06-06,timeseries.json,copepods,17
2000-01-24 00:00:00+00:00,inference-2026-08-20T16-49-50Z-2025-06-06,timeseries.json,copepods,23
2000-01-25 00:00:00+00:00,inference-2026-08-20T16-49-50Z-2025-06-06,timeseries.json,copepods,6
2000-01-26 00:00:00+00:00,inference-2026-08-20T16-49-50Z-2025-06-06,timeseries.json,copepods,26
2000-01-27 00:00:00+00:00,inference-2026-08-20T16-49-50Z-2025-06-06,timeseries.json,copepods,109
2000-01-28 00:00:00+00:00,inference-2026-08-20T16-49-50Z-2025-06-06,timeseries.json,copepods,91
2000-01-29 00:00:00+00:00,inference-2026-08-20T16-49-50Z-2025-06-06,timeseries.json,copepods,21
2000-01-30 00:00:00+00:00,inference-2026-08-20T16-49-50Z-2025-06-06,timeseries.json,copepods,7
2000-01-31 00:00:00+00:00,inference-2026-08-20T16-49-50Z-2025-06-06,timeseries.json,copepods,12
2000-02-01 00:00:00+00:00,inference-2026-08-20T16-49-50Z-2025-06-06,timeseries.json,copepods,3
2000-02-02 00:00:00+00:00,inference-2026-08-20T16-49-50Z-2025-06-06,timeseries.json,copepods,6
2000-02-03 00:00:00+00:00,inference-2026-08-20T16-49-50Z-2025-06-06,timeseries.json,copepods,5
2000-02-04 00:00:00+00:00,inference-2026-08-20T16-49-50Z-2025-06-06,timeseries.json,copepods,8
2000-02-05 00:00:00+00:00,inference-2026-08-20T16-49-50Z-2025-06-06,timeseries.json,copepods,11
2000-02-06 00:00:00+00:00,inference-2026-08-20T16-49-50Z-2025-06-06,timeseries.json,copepods,139
2000-02-07 00:00:00+00:00,inference-2026-08-20T16-49-50Z-2025-06-06,timeseries.json,copepods,0
2000-02-08 00:00:00+00:00,inference-2026-08-20T16-49-50Z-2025-06-06,timeseries.json,copepods,8
2000-02-09 00:00:00+00:00,inference-2026-08-20T16-49-50Z-2025-06-06,timeseries.json,copepods,1
2000-02-10 00:00:00+00:00,inference-2026-08-20T16-49-50Z-2025-06-06,timeseries.json,copepods,13
2000-02-11 00:00:00+00:00,inference-2026-08-20T16-49-50Z-2025-06-06,timeseries.json,copepods,18
2000-02-12 00:00:00+00:00,inference-2026-08-20T16-49-50Z-2025-06-06,timeseries.json,copepods,113
2000-02-13 00:00:00+00:00,inference-2026-08-20T16-49-50Z-2025-06-06,timeseries.json,copepods,40
2000-02-14 00:00:00+00:00,inference-2026-08-20T16-49-50Z-2025-06-06,timeseries.json,copepods,2
2000-02-15 00:00:00+00:00,inference-2026-08-20T16-49-50Z-2025-06-06,timeseries.json,copepods,8
2000-02-16 00:00:00+00:00,inference-2026-08-20T16-49-50Z-2025-06-06,timeseries.json,copepods,8
2000-02-17 00:00:00+00:00,inference-2026-08-20T16-49-50Z-2025-06-06,timeseries.json,copepods,154
2000-02-18 00:00:00+00:00,inference-2026-08-20T16-49-50Z-2025-06-06,timeseries.json,copepods,5
2000-02-19 00:00:00+00:00,inference-2026-08-20T16-49-50Z-2025-06-06,timeseries.json,copepods,82
2000-02-20 00:00:00+00:00,inference-2026-08-20T16-49-50Z-2025-06-06,timeseries.json,copepods,5
2000-02-21 00:00:00+00:00,inference-2026-08-20T16-49-50Z-2025-06-06,timeseries.json,copepods,6
2000-02-22 00:00:00+00:00,inference-2026-08-20T16-49-50Z-2025-06-06,timeseries.json,copepods,4
2000-02-23 00:00:00+00:00,inference-2026-08-20T16-49-50Z-2025-06-06,timeseries.json,copepods,9
2000-02-24 00:00:00+00:00,inference-2026-08-20T16-49-50Z-2025-06-06,timeseries.json,copepods,172
2000-02-25 00:00:00+00:00,inference-2026-08-20T16-49-50Z-2025-06-06,timeseries.json,copepods,12
2000-02-26 00:00:00+00:00,inference-2026-08-20T16-49-50Z-2025-06-06,timeseries.json,copepods,1
2000-02-27 00:00:00+00:00,inference-2026-08-20T16-49-50Z-2025-06-06,timeseries.json,copepods,4
2000-02-28 00:00:00+00:00,inference-2026-08-20T16-49-50Z-2025-06-06,timeseries.json,copepods,6
2000-02-29 00:00:00+00:00,inference-2026-08-20T16-49-50Z-2025-06-06,timeseries.json,copepods,6
2000-03-01 00:00:00+00:00,inference-2026-08-20T16-49-50Z-2025-06-06,timeseries.json,copepods,47
2000-03-02 00:00:00+00:00,inference-2026-08-20T16-49-50Z-2025-06-06,timeseries.json,copepods,54
2000-03-03 00:00:00+00:00,inference-2026-08-20T16-49-50Z-2025-06-06,timeseries.json,copepods,8
2000-03-04 00:00:00+00:00,inference-2026-08-20T16-49-50Z-2025-06-06,timeseries.json,copepods,0
2000-03-05 00:00:00+00:00,inference-2026-08-20T16-49-50Z-2025-06-06,timeseries.json,copepods,1
2000-03-06 00:00:00+00:00,inference-2026-08-20T16-49-50Z-2025-06-06,timeseries.json,copepods,0
2000-03-07 00:00:00+00:00,inference-2026-08-20T16-49-50Z-2025-06-06,timeseries.json,copepods,10
2000-03-08 00:00:00+00:00,inference-2026-08-20T16-49-50Z-2025-06-06,timeseries.json,copepods,8
2000-03-09 00:00:00+00:00,inference-2026-08-20T16-49-50Z-2025-06-06,timeseries.json,copepods,8
2000-03-10 00:00:00+00:00,inference-2026-08-20T16-49-50Z-2025-06-06,timeseries.json,copepods,33
2000-03-11 00:00:00+00:00,inference-2026-08-20T16-49-50Z-2025-06-06,timeseries.json,copepods,0
2000-03-12 00:00:00+00:00,inference-2026-08-20T16-49-50Z-2025-06-06,timeseries.json,copepods,23
2000-03-13 00:00:00+00:00,inference-2026-08-20T16-49-50Z-2025-06-06,timeseries.json,copepods,11
2000-03-14 00:00:00+00:00,inference-2026-08-20T16-49-50Z-2025-06-06,timeseries.json,copepods,13
2000-03-15 00:00:00+00:00,inference-2026-08-20T16-49-50Z-2025-06-06,timeseries.json,copepods,193
2000-03-16 00:00:00+00:00,inference-2026-08-20T16-49-50Z-2025-06-06,timeseries.json,copepods,1
2000-03-17 00:00:00+00:00,inference-2026-08-20T16-49-50Z-2025-06-06,timeseries.json,copepods,0
2000-03-18 00:00:00+00:00,inference-2026-08-20T16-49-50Z-2025-06-06,timeseries.json,copepods,0
2000-03-19 00:00:00+00:00,inference-2026-08-20T16-49-50Z-2025-06-06,timeseries.json,copepods,10
2000-03-20 00:00:00+00:00,inference-2026-08-20T16-49-50Z-2025-06-06,timeseries.json,copepods,0
2000-03-21 00:00:00+00:00,inference-2026-08-20T16-49-50Z-2025-06-06,timeseries.json,copepods,8
2000-03-22 00:00:00+00:00,inference-2026-08-20T16-49-50Z-2025-06-06,timeseries.json,copepods,240
2000-03-23 00:00:00+00:00,inference-2026-08-20T16-49-50Z-2025-06-06,timeseries.json,copepods,1
2000-03-24 00:00:00+00:00,inference-2026-08-20T16-49-50Z-2025-06-06,timeseries.json,copepods,9
2000-03-25 00:00:00+00:00,inference-2026-08-20T16-49-50Z-2025-06-06,timeseries.json,copepods,44
2000-03-26 00:00:00+00:00,inference-2026-08-20T16-49-50Z-2025-06-06,timeseries.json,copepods,7
2000-03-27 00:00:00+00:00,inference-2026-08-20T16-49-50Z-2025-06-06,timeseries.json,copepods,15
2000-03-28 00:00:00+00:00,inference-2026-08-20T16-49-50Z-2025-06-06,timeseries.json,copepods,10
2000-03-29 00:00:00+00:00,inference-2026-08-20T16-49-50Z-2025-06-06,timeseries.json,copepods,30
2000-03-30 00:00:00+00:00,inference-2026-08-20T16-49-50Z-2025-06-06,timeseries.json,copepods,3
2000-03-31 00:00:00+00:00,inference-2026-08-20T16-49-50Z-2025-06-06,timeseries.json,copepods,3
2000-04-01 00:00:00+00:00,inference-2026-08-20T16-49-50Z-2025-06-06,timeseries.json,copepods,2
2000-04-02 00:00:00+00:00,inference-2026-08-20T16-49-50Z-2025-06-06,timeseries.json,copepods,0
2000-04-03 00:00:00+00:00,inference-2026-08-20T16-49-50Z-2025-06-06,timeseries.json,copepods,24
2000-04-04 00:00:00+00:00,inference-2026-08-20T16-49-50Z-2025-06-06,timeseries.json,copepods,18
2000-04-05 00:00:00+00:00,inference-2026-08-20T16-49-50Z-2025-06-06,timeseries.json,copepods,23
2000-04-06 00:00:00+00:00,inference-2026-08-20T16-49-50Z-2025-06-06,timeseries.json,copepods,302
2000-04-07 00:00:00+00:00,inference-2026-08-20T16-49-50Z-2025-06-06,timeseries.json,copepods,1
2000-04-08 00:00:00+00:00,inference-2026-08-20T16-49-50Z-2025-06-06,timeseries.json,copepods,1
2000-04-09 00:00:00+00:00,inference-2026-08-20T16-49-50Z-2025-06-06,timeseries.json,copepods,17
2000-04-10 00:00:00+00:00,inference-2026-08-20T16-49-50Z-2025-06-06,timeseries.json,copepods,20
2000-04-11 00:00:00+00:00,inference-2026-08-20T16-49-50Z-2025-06-06,timeseries.json,copepods,19
2000-04-12 00:00:00+00:00,inference-2026-08-20T16-49-50Z-2025-06-06,timeseries.json,copepods,83
2000-04-13 00:00:00+00:00,inference-2026-08-20T16-49-50Z-2025-06-06,timeseries.json,copepods,66
2000-04-14 00:00:00+00:00,inference-2026-08-20T16-49-50Z-2025-06-06,timeseries.json,copepods,0
2000-04-15 00:00:00+00:00,inference-2026-08-20T16-49-50Z-2025-06-06,timeseries.json,copepods,4
2000-04-16 00:00:00+00:00,inference-2026-08-20T16-49-50Z-2025-06-06,timeseries.json,copepods,6
2000-04-17 00:00:00+00:00,inference-2026-08-20T16-49-50Z-2025-06-06,timeseries.json,copepods,17
2000-04-18 00:00:00+00:00,inference-2026-08-20T16-49-50Z-2025-06-06,timeseries.json,copepods,21
2000-04-19 00:00:00+00:00,inference-2026-08-20T16-49-50Z-2025-06-06,timeseries.json,copepods,6
2000-04-20 00:00:00+00:00,inference-2026-08-20T16-49-50Z-2025-06-06,timeseries.json,copepods,7
2000-04-21 00:00:00+00:00,inference-2026-08-20T16-49-50Z-2025-06-06,timeseries.json,copepods,8
2000-04-22 00:00:00+00:00,inference-2026-08-20T16-49-50Z-2025-06-06,timeseries.json,copepods,57
2000-04-23 00:00:00+00:00,inference-2026-08-20T16-49-50Z-2025-06-06,timeseries.json,copepods,190
2000-04-24 00:00:00+00:00,inference-2026-08-20T16-49-50Z-2025-06-06,timeseries.json,copepods,314
2000-04-25 00:00:00+00:00,inference-2026-08-20T16-49-50Z-2025-06-06,timeseries.json,copepods,21
2000-04-26 00:00:00+00:00,inference-2026-08-20T16-49-50Z-2025-06-06,timeseries.json,copepods,23
2000-04-27 00:00:00+00:00,inference-2026-08-20T16-49-50Z-2025-06-06,timeseries.json,copepods,7
2000-04-28 00:00:00+00:00,inference-2026-08-20T16-49-50Z-2025-06-06,timeseries.json,copepods,14
2000-04-29 00:00:00+00:00,inference-2026-08-20T16-49-50Z-2025-06-06,timeseries.json,copepods,22
2000-04-30 00:00:00+00:00,inference-2026-08-20T16-49-50Z-2025-06-06,timeseries.json,copepods,0
2000-05-01 00:00:00+00:00,inference-2026-08-20T16-49-50Z-2025-06-06,timeseries.json,copepods,4
2000-05-02 00:00:00+00:00,inference-2026-08-20T16-49-50Z-2025-06-06,timeseries.json,copepods,2
2000-05-03 00:00:00+00:00,inference-2026-08-20T16-49-50Z-2025-06-06,timeseries.json,copepods,22
2000-05-04 00:00:00+00:00,inference-2026-08-20T16-49-50Z-2025-06-06,timeseries.json,copepods,37
2000-05-05 00:00:00+00:00,inference-2026-08-20T16-49-50Z-2025-06-06,timeseries.json,copepods,0
2000-05-06 00:00:00+00:00,inference-2026-08-20T16-49-50Z-2025-06-06,timeseries.json,copepods,36
2000-05-07 00:00:00+00:00,inference-2026-08-20T16-49-50Z-2025-06-06,timeseries.json,copepods,37
2000-05-08 00:00:00+00:00,inference-2026-08-20T16-49-50Z-2025-06-06,timeseries.json,copepods,129
2000-05-09 00:00:00+00:00,inference-2026-08-20T16-49-50Z-2025-06-06,timeseries.json,copepods,72
2000-05-10 00:00:00+00:00,inference-2026-08-20T16-49-50Z-2025-06-06,timeseries.json,copepods,19
2000-05-11 00:00:00+00:00,inference-2026-08-20T16-49-50Z-2025-06-06,timeseries.json,copepods,1
2000-05-12 00:00:00+00:00,inference-2026-08-20T16-49-50Z-2025-06-06,timeseries.json,copepods,10
2000-05-13 00:00:00+00:00,inference-2026-08-20T16-49-50Z-2025-06-06,timeseries.json,copepods,12
2000-05-14 00:00:00+00:00,inference-2026-08-20T16-49-50Z-2025-06-06,timeseries.json,copepods,114
2000-05-15 00:00:00+00:00,inference-2026-08-20T16-49-50Z-2025-06-06,timeseries.json,copepods,0
2000-05-16 00:00:00+00:00,inference-2026-08-20T16-49-50Z-2025-06-06,timeseries.json,copepods,4
2000-05-17 00:00:00+00:00,inference-2026-08-20T16-49-50Z-2025-06-06,timeseries.json,copepods,37
2000-05-18 00:00:00+00:00,inference-2026-08-20T16-49-50Z-2025-06-06,timeseries.json,copepods,23
2000-05-19 00:00:00+00:00,inference-2026-08-20T16-49-50Z-2025-06-06,timeseries.json,copepods,27
2000-05-20 00:00:00+00:00,inference-2026-08-20T16-49-50Z-2025-06-06,timeseries.json,copepods,245
2000-05-21 00:00:00+00:00,inference-2026-08-20T16-49-50Z-2025-06-06,timeseries.json,copepods,108
2000-05-22 00:00:00+00:00,inference-2026-08-20T16-49-50Z-2025-06-06,timeseries.json,copepods,1
2000-05-23 00:00:00+00:00,inference-2026-08-20T16-49-50Z-2025-06-06,timeseries.json,copepods,29
2000-05-24 00:00:00+00:00,inference-2026-08-20T16-49-50Z-2025-06-06,timeseries.json,copepods,31
2000-05-25 00:00:00+00:00,inference-2026-08-20T16-49-50Z-2025-06-06,timeseries.json,copepods,124
2000-05-26 00:00:00+00:00,inference-2026-08-20T16-49-50Z-2025-06-06,timeseries.json,copepods,9
2000-05-27 00:00:00+00:00,inference-2026-08-20T16-49-50Z-2025-06-06,timeseries.json,copepods,4
2000-05-28 00:00:00+00:00,inference-2026-08-20T16-49-50Z-2025-06-06,timeseries.json,copepods,13
2000-05-29 00:00:00+00:00,inference-2026-08-20T16-49-50Z-2025-06-06,timeseries.json,copepods,17
2000-05-30 00:00:00+00:00,inference-2026-08-20T16-49-50Z-2025-06-06,timeseries.json,copepods,13
2000-05-31 00:00:00+00:00,inference-2026-08-20T16-49-50Z-2025-06-06,timeseries.json,copepods,9
2000-06-01 00:00:00+00:00,inference-2026-08-20T16-49-50Z-2025-06-06,timeseries.json,copepods,149
2000-06-02 00:00:00+00:00,inference-2026-08-20T16-49-50Z-2025-06-06,timeseries.json,copepods,9
2000-06-03 00:00:00+00:00,inference-2026-08-20T16-49-50Z-2025-06-06,timeseries.json,copepods,1
2000-06-04 00:00:00+00:00,inference-2026-08-20T16-49-50Z-2025-06-07,timeseries.json,copepods,6
2000-06-05 00:00:00+00:00,inference-2026-08-20T16-49-50Z-2025-06-07,timeseries.json,copepods,10
2000-06-06 00:00:00+00:00,inference-2026-08-20T16-49-50Z-2025-06-07,timeseries.json,copepods,4
2000-06-07 00:00:00+00:00,inference-2026-08-20T16-49-50Z-2025-06-07,timeseries.json,copepods,14
2000-06-08 00:00:00+00:00,inference-2026-08-20T16-49-50Z-2025-06-07,timeseries.json,copepods,257
2000-06-09 00:00:00+00:00,inference-2026-08-20T16-49-50Z-2025-06-07,timeseries.json,copepods,5
2000-06-10 00:00:00+00:00,inference-2026-08-20T16-49-50Z-2025-06-07,timeseries.json,copepods,5
2000-06-11 00:00:00+00:00,inference-2026-08-20T16-49-50Z-2025-06-07,timeseries.json,copepods,2
2000-06-12 00:00:00+00:00,inference-2026-08-20T16-49-50Z-2025-06-07,timeseries.json,copepods,10
2000-06-13 00:00:00+00:00,inference-2026-08-20T16-49-50Z-2025-06-07,timeseries.json,copepods,4
2000-06-14 00:00:00+00:00,inference-2026-08-20T16-49-50Z-2025-06-07,timeseries.json,copepods,4
2000-06-15 00:00:00+00:00,inference-2026-08-20T16-49-50Z-2025-06-07,timeseries.json,copepods,172
2000-06-16 00:00:00+00:00,inference-2026-08-20T16-49-50Z-2025-06-07,timeseries.json,copepods,0
2000-06-17 00:00:00+00:00,inference-2026-08-20T16-49-50Z-2025-06-07,timeseries.json,copepods,0
2000-06-18 00:00:00+00:00,inference-2026-08-20T16-49-50Z-2025-06-07,timeseries.json,copepods,2
2000-06-19 00:00:00+00:00,inference-2026-08-20T16-49-50Z-2025-06-07,timeseries.json,copepods,8
2000-06-20 00:00:00+00:00,inference-2026-08-20T16-49-50Z-2025-06-07,timeseries.json,copepods,147
2000-06-21 00:00:00+00:00,inference-2026-08-20T16-49-50Z-2025-06-07,timeseries.json,copepods,1
2000-06-22 00:00:00+00:00,inference-2026-08-20T16-49-50Z-2025-06-07,timeseries.json,copepods,0
2000-06-23 00:00:00+00:00,inference-2026-08-20T16-49-50Z-2025-06-07,timeseries.json,copepods,0
2000-06-24 00:00:00+00:00,inference-2026-08-20T16-49-50Z-2025-06-07,timeseries.json,copepods,7
2000-06-25 00:00:00+00:00,inference-2026-08-20T16-49-50Z-2025-06-07,timeseries.json,copepods,8
2000-06-26 00:00:00+00:00,inference-2026-08-20T16-49-50Z-2025-06-07,timeseries.json,copepods,152
2000-06-27 00:00:00+00:00,inference-2026-08-20T16-49-50Z-2025-06-07,timeseries.json,copepods,7
2000-06-28 00:00:00+00:00,inference-2026-08-20T16-49-50Z-2025-06-07,timeseries.json,copepods,2
2000-06-29 00:00:00+00:00,inference-2026-08-20T16-49-50Z-2025-06-07,timeseries.json,copepods,7
2000-06-30 00:00:00+00:00,inference-2026-08-20T16-49-50Z-2025-06-07,timeseries.json,copepods,34
2000-07-01 00:00:00+00:00,inference-2026-08-20T16-49-50Z-2025-06-07,timeseries.json,copepods,6
2000-07-02 00:00:00+00:00,inference-2026-08-20T16-49-50Z-2025-06-07,timeseries.json,copepods,2
2000-07-03 00:00:00+00:00,inference-2026-08-20T16-49-50Z-2025-06-07,timeseries.json,copepods,9
2000-07-04 00:00:00+00:00,inference-2026-08-20T16-49-50Z-2025-06-07,timeseries.json,copepods,123
2000-07-05 00:00:00+00:00,inference-2026-08-20T16-49-50Z-2025-06-07,timeseries.json,copepods,3
2000-07-06 00:00:00+00:00,inference-2026-08-20T16-49-50Z-2025-06-07,timeseries.json,copepods,1
2000-07-07 00:00:00+00:00,inference-2026-08-20T16-49-50Z-2025-06-07,timeseries.json,copepods,14
2000-07-08 00:00:00+00:00,inference-2026-08-20T16-49-50Z-2025-06-07,timeseries.json,copepods,5
2000-07-09 00:00:00+00:00,inference-2026-08-20T16-49-50Z-2025-06-07,timeseries.json,copepods,76
2000-07-10 00:00:00+00:00,inference-2026-08-20T16-49-50Z-2025-06-07,timeseries.json,copepods,2
2000-07-11 00:00:00+00:00,inference-2026-08-20T16-49-50Z-2025-06-07,timeseries.json,copepods,13
2000-07-12 00:00:00+00:00,inference-2026-08-20T16-49-50Z-2025-06-07,timeseries.json,copepods,13
2000-07-13 00:00:00+00:00,inference-2026-08-20T16-49-50Z-2025-06-07,timeseries.json,copepods,18
2000-07-14 00:00:00+00:00,inference-2026-08-20T16-49-50Z-2025-06-07,timeseries.json,copepods,20
2000-07-15 00:00:00+00:00,inference-2026-08-20T16-49-50Z-2025-06-07,timeseries.json,copepods,24
2000-07-16 00:00:00+00:00,inference-2026-08-20T16-49-50Z-2025-06-07,timeseries.json,copepods,230
2000-01-01 00:00:00+00:00,inference-2026-08-20T16-49-50Z-2025-06-05,timeseries.json,fish_eggs,0
2000-01-02 00:00:00+00:00,inference-2026-08-20T16-49-50Z-2025-06-05,timeseries.json,fish_eggs,0
2000-01-03 00:00:00+00:00,inference-2026-08-20T16-49-50Z-2025-06-05,timeseries.json,fish_eggs,3
2000-01-04 00:00:00+00:00,inference-2026-08-20T16-49-50Z-2025-06-05,timeseries.json,fish_eggs,0
2000-01-05 00:00:00+00:00,inference-2026-08-20T16-49-50Z-2025-06-05,timeseries.json,fish_eggs,0
2000-01-06 00:00:00+00:00,inference-2026-08-20T16-49-50Z-2025-06-05,timeseries.json,fish_eggs,0
2000-01-07 00:00:00+00:00,inference-2026-08-20T16-49-50Z-2025-06-05,timeseries.json,fish_eggs,0
2000-01-08 00:00:00+00:00,inference-2026-08-20T16-49-50Z-2025-06-05,timeseries.json,fish_eggs,0
2000-01-09 00:00:00+00:00,inference-2026-08-20T16-49-50Z-2025-06-05,timeseries.json,fish_eggs,0
2000-01-10 00:00:00+00:00,inference-2026-08-20T16-49-50Z-2025-06-05,timeseries.json,fish_eggs,0
2000-01-11 00:00:00+00:00,inference-2026-08-20T16-49-50Z-2025-06-05,timeseries.json,fish_eggs,0
2000-01-12 00:00:00+00:00,inference-2026-08-20T16-49-50Z-2025-06-06,timeseries.json,fish_eggs,0
2000-01-13 00:00:00+00:00,inference-2026-08-20T16-49-50Z-2025-06-06,timeseries.json,fish_eggs,0
2000-01-14 00:00:00+00:00,inference-2026-08-20T16-49-50Z-2025-06-06,timeseries.json,fish_eggs,0
2000-01-15 00:00:00+00:00,inference-2026-08-20T16-49-50Z-2025-06-06,timeseries.json,fish_eggs,0
2000-01-16 00:00:00+00:00,inference-2026-08-20T16-49-50Z-2025-06-06,timeseries.json,fish_eggs,0
2000-01-17 00:00:00+00:00,inference-2026-08-20T16-49-50Z-2025-06-06,timeseries.json,fish_eggs,0
2000-01-18 00:00:00+00:00,inference-2026-08-20T16-49-50Z-2025-06-06,timeseries.json,fish_eggs,0
2000-01-19 00:00:00+00:00,inference-2026-08-20T16-49-50Z-2025-06-06,timeseries.json,fish_eggs,0
2000-01-20 00:00:00+00:00,inference-2026-08-20T16-49-50Z-2025-06-06,timeseries.json,fish_eggs,0
2000-01-21 00:00:00+00:00,inference-2026-08-20T16-49-50Z-2025-06-06,timeseries.json,fish_eggs,0
2000-01-22 00:00:00+00:00,inference-2026-08-20T16-49-50Z-2025-06-06,timeseries.json,fish_eggs,1
2000-01-23 00:00:00+00:00,inference-2026-08-20T16-49-50Z-2025-06-06,timeseries.json,fish_eggs,0
2000-01-24 00:00:00+00:00,inference-2026-08-20T16-49-50Z-2025-06-06,timeseries.json,fish_eggs,1
2000-01-25 00:00:00+00:00,inference-2026-08-20T16-49-50Z-2025-06-06,timeseries.json,fish_eggs,2
2000-01-26 00:00:00+00:00,inference-2026-08-20T16-49-50Z-2025-06-06,timeseries.json,fish_eggs,1
2000-01-27 00:00:00+00:00,inference-2026-08-20T16-49-50Z-2025-06-06,timeseries.json,fish_eggs,1
2000-01-28 00:00:00+00:00,inference-2026-08-20T16-49-50Z-2025-06-06,timeseries.json,fish_eggs,2
2000-01-29 00:00:00+00:00,inference-2026-08-20T16-49-50Z-2025-06-06,timeseries.json,fish_eggs,1
2000-01-30 00:00:00+00:00,inference-2026-08-20T16-49-50Z-2025-06-06,timeseries.json,fish_eggs,0
2000-01-31 00:00:00+00:00,inference-2026-08-20T16-49-50Z-2025-06-06,timeseries.json,fish_eggs,0
2000-02-01 00:00:00+00:00,inference-2026-08-20T16-49-50Z-2025-06-06,timeseries.json,fish_eggs,0
2000-02-02 00:00:00+00:00,inference-2026-08-20T16-49-50Z-2025-06-06,timeseries.json,fish_eggs,0
2000-02-03 00:00:00+00:00,inference-2026-08-20T16-49-50Z-2025-06-06,timeseries.json,fish_eggs,0
2000-02-04 00:00:00+00:00,inference-2026-08-20T16-49-50Z-2025-06-06,timeseries.json,fish_eggs,0
2000-02-05 00:00:00+00:00,inference-2026-08-20T16-49-50Z-2025-06-06,timeseries.json,fish_eggs,1
2000-02-06 00:00:00+00:00,inference-2026-08-20T16-49-50Z-2025-06-06,timeseries.json,fish_eggs,3
2000-02-07 00:00:00+00:00,inference-2026-08-20T16-49-50Z-2025-06-06,timeseries.json,fish_eggs,0
2000-02-08 00:00:00+00:00,inference-2026-08-20T16-49-50Z-2025-06-06,timeseries.json,fish_eggs,0
2000-02-09 00:00:00+00:00,inference-2026-08-20T16-49-50Z-2025-06-06,timeseries.json,fish_eggs,0
2000-02-10 00:00:00+00:00,inference-2026-08-20T16-49-50Z-2025-06-06,timeseries.json,fish_eggs,0
2000-02-11 00:00:00+00:00,inference-2026-08-20T16-49-50Z-2025-06-06,timeseries.json,fish_eggs,0
2000-02-12 00:00:00+00:00,inference-2026-08-20T16-49-50Z-2025-06-06,timeseries.json,fish_eggs,0
2000-02-13 00:00:00+00:00,inference-2026-08-20T16-49-50Z-2025-06-06,timeseries.json,fish_eggs,0
2000-02-14 00:00:00+00:00,inference-2026-08-20T16-49-50Z-2025-06-06,timeseries.json,fish_eggs,0
2000-02-15 00:00:00+00:00,inference-2026-08-20T16-49-50Z-2025-06-06,timeseries.json,fish_eggs,0
2000-02-16 00:00:00+00:00,inference-2026-08-20T16-49-50Z-2025-06-06,timeseries.json,fish_eggs,0
2000-02-17 00:00:00+00:00,inference-2026-08-20T16-49-50Z-2025-06-06,timeseries.json,fish_eggs,1
2000-02-18 00:00:00+00:00,inference-2026-08-20T16-49-50Z-2025-06-06,timeseries.json,fish_eggs,0
2000-02-19 00:00:00+00:00,inference-2026-08-20T16-49-50Z-2025-06-06,timeseries.json,fish_eggs,0
2000-02-20 00:00:00+00:00,inference-2026-08-20T16-49-50Z-2025-06-06,timeseries.json,fish_eggs,0
2000-02-21 00:00:00+00:00,inference-2026-08-20T16-49-50Z-2025-06-06,timeseries.json,fish_eggs,0
2000-02-22 00:00:00+00:00,inference-2026-08-20T16-49-50Z-2025-06-06,timeseries.json,fish_eggs,0
2000-02-23 00:00:00+00:00,inference-2026-08-20T16-49-50Z-2025-06-06,timeseries.json,fish_eggs,0
2000-02-24 00:00:00+00:00,inference-2026-08-20T16-49-50Z-2025-06-06,timeseries.json,fish_eggs,2
2000-02-25 00:00:00+00:00,inference-2026-08-20T16-49-50Z-2025-06-06,timeseries.json,fish_eggs,0
2000-02-26 00:00:00+00:00,inference-2026-08-20T16-49-50Z-2025-06-06,timeseries.json,fish_eggs,0
2000-02-27 00:00:00+00:00,inference-2026-08-20T16-49-50Z-2025-06-06,timeseries.json,fish_eggs,0
2000-02-28 00:00:00+00:00,inference-2026-08-20T16-49-50Z-2025-06-06,timeseries.json,fish_eggs,0
2000-02-29 00:00:00+00:00,inference-2026-08-20T16-49-50Z-2025-06-06,timeseries.json,fish_eggs,0
2000-03-01 00:00:00+00:00,inference-2026-08-20T16-49-50Z-2025-06-06,timeseries.json,fish_eggs,0
2000-03-02 00:00:00+00:00,inference-2026-08-20T16-49-50Z-2025-06-06,timeseries.json,fish_eggs,0
2000-03-03 00:00:00+00:00,inference-2026-08-20T16-49-50Z-2025-06-06,timeseries.json,fish_eggs,0
2000-03-04 00:00:00+00:00,inference-2026-08-20T16-49-50Z-2025-06-06,timeseries.json,fish_eggs,0
2000-03-05 00:00:00+00:00,inference-2026-08-20T16-49-50Z-2025-06-06,timeseries.json,fish_eggs,0
2000-03-06 00:00:00+00:00,inference-2026-08-20T16-49-50Z-2025-06-06,timeseries.json,fish_eggs,0
2000-03-07 00:00:00+00:00,inference-2026-08-20T16-49-50Z-2025-06-06,timeseries.json,fish_eggs,0
2000-03-08 00:00:00+00:00,inference-2026-08-20T16-49-50Z-2025-06-06,timeseries.json,fish_eggs,0
2000-03-09 00:00:00+00:00,inference-2026-08-20T16-49-50Z-2025-06-06,timeseries.json,fish_eggs,0
2000-03-10 00:00:00+00:00,inference-2026-08-20T16-49-50Z-2025-06-06,timeseries.json,fish_eggs,0
2000-03-11 00:00:00+00:00,inference-2026-08-20T16-49-50Z-2025-06-06,timeseries.json,fish_eggs,0
2000-03-12 00:00:00+00:00,inference-2026-08-20T16-49-50Z-2025-06-06,timeseries.json,fish_eggs,1
2000-03-13 00:00:00+00:00,inference-2026-08-20T16-49-50Z-2025-06-06,timeseries.json,fish_eggs,0
2000-03-14 00:00:00+00:00,inference-2026-08-20T16-49-50Z-2025-06-06,timeseries.json,fish_eggs,0
2000-03-15 00:00:00+00:00,inference-2026-08-20T16-49-50Z-2025-06-06,timeseries.json,fish_eggs,0
2000-03-16 00:00:00+00:00,inference-2026-08-20T16-49-50Z-2025-06-06,timeseries.json,fish_eggs,0
2000-03-17 00:00:00+00:00,inference-2026-08-20T16-49-50Z-2025-06-06,timeseries.json,fish_eggs,0
2000-03-18 00:00:00+00:00,inference-2026-08-20T16-49-50Z-2025-06-06,timeseries.json,fish_eggs,0
2000-03-19 00:00:00+00:00,inference-2026-08-20T16-49-50Z-2025-06-06,timeseries.json,fish_eggs,0
2000-03-20 00:00:00+00:00,inference-2026-08-20T16-49-50Z-2025-06-06,timeseries.json,fish_eggs,0
2000-03-21 00:00:00+00:00,inference-2026-08-20T16-49-50Z-2025-06-06,timeseries.json,fish_eggs,0
2000-03-22 00:00:00+00:00,inference-2026-08-20T16-49-50Z-2025-06-06,timeseries.json,fish_eggs,4
2000-03-23 00:00:00+00:00,inference-2026-08-20T16-49-50Z-2025-06-06,timeseries.json,fish_eggs,0
2000-03-24 00:00:00+00:00,inference-2026-08-20T16-49-50Z-2025-06-06,timeseries.json,fish_eggs,0
2000-03-25 00:00:00+00:00,inference-2026-08-20T16-49-50Z-2025-06-06,timeseries.json,fish_eggs,0
2000-03-26 00:00:00+00:00,inference-2026-08-20T16-49-50Z-2025-06-06,timeseries.json,fish_eggs,0
2000-03-27 00:00:00+00:00,inference-2026-08-20T16-49-50Z-2025-06-06,timeseries.json,fish_eggs,0
2000-03-28 00:00:00+00:00,inference-2026-08-20T16-49-50Z-2025-06-06,timeseries.json,fish_eggs,0
2000-03-29 00:00:00+00:00,inference-2026-08-20T16-49-50Z-2025-06-06,timeseries.json,fish_eggs,0
2000-03-30 00:00:00+00:00,inference-2026-08-20T16-49-50Z-2025-06-06,timeseries.json,fish_eggs,0
2000-03-31 00:00:00+00:00,inference-2026-08-20T16-49-50Z-2025-06-06,timeseries.json,fish_eggs,0
2000-04-01 00:00:00+00:00,inference-2026-08-20T16-49-50Z-2025-06-06,timeseries.json,fish_eggs,0
2000-04-02 00:00:00+00:00,inference-2026-08-20T16-49-50Z-2025-06-06,timeseries.json,fish_eggs,0
2000-04-03 00:00:00+00:00,inference-2026-08-20T16-49-50Z-2025-06-06,timeseries.json,fish_eggs,0
2000-04-04 00:00:00+00:00,inference-2026-08-20T16-49-50Z-2025-06-06,timeseries.json,fish_eggs,0
2000-04-05 00:00:00+00:00,inference-2026-08-20T16-49-50Z-2025-06-06,timeseries.json,fish_eggs,1
2000-04-06 00:00:00+00:00,inference-2026-08-20T16-49-50Z-2025-06-06,timeseries.json,fish_eggs,0
2000-04-07 00:00:00+00:00,inference-2026-08-20T16-49-50Z-2025-06-06,timeseries.json,fish_eggs,0
2000-04-08 00:00:00+00:00,inference-2026-08-20T16-49-50Z-2025-06-06,timeseries.json,fish_eggs,0
2000-04-09 00:00:00+00:00,inference-2026-08-20T16-49-50Z-2025-06-06,timeseries.json,fish_eggs,0
2000-04-10 00:00:00+00:00,inference-2026-08-20T16-49-50Z-2025-06-06,timeseries.json,fish_eggs,0
2000-04-11 00:00:00+00:00,inference-2026-08-20T16-49-50Z-2025-06-06,timeseries.json,fish_eggs,0
2000-04-12 00:00:00+00:00,inference-2026-08-20T16-49-50Z-2025-06-06,timeseries.json,fish_eggs,0
2000-04-13 00:00:00+00:00,inference-2026-08-20T16-49-50Z-2025-06-06,timeseries.json,fish_eggs,0
2000-04-14 00:00:00+00:00,inference-2026-08-20T16-49-50Z-2025-06-06,timeseries.json,fish_eggs,0
2000-04-15 00:00:00+00:00,inference-2026-08-20T16-49-50Z-2025-06-06,timeseries.json,fish_eggs,0
2000-04-16 00:00:00+00:00,inference-2026-08-20T16-49-50Z-2025-06-06,timeseries.json,fish_eggs,0
2000-04-17 00:00:00+00:00,inference-2026-08-20T16-49-50Z-2025-06-06,timeseries.json,fish_eggs,0
2000-04-18 00:00:00+00:00,inference-2026-08-20T16-49-50Z-2025-06-06,timeseries.json,fish_eggs,0
2000-04-19 00:00:00+00:00,inference-2026-08-20T16-49-50Z-2025-06-06,timeseries.json,fish_eggs,0
2000-04-20 00:00:00+00:00,inference-2026-08-20T16-49-50Z-2025-06-06,timeseries.json,fish_eggs,1
2000-04-21 00:00:00+00:00,inference-2026-08-20T16-49-50Z-2025-06-06,timeseries.json,fish_eggs,0
2000-04-22 00:00:00+00:00,inference-2026-08-20T16-49-50Z-2025-06-06,timeseries.json,fish_eggs,0
2000-04-23 00:00:00+00:00,inference-2026-08-20T16-49-50Z-2025-06-06,timeseries.json,fish_eggs,0
2000-04-24 00:00:00+00:00,inference-2026-08-20T16-49-50Z-2025-06-06,timeseries.json,fish_eggs,1
2000-04-25 00:00:00+00:00,inference-2026-08-20T16-49-50Z-2025-06-06,timeseries.json,fish_eggs,0
2000-04-26 00:00:00+00:00,inference-2026-08-20T16-49-50Z-2025-06-06,timeseries.json,fish_eggs,0
2000-04-27 00:00:00+00:00,inference-2026-08-20T16-49-50Z-2025-06-06,timeseries.json,fish_eggs,0
2000-04-28 00:00:00+00:00,inference-2026-08-20T16-49-50Z-2025-06-06,timeseries.json,fish_eggs,0
2000-04-29 00:00:00+00:00,inference-2026-08-20T16-49-50Z-2025-06-06,timeseries.json,fish_eggs,0
2000-04-30 00:00:00+00:00,inference-2026-08-20T16-49-50Z-2025-06-06,timeseries.json,fish_eggs,0
2000-05-01 00:00:00+00:00,inference-2026-08-20T16-49-50Z-2025-06-06,timeseries.json,fish_eggs,1
2000-05-02 00:00:00+00:00,inference-2026-08-20T16-49-50Z-2025-06-06,timeseries.json,fish_eggs,0
2000-05-03 00:00:00+00:00,inference-2026-08-20T16-49-50Z-2025-06-06,timeseries.json,fish_eggs,0
2000-05-04 00:00:00+00:00,inference-2026-08-20T16-49-50Z-2025-06-06,timeseries.json,fish_eggs,0
2000-05-05 00:00:00+00:00,inference-2026-08-20T16-49-50Z-2025-06-06,timeseries.json,fish_eggs,0
2000-05-06 00:00:00+00:00,inference-2026-08-20T16-49-50Z-2025-06-06,timeseries.json,fish_eggs,1
2000-05-07 00:00:00+00:00,inference-2026-08-20T16-49-50Z-2025-06-06,timeseries.json,fish_eggs,1
2000-05-08 00:00:00+00:00,inference-2026-08-20T16-49-50Z-2025-06-06,timeseries.json,fish_eggs,3
2000-05-09 00:00:00+00:00,inference-2026-08-20T16-49-50Z-2025-06-06,timeseries.json,fish_eggs,0
2000-05-10 00:00:00+00:00,inference-2026-08-20T16-49-50Z-2025-06-06,timeseries.json,fish_eggs,0
2000-05-11 00:00:00+00:00,inference-2026-08-20T16-49-50Z-2025-06-06,timeseries.json,fish_eggs,0
2000-05-12 00:00:00+00:00,inference-2026-08-20T16-49-50Z-2025-06-06,timeseries.json,fish_eggs,0
2000-05-13 00:00:00+00:00,inference-2026-08-20T16-49-50Z-2025-06-06,timeseries.json,fish_eggs,0
2000-05-14 00:00:00+00:00,inference-2026-08-20T16-49-50Z-2025-06-06,timeseries.json,fish_eggs,1
2000-05-15 00:00:00+00:00,inference-2026-08-20T16-49-50Z-2025-06-06,timeseries.json,fish_eggs,0
2000-05-16 00:00:00+00:00,inference-2026-08-20T16-49-50Z-2025-06-06,timeseries.json,fish_eggs,0
2000-05-17 00:00:00+00:00,inference-2026-08-20T16-49-50Z-2025-06-06,timeseries.json,fish_eggs,0
2000-05-18 00:00:00+00:00,inference-2026-08-20T16-49-50Z-2025-06-06,timeseries.json,fish_eggs,1
2000-05-19 00:00:00+00:00,inference-2026-08-20T16-49-50Z-2025-06-06,timeseries.json,fish_eggs,0
2000-05-20 00:00:00+00:00,inference-2026-08-20T16-49-50Z-2025-06-06,timeseries.json,fish_eggs,2
2000-05-21 00:00:00+00:00,inference-2026-08-20T16-49-50Z-2025-06-06,timeseries.json,fish_eggs,2
2000-05-22 00:00:00+00:00,inference-2026-08-20T16-49-50Z-2025-06-06,timeseries.json,fish_eggs,0
2000-05-23 00:00:00+00:00,inference-2026-08-20T16-49-50Z-2025-06-06,timeseries.json,fish_eggs,0
2000-05-24 00:00:00+00:00,inference-2026-08-20T16-49-50Z-2025-06-06,timeseries.json,fish_eggs,0
2000-05-25 00:00:00+00:00,inference-2026-08-20T16-49-50Z-2025-06-06,timeseries.json,fish_eggs,0
2000-05-26 00:00:00+00:00,inference-2026-08-20T16-49-50Z-2025-06-06,timeseries.json,fish_eggs,0
2000-05-27 00:00:00+00:00,inference-2026-08-20T16-49-50Z-2025-06-06,timeseries.json,fish_eggs,0
2000-05-28 00:00:00+00:00,inference-2026-08-20T16-49-50Z-2025-06-06,timeseries.json,fish_eggs,0
2000-05-29 00:00:00+00:00,inference-2026-08-20T16-49-50Z-2025-06-06,timeseries.json,fish_eggs,0
2000-05-30 00:00:00+00:00,inference-2026-08-20T16-49-50Z-2025-06-06,timeseries.json,fish_eggs,0
2000-05-31 00:00:00+00:00,inference-2026-08-20T16-49-50Z-2025-06-06,timeseries.json,fish_eggs,0
2000-06-01 00:00:00+00:00,inference-2026-08-20T16-49-50Z-2025-06-06,timeseries.json,fish_eggs,0
2000-06-02 00:00:00+00:00,inference-2026-08-20T16-49-50Z-2025-06-06,timeseries.json,fish_eggs,0
2000-06-03 00:00:00+00:00,inference-2026-08-20T16-49-50Z-2025-06-06,timeseries.json,fish_eggs,0
2000-06-04 00:00:00+00:00,inference-2026-08-20T16-49-50Z-2025-06-07,timeseries.json,fish_eggs,0
2000-06-05 00:00:00+00:00,inference-2026-08-20T16-49-50Z-2025-06-07,timeseries.json,fish_eggs,0
2000-06-06 00:00:00+00:00,inference-2026-08-20T16-49-50Z-2025-06-07,timeseries.json,fish_eggs,0
2000-06-07 00:00:00+00:00,inference-2026-08-20T16-49-50Z-2025-06-07,timeseries.json,fish_eggs,0
2000-06-08 00:00:00+00:00,inference-2026-08-20T16-49-50Z-2025-06-07,timeseries.json,fish_eggs,1
2000-06-09 00:00:00+00:00,inference-2026-08-20T16-49-50Z-2025-06-07,timeseries.json,fish_eggs,0
2000-06-10 00:00:00+00:00,inference-2026-08-20T16-49-50Z-2025-06-07,timeseries.json,fish_eggs,0
2000-06-11 00:00:00+00:00,inference-2026-08-20T16-49-50Z-2025-06-07,timeseries.json,fish_eggs,0
2000-06-12 00:00:00+00:00,inference-2026-08-20T16-49-50Z-2025-06-07,timeseries.json,fish_eggs,0
2000-06-13 00:00:00+00:00,inference-2026-08-20T16-49-50Z-2025-06-07,timeseries.json,fish_eggs,0
2000-06-14 00:00:00+00:00,inference-2026-08-20T16-49-50Z-2025-06-07,timeseries.json,fish_eggs,0
2000-06-15 00:00:00+00:00,inference-2026-08-20T16-49-50Z-2025-06-07,timeseries.json,fish_eggs,4
2000-06-16 00:00:00+00:00,inference-2026-08-20T16-49-50Z-2025-06-07,timeseries.json,fish_eggs,0
2000-06-17 00:00:00+00:00,inference-2026-08-20T16-49-50Z-2025-06-07,timeseries.json,fish_eggs,0
2000-06-18 00:00:00+00:00,inference-2026-08-20T16-49-50Z-2025-06-07,timeseries.json,fish_eggs,0
2000-06-19 00:00:00+00:00,inference-2026-08-20T16-49-50Z-2025-06-07,timeseries.json,fish_eggs,0
2000-06-20 00:00:00+00:00,inference-2026-08-20T16-49-50Z-2025-06-07,timeseries.json,fish_eggs,4
2000-06-21 00:00:00+00:00,inference-2026-08-20T16-49-50Z-2025-06-07,timeseries.json,fish_eggs,0
2000-06-22 00:00:00+00:00,inference-2026-08-20T16-49-50Z-2025-06-07,timeseries.json,fish_eggs,0
2000-06-23 00:00:00+00:00,inference-2026-08-20T16-49-50Z-2025-06-07,timeseries.json,fish_eggs,0
2000-06-24 00:00:00+00:00,inference-2026-08-20T16-49-50Z-2025-06-07,timeseries.json,fish_eggs,1
2000-06-25 00:00:00+00:00,inference-2026-08-20T16-49-50Z-2025-06-07,timeseries.json,fish_eggs,0
2000-06-26 00:00:00+00:00,inference-2026-08-20T16-49-50Z-2025-06-07,timeseries.json,fish_eggs,2
2000-06-27 00:00:00+00:00,inference-2026-08-20T16-49-50Z-2025-06-07,timeseries.json,fish_eggs,0
2000-06-28 00:00:00+00:00,inference-2026-08-20T16-49-50Z-2025-06-07,timeseries.json,fish_eggs,0
2000-06-29 00:00:00+00:00,inference-2026-08-20T16-49-50Z-2025-06-07,timeseries.json,fish_eggs,2
2000-06-30 00:00:00+00:00,inference-2026-08-20T16-49-50Z-2025-06-07,timeseries.json,fish_eggs,1
2000-07-01 00:00:00+00:00,inference-2026-08-20T16-49-50Z-2025-06-07,timeseries.json,fish_eggs,0
2000-07-02 00:00:00+00:00,inference-2026-08-20T16-49-50Z-2025-06-07,timeseries.json,fish_eggs,0
2000-07-03 00:00:00+00:00,inference-2026-08-20T16-49-50Z-2025-06-07,timeseries.json,fish_eggs,0
2000-07-04 00:00:00+00:00,inference-2026-08-20T16-49-50Z-2025-06-07,timeseries.json,fish_eggs,0
2000-07-05 00:00:00+00:00,inference-2026-08-20T16-49-50Z-2025-06-07,timeseries.json,fish_eggs,0
2000-07-06 00:00:00+00:00,inference-2026-08-20T16-49-50Z-2025-06-07,timeseries.json,fish_eggs,0
2000-07-07 00:00:00+00:00,inference-2026-08-20T16-49-50Z-2025-06-07,timeseries.json,fish_eggs,0
2000-07-08 00:00:00+00:00,inference-2026-08-20T16-49-50Z-2025-06-07,timeseries.json,fish_eggs,0
2000-07-09 00:00:00+00:00,inference-2026-08-20T16-49-50Z-2025-06-07,timeseries.json,fish_eggs,0
2000-07-10 00:00:00+00:00,inference-2026-08-20T16-49-50Z-2025-06-07,timeseries.json,fish_eggs,0
2000-07-11 00:00:00+00:00,inference-2026-08-20T16-49-50Z-2025-06-07,timeseries.json,fish_eggs,0
2000-07-12 00:00:00+00:00,inference-2026-08-20T16-49-50Z-2025-06-07,timeseries.json,fish_eggs,0
2000-07-13 00:00:00+00:00,inference-2026-08-20T16-49-50Z-2025-06-07,timeseries.json,fish_eggs,0
2000-07-14 00:00:00+00:00,inference-2026-08-20T16-49-50Z-2025-06-07,timeseries.json,fish_eggs,0
2000-07-15 00:00:00+00:00,inference-2026-08-20T16-49-50Z-2025-06-07,timeseries.json,fish_eggs,0
2000-07-16 00:00:00+00:00,inference-2026-08-20T16-49-50Z-2025-06-07,timeseries.json,fish_eggs,0
2000-01-01 00:00:00+00:00,inference-2026-08-20T16-49-50Z-2025-06-05,timeseries.json,fish_larvae,0
2000-01-02 00:00:00+00:00,inference-2026-08-20T16-49-50Z-2025-06-05,timeseries.json,fish_larvae,0
2000-01-03 00:00:00+00:00,inference-2026-08-20T16-49-50Z-2025-06-05,timeseries.json,fish_larvae,0
2000-01-04 00:00:00+00:00,inference-2026-08-20T16-49-50Z-2025-06-05,timeseries.json,fish_larvae,0
2000-01-05 00:00:00+00:00,inference-2026-08-20T16-49-50Z-2025-06-05,timeseries.json,fish_larvae,0
2000-01-06 00:00:00+00:00,inference-2026-08-20T16-49-50Z-2025-06-05,timeseries.json,fish_larvae,0
2000-01-07 00:00:00+00:00,inference-2026-08-20T16-49-50Z-2025-06-05,timeseries.json,fish_larvae,0
2000-01-08 00:00:00+00:00,inference-2026-08-20T16-49-50Z-2025-06-05,timeseries.json,fish_larvae,0
2000-01-09 00:00:00+00:00,inference-2026-08-20T16-49-50Z-2025-06-05,timeseries.json,fish_larvae,0
2000-01-10 00:00:00+00:00,inference-2026-08-20T16-49-50Z-2025-06-05,timeseries.json,fish_larvae,0
2000-01-11 00:00:00+00:00,inference-2026-08-20T16-49-50Z-2025-06-05,timeseries.json,fish_larvae,0
2000-01-12 00:00:00+00:00,inference-2026-08-20T16-49-50Z-2025-06-06,timeseries.json,fish_larvae,0
2000-01-13 00:00:00+00:00,inference-2026-08-20T16-49-50Z-2025-06-06,timeseries.json,fish_larvae,0
2000-01-14 00:00:00+00:00,inference-2026-08-20T16-49-50Z-2025-06-06,timeseries.json,fish_larvae,0
2000-01-15 00:00:00+00:00,inference-2026-08-20T16-49-50Z-2025-06-06,timeseries.json,fish_larvae,0
2000-01-16 00:00:00+00:00,inference-2026-08-20T16-49-50Z-2025-06-06,timeseries.json,fish_larvae,0
2000-01-17 00:00:00+00:00,inference-2026-08-20T16-49-50Z-2025-06-06,timeseries.json,fish_larvae,0
2000-01-18 00:00:00+00:00,inference-2026-08-20T16-49-50Z-2025-06-06,timeseries.json,fish_larvae,0
2000-01-19 00:00:00+00:00,inference-2026-08-20T16-49-50Z-2025-06-06,timeseries.json,fish_larvae,0
2000-01-20 00:00:00+00:00,inference-2026-08-20T16-49-50Z-2025-06-06,timeseries.json,fish_larvae,0
2000-01-21 00:00:00+00:00,inference-2026-08-20T16-49-50Z-2025-06-06,timeseries.json,fish_larvae,0
2000-01-22 00:00:00+00:00,inference-2026-08-20T16-49-50Z-2025-06-06,timeseries.json,fish_larvae,0
2000-01-23 00:00:00+00:00,inference-2026-08-20T16-49-50Z-2025-06-06,timeseries.json,fish_larvae,0
2000-01-24 00:00:00+00:00,inference-2026-08-20T16-49-50Z-2025-06-06,timeseries.json,fish_larvae,0
2000-01-25 00:00:00+00:00,inference-2026-08-20T16-49-50Z-2025-06-06,timeseries.json,fish_larvae,0
2000-01-26 00:00:00+00:00,inference-2026-08-20T16-49-50Z-2025-06-06,timeseries.json,fish_larvae,0
2000-01-27 00:00:00+00:00,inference-2026-08-20T16-49-50Z-2025-06-06,timeseries.json,fish_larvae,0
2000-01-28 00:00:00+00:00,inference-2026-08-20T16-49-50Z-2025-06-06,timeseries.json,fish_larvae,0
2000-01-29 00:00:00+00:00,inference-2026-08-20T16-49-50Z-2025-06-06,timeseries.json,fish_larvae,0
2000-01-30 00:00:00+00:00,inference-2026-08-20T16-49-50Z-2025-06-06,timeseries.json,fish_larvae,0
2000-01-31 00:00:00+00:00,inference-2026-08-20T16-49-50Z-2025-06-06,timeseries.json,fish_larvae,0
2000-02-01 00:00:00+00:00,inference-2026-08-20T16-49-50Z-2025-06-06,timeseries.json,fish_larvae,0
2000-02-02 00:00:00+00:00,inference-2026-08-20T16-49-50Z-2025-06-06,timeseries.json,fish_larvae,0
2000-02-03 00:00:00+00:00,inference-2026-08-20T16-49-50Z-2025-06-06,timeseries.json,fish_larvae,0
2000-02-04 00:00:00+00:00,inference-2026-08-20T16-49-50Z-2025-06-06,timeseries.json,fish_larvae,0
2000-02-05 00:00:00+00:00,inference-2026-08-20T16-49-50Z-2025-06-06,timeseries.json,fish_larvae,0
2000-02-06 00:00:00+00:00,inference-2026-08-20T16-49-50Z-2025-06-06,timeseries.json,fish_larvae,0
2000-02-07 00:00:00+00:00,inference-2026-08-20T16-49-50Z-2025-06-06,timeseries.json,fish_larvae,0
2000-02-08 00:00:00+00:00,inference-2026-08-20T16-49-50Z-2025-06-06,timeseries.json,fish_larvae,0
2000-02-09 00:00:00+00:00,inference-2026-08-20T16-49-50Z-2025-06-06,timeseries.json,fish_larvae,0
2000-02-10 00:00:00+00:00,inference-2026-08-20T16-49-50Z-2025-06-06,timeseries.json,fish_larvae,0
2000-02-11 00:00:00+00:00,inference-2026-08-20T16-49-50Z-2025-06-06,timeseries.json,fish_larvae,0
2000-02-12 00:00:00+00:00,inference-2026-08-20T16-49-50Z-2025-06-06,timeseries.json,fish_larvae,0
2000-02-13 00:00:00+00:00,inference-2026-08-20T16-49-50Z-2025-06-06,timeseries.json,fish_larvae,0
2000-02-14 00:00:00+00:00,inference-2026-08-20T16-49-50Z-2025-06-06,timeseries.json,fish_larvae,0
2000-02-15 00:00:00+00:00,inference-2026-08-20T16-49-50Z-2025-06-06,timeseries.json,fish_larvae,0
2000-02-16 00:00:00+00:00,inference-2026-08-20T16-49-50Z-2025-06-06,timeseries.json,fish_larvae,0
2000-02-17 00:00:00+00:00,inference-2026-08-20T16-49-50Z-2025-06-06,timeseries.json,fish_larvae,0
2000-02-18 00:00:00+00:00,inference-2026-08-20T16-49-50Z-2025-06-06,timeseries.json,fish_larvae,0
2000-02-19 00:00:00+00:00,inference-2026-08-20T16-49-50Z-2025-06-06,timeseries.json,fish_larvae,0
2000-02-20 00:00:00+00:00,inference-2026-08-20T16-49-50Z-2025-06-06,timeseries.json,fish_larvae,0
2000-02-21 00:00:00+00:00,inference-2026-08-20T16-49-50Z-2025-06-06,timeseries.json,fish_larvae,0
2000-02-22 00:00:00+00:00,inference-2026-08-20T16-49-50Z-2025-06-06,timeseries.json,fish_larvae,0
2000-02-23 00:00:00+00:00,inference-2026-08-20T16-49-50Z-2025-06-06,timeseries.json,fish_larvae,0
2000-02-24 00:00:00+00:00,inference-2026-08-20T16-49-50Z-2025-06-06,timeseries.json,fish_larvae,0
2000-02-25 00:00:00+00:00,inference-2026-08-20T16-49-50Z-2025-06-06,timeseries.json,fish_larvae,0
2000-02-26 00:00:00+00:00,inference-2026-08-20T16-49-50Z-2025-06-06,timeseries.json,fish_larvae,0
2000-02-27 00:00:00+00:00,inference-2026-08-20T16-49-50Z-2025-06-06,timeseries.json,fish_larvae,0
2000-02-28 00:00:00+00:00,inference-2026-08-20T16-49-50Z-2025-06-06,timeseries.json,fish_larvae,0
2000-02-29 00:00:00+00:00,inference-2026-08-20T16-49-50Z-2025-06-06,timeseries.json,fish_larvae,0
2000-03-01 00:00:00+00:00,inference-2026-08-20T16-49-50Z-2025-06-06,timeseries.json,fish_larvae,0
2000-03-02 00:00:00+00:00,inference-2026-08-20T16-49-50Z-2025-06-06,timeseries.json,fish_larvae,0
2000-03-03 00:00:00+00:00,inference-2026-08-20T16-49-50Z-2025-06-06,timeseries.json,fish_larvae,0
2000-03-04 00:00:00+00:00,inference-2026-08-20T16-49-50Z-2025-06-06,timeseries.json,fish_larvae,0
2000-03-05 00:00:00+00:00,inference-2026-08-20T16-49-50Z-2025-06-06,timeseries.json,fish_larvae,0
2000-03-06 00:00:00+00:00,inference-2026-08-20T16-49-50Z-2025-06-06,timeseries.json,fish_larvae,0
2000-03-07 00:00:00+00:00,inference-2026-08-20T16-49-50Z-2025-06-06,timeseries.json,fish_larvae,0
2000-03-08 00:00:00+00:00,inference-2026-08-20T16-49-50Z-2025-06-06,timeseries.json,fish_larvae,0
2000-03-09 00:00:00+00:00,inference-2026-08-20T16-49-50Z-2025-06-06,timeseries.json,fish_larvae,0
2000-03-10 00:00:00+00:00,inference-2026-08-20T16-49-50Z-2025-06-06,timeseries.json,fish_larvae,0
2000-03-11 00:00:00+00:00,inference-2026-08-20T16-49-50Z-2025-06-06,timeseries.json,fish_larvae,0
2000-03-12 00:00:00+00:00,inference-2026-08-20T16-49-50Z-2025-06-06,timeseries.json,fish_larvae,0
2000-03-13 00:00:00+00:00,inference-2026-08-20T16-49-50Z-2025-06-06,timeseries.json,fish_larvae,0
2000-03-14 00:00:00+00:00,inference-2026-08-20T16-49-50Z-2025-06-06,timeseries.json,fish_larvae,0
2000-03-15 00:00:00+00:00,inference-2026-08-20T16-49-50Z-2025-06-06,timeseries.json,fish_larvae,0
2000-03-16 00:00:00+00:00,inference-2026-08-20T16-49-50Z-2025-06-06,timeseries.json,fish_larvae,0
2000-03-17 00:00:00+00:00,inference-2026-08-20T16-49-50Z-2025-06-06,timeseries.json,fish_larvae,0
2000-03-18 00:00:00+00:00,inference-2026-08-20T16-49-50Z-2025-06-06,timeseries.json,fish_larvae,0
2000-03-19 00:00:00+00:00,inference-2026-08-20T16-49-50Z-2025-06-06,timeseries.json,fish_larvae,0
2000-03-20 00:00:00+00:00,inference-2026-08-20T16-49-50Z-2025-06-06,timeseries.json,fish_larvae,0
2000-03-21 00:00:00+00:00,inference-2026-08-20T16-49-50Z-2025-06-06,timeseries.json,fish_larvae,0
2000-03-22 00:00:00+00:00,inference-2026-08-20T16-49-50Z-2025-06-06,timeseries.json,fish_larvae,0
2000-03-23 00:00:00+00:00,inference-2026-08-20T16-49-50Z-2025-06-06,timeseries.json,fish_larvae,0
2000-03-24 00:00:00+00:00,inference-2026-08-20T16-49-50Z-2025-06-06,timeseries.json,fish_larvae,0
2000-03-25 00:00:00+00:00,inference-2026-08-20T16-49-50Z-2025-06-06,timeseries.json,fish_larvae,0
2000-03-26 00:00:00+00:00,inference-2026-08-20T16-49-50Z-2025-06-06,timeseries.json,fish_larvae,0
2000-03-27 00:00:00+00:00,inference-2026-08-20T16-49-50Z-2025-06-06,timeseries.json,fish_larvae,0
2000-03-28 00:00:00+00:00,inference-2026-08-20T16-49-50Z-2025-06-06,timeseries.json,fish_larvae,0
2000-03-29 00:00:00+00:00,inference-2026-08-20T16-49-50Z-2025-06-06,timeseries.json,fish_larvae,0
2000-03-30 00:00:00+00:00,inference-2026-08-20T16-49-50Z-2025-06-06,timeseries.json,fish_larvae,0
2000-03-31 00:00:00+00:00,inference-2026-08-20T16-49-50Z-2025-06-06,timeseries.json,fish_larvae,0
2000-04-01 00:00:00+00:00,inference-2026-08-20T16-49-50Z-2025-06-06,timeseries.json,fish_larvae,0
2000-04-02 00:00:00+00:00,inference-2026-08-20T16-49-50Z-2025-06-06,timeseries.json,fish_larvae,0
2000-04-03 00:00:00+00:00,inference-2026-08-20T16-49-50Z-2025-06-06,timeseries.json,fish_larvae,0
2000-04-04 00:00:00+00:00,inference-2026-08-20T16-49-50Z-2025-06-06,timeseries.json,fish_larvae,0
2000-04-05 00:00:00+00:00,inference-2026-08-20T16-49-50Z-2025-06-06,timeseries.json,fish_larvae,0
2000-04-06 00:00:00+00:00,inference-2026-08-20T16-49-50Z-2025-06-06,timeseries.json,fish_larvae,0
2000-04-07 00:00:00+00:00,inference-2026-08-20T16-49-50Z-2025-06-06,timeseries.json,fish_larvae,0
2000-04-08 00:00:00+00:00,inference-2026-08-20T16-49-50Z-2025-06-06,timeseries.json,fish_larvae,0
2000-04-09 00:00:00+00:00,inference-2026-08-20T16-49-50Z-2025-06-06,timeseries.json,fish_larvae,0
2000-04-10 00:00:00+00:00,inference-2026-08-20T16-49-50Z-2025-06-06,timeseries.json,fish_larvae,0
2000-04-11 00:00:00+00:00,inference-2026-08-20T16-49-50Z-2025-06-06,timeseries.json,fish_larvae,0
2000-04-12 00:00:00+00:00,inference-2026-08-20T16-49-50Z-2025-06-06,timeseries.json,fish_larvae,0
2000-04-13 00:00:00+00:00,inference-2026-08-20T16-49-50Z-2025-06-06,timeseries.json,fish_larvae,0
2000-04-14 00:00:00+00:00,inference-2026-08-20T16-49-50Z-2025-06-06,timeseries.json,fish_larvae,0
2000-04-15 00:00:00+00:00,inference-2026-08-20T16-49-50Z-2025-06-06,timeseries.json,fish_larvae,0
2000-04-16 00:00:00+00:00,inference-2026-08-20T16-49-50Z-2025-06-06,timeseries.json,fish_larvae,0
2000-04-17 00:00:00+00:00,inference-2026-08-20T16-49-50Z-2025-06-06,timeseries.json,fish_larvae,0
2000-04-18 00:00:00+00:00,inference-2026-08-20T16-49-50Z-2025-06-06,timeseries.json,fish_larvae,0
2000-04-19 00:00:00+00:00,inference-2026-08-20T16-49-50Z-2025-06-06,timeseries.json,fish_larvae,0
2000-04-20 00:00:00+00:00,inference-2026-08-20T16-49-50Z-2025-06-06,timeseries.json,fish_larvae,0
2000-04-21 00:00:00+00:00,inference-2026-08-20T16-49-50Z-2025-06-06,timeseries.json,fish_larvae,0
2000-04-22 00:00:00+00:00,inference-2026-08-20T16-49-50Z-2025-06-06,timeseries.json,fish_larvae,0
2000-04-23 00:00:00+00:00,inference-2026-08-20T16-49-50Z-2025-06-06,timeseries.json,fish_larvae,0
2000-04-24 00:00:00+00:00,inference-2026-08-20T16-49-50Z-2025-06-06,timeseries.json,fish_larvae,0
2000-04-25 00:00:00+00:00,inference-2026-08-20T16-49-50Z-2025-06-06,timeseries.json,fish_larvae,0
2000-04-26 00:00:00+00:00,inference-2026-08-20T16-49-50Z-2025-06-06,timeseries.json,fish_larvae,0
2000-04-27 00:00:00+00:00,inference-2026-08-20T16-49-50Z-2025-06-06,timeseries.json,fish_larvae,0
2000-04-28 00:00:00+00:00,inference-2026-08-20T16-49-50Z-2025-06-06,timeseries.json,fish_larvae,0
2000-04-29 00:00:00+00:00,inference-2026-08-20T16-49-50Z-2025-06-06,timeseries.json,fish_larvae,0
2000-04-30 00:00:00+00:00,inference-2026-08-20T16-49-50Z-2025-06-06,timeseries.json,fish_larvae,0
2000-05-01 00:00:00+00:00,inference-2026-08-20T16-49-50Z-2025-06-06,timeseries.json,fish_larvae,0
2000-05-02 00:00:00+00:00,inference-2026-08-20T16-49-50Z-2025-06-06,timeseries.json,fish_larvae,0
2000-05-03 00:00:00+00:00,inference-2026-08-20T16-49-50Z-2025-06-06,timeseries.json,fish_larvae,0
2000-05-04 00:00:00+00:00,inference-2026-08-20T16-49-50Z-2025-06-06,timeseries.json,fish_larvae,0
2000-05-05 00:00:00+00:00,inference-2026-08-20T16-49-50Z-2025-06-06,timeseries.json,fish_larvae,0
2000-05-06 00:00:00+00:00,inference-2026-08-20T16-49-50Z-2025-06-06,timeseries.json,fish_larvae,0
2000-05-07 00:00:00+00:00,inference-2026-08-20T16-49-50Z-2025-06-06,timeseries.json,fish_larvae,0
2000-05-08 00:00:00+00:00,inference-2026-08-20T16-49-50Z-2025-06-06,timeseries.json,fish_larvae,0
2000-05-09 00:00:00+00:00,inference-2026-08-20T16-49-50Z-2025-06-06,timeseries.json,fish_larvae,0
2000-05-10 00:00:00+00:00,inference-2026-08-20T16-49-50Z-2025-06-06,timeseries.json,fish_larvae,0
2000-05-11 00:00:00+00:00,inference-2026-08-20T16-49-50Z-2025-06-06,timeseries.json,fish_larvae,0
2000-05-12 00:00:00+00:00,inference-2026-08-20T16-49-50Z-2025-06-06,timeseries.json,fish_larvae,0
2000-05-13 00:00:00+00:00,inference-2026-08-20T16-49-50Z-2025-06-06,timeseries.json,fish_larvae,0
2000-05-14 00:00:00+00:00,inference-2026-08-20T16-49-50Z-2025-06-06,timeseries.json,fish_larvae,0
2000-05-15 00:00:00+00:00,inference-2026-08-20T16-49-50Z-2025-06-06,timeseries.json,fish_larvae,0
2000-05-16 00:00:00+00:00,inference-2026-08-20T16-49-50Z-2025-06-06,timeseries.json,fish_larvae,0
2000-05-17 00:00:00+00:00,inference-2026-08-20T16-49-50Z-2025-06-06,timeseries.json,fish_larvae,0
2000-05-18 00:00:00+00:00,inference-2026-08-20T16-49-50Z-2025-06-06,timeseries.json,fish_larvae,0
2000-05-19 00:00:00+00:00,inference-2026-08-20T16-49-50Z-2025-06-06,timeseries.json,fish_larvae,0
2000-05-20 00:00:00+00:00,inference-2026-08-20T16-49-50Z-2025-06-06,timeseries.json,fish_larvae,0
2000-05-21 00:00:00+00:00,inference-2026-08-20T16-49-50Z-2025-06-06,timeseries.json,fish_larvae,0
2000-05-22 00:00:00+00:00,inference-2026-08-20T16-49-50Z-2025-06-06,timeseries.json,fish_larvae,0
2000-05-23 00:00:00+00:00,inference-2026-08-20T16-49-50Z-2025-06-06,timeseries.json,fish_larvae,0
2000-05-24 00:00:00+00:00,inference-2026-08-20T16-49-50Z-2025-06-06,timeseries.json,fish_larvae,0
2000-05-25 00:00:00+00:00,inference-2026-08-20T16-49-50Z-2025-06-06,timeseries.json,fish_larvae,1
2000-05-26 00:00:00+00:00,inference-2026-08-20T16-49-50Z-2025-06-06,timeseries.json,fish_larvae,0
2000-05-27 00:00:00+00:00,inference-2026-08-20T16-49-50Z-2025-06-06,timeseries.json,fish_larvae,0
2000-05-28 00:00:00+00:00,inference-2026-08-20T16-49-50Z-2025-06-06,timeseries.json,fish_larvae,0
2000-05-29 00:00:00+00:00,inference-2026-08-20T16-49-50Z-2025-06-06,timeseries.json,fish_larvae,0
2000-05-30 00:00:00+00:00,inference-2026-08-20T16-49-50Z-2025-06-06,timeseries.json,fish_larvae,0
2000-05-31 00:00:00+00:00,inference-2026-08-20T16-49-50Z-2025-06-06,timeseries.json,fish_larvae,0
2000-06-01 00:00:00+00:00,inference-2026-08-20T16-49-50Z-2025-06-06,timeseries.json,fish_larvae,0
2000-06-02 00:00:00+00:00,inference-2026-08-20T16-49-50Z-2025-06-06,timeseries.json,fish_larvae,0
2000-06-03 00:00:00+00:00,inference-2026-08-20T16-49-50Z-2025-06-06,timeseries.json,fish_larvae,0
2000-06-04 00:00:00+00:00,inference-2026-08-20T16-49-50Z-2025-06-07,timeseries.json,fish_larvae,0
2000-06-05 00:00:00+00:00,inference-2026-08-20T16-49-50Z-2025-06-07,timeseries.json,fish_larvae,0
2000-06-06 00:00:00+00:00,inference-2026-08-20T16-49-50Z-2025-06-07,timeseries.json,fish_larvae,0
2000-06-07 00:00:00+00:00,inference-2026-08-20T16-49-50Z-2025-06-07,timeseries.json,fish_larvae,0
2000-06-08 00:00:00+00:00,inference-2026-08-20T16-49-50Z-2025-06-07,timeseries.json,fish_larvae,0
2000-06-09 00:00:00+00:00,inference-2026-08-20T16-49-50Z-2025-06-07,timeseries.json,fish_larvae,0
2000-06-10 00:00:00+00:00,inference-2026-08-20T16-49-50Z-2025-06-07,timeseries.json,fish_larvae,0
2000-06-11 00:00:00+00:00,inference-2026-08-20T16-49-50Z-2025-06-07,timeseries.json,fish_larvae,0
2000-06-12 00:00:00+00:00,inference-2026-08-20T16-49-50Z-2025-06-07,timeseries.json,fish_larvae,0
2000-06-13 00:00:00+00:00,inference-2026-08-20T16-49-50Z-2025-06-07,timeseries.json,fish_larvae,0
2000-06-14 00:00:00+00:00,inference-2026-08-20T16-49-50Z-2025-06-07,timeseries.json,fish_larvae,0
2000-06-15 00:00:00+00:00,inference-2026-08-20T16-49-50Z-2025-06-07,timeseries.json,fish_larvae,0
2000-06-16 00:00:00+00:00,inference-2026-08-20T16-49-50Z-2025-06-07,timeseries.json,fish_larvae,0
2000-06-17 00:00:00+00:00,inference-2026-08-20T16-49-50Z-2025-06-07,timeseries.json,fish_larvae,0
2000-06-18 00:00:00+00:00,inference-2026-08-20T16-49-50Z-2025-06-07,timeseries.json,fish_larvae,0
2000-06-19 00:00:00+00:00,inference-2026-08-20T16-49-50Z-2025-06-07,timeseries.json,fish_larvae,0
2000-06-20 00:00:00+00:00,inference-2026-08-20T16-49-50Z-2025-06-07,timeseries.json,fish_larvae,0
2000-06-21 00:00:00+00:00,inference-2026-08-20T16-49-50Z-2025-06-07,timeseries.json,fish_larvae,0
2000-06-22 00:00:00+00:00,inference-2026-08-20T16-49-50Z-2025-06-07,timeseries.json,fish_larvae,0
2000-06-23 00:00:00+00:00,inference-2026-08-20T16-49-50Z-2025-06-07,timeseries.json,fish_larvae,0
2000-06-24 00:00:00+00:00,inference-2026-08-20T16-49-50Z-2025-06-07,timeseries.json,fish_larvae,0
2000-06-25 00:00:00+00:00,inference-2026-08-20T16-49-50Z-2025-06-07,timeseries.json,fish_larvae,0
2000-06-26 00:00:00+00:00,inference-2026-08-20T16-49-50Z-2025-06-07,timeseries.json,fish_larvae,0
2000-06-27 00:00:00+00:00,inference-2026-08-20T16-49-50Z-2025-06-07,timeseries.json,fish_larvae,0
2000-06-28 00:00:00+00:00,inference-2026-08-20T16-49-50Z-2025-06-07,timeseries.json,fish_larvae,0
2000-06-29 00:00:00+00:00,inference-2026-08-20T16-49-50Z-2025-06-07,timeseries.json,fish_larvae,0
2000-06-30 00:00:00+00:00,inference-2026-08-20T16-49-50Z-2025-06-07,timeseries.json,fish_larvae,0
2000-07-01 00:00:00+00:00,inference-2026-08-20T16-49-50Z-2025-06-07,timeseries.json,fish_larvae,0
2000-07-02 00:00:00+00:00,inference-2026-08-20T16-49-50Z-2025-06-07,timeseries.json,fish_larvae,0
2000-07-03 00:00:00+00:00,inference-2026-08-20T16-49-50Z-2025-06-07,timeseries.json,fish_larvae,0
2000-07-04 00:00:00+00:00,inference-2026-08-20T16-49-50Z-2025-06-07,timeseries.json,fish_larvae,0
2000-07-05 00:00:00+00:00,inference-2026-08-20T16-49-50Z-2025-06-07,timeseries.json,fish_larvae,0
2000-07-06 00:00:00+00:00,inference-2026-08-20T16-49-50Z-2025-06-07,timeseries.json,fish_larvae,0
2000-07-07 00:00:00+00:00,inference-2026-08-20T16-49-50Z-2025-06-07,timeseries.json,fish_larvae,0
2000-07-08 00:00:00+00:00,inference-2026-08-20T16-49-50Z-2025-06-07,timeseries.json,fish_larvae,0
2000-07-09 00:00:00+00:00,inference-2026-08-20T16-49-50Z-2025-06-07,timeseries.json,fish_larvae,0
2000-07-10 00:00:00+00:00,inference-2026-08-20T16-49-50Z-2025-06-07,timeseries.json,fish_larvae,0
2000-07-11 00:00:00+00:00,inference-2026-08-20T16-49-50Z-2025-06-07,timeseries.json,fish_larvae,0
2000-07-12 00:00:00+00:00,inference-2026-08-20T16-49-50Z-2025-06-07,timeseries.json,fish_larvae,0
2000-07-13 00:00:00+00:00,inference-2026-08-20T16-49-50Z-2025-06-07,timeseries.json,fish_larvae,0
2000-07-14 00:00:00+00:00,inference-2026-08-20T16-49-50Z-2025-06-07,timeseries.json,fish_larvae,0
2000-07-15 00:00:00+00:00,inference-2026-08-20T16-49-50Z-2025-06-07,timeseries.json,fish_larvae,0
2000-07-16 00:00:00+00:00,inference-2026-08-20T16-49-50Z-2025-06-07,timeseries.json,fish_larvae,0
2000-01-01 00:00:00+00:00,inference-2026-08-20T16-49-50Z-2025-06-05,timeseries.json,other,830
2000-01-02 00:00:00+00:00,inference-2026-08-20T16-49-50Z-2025-06-05,timeseries.json,other,867
2000-01-03 00:00:00+00:00,inference-2026-08-20T16-49-50Z-2025-06-05,timeseries.json,other,5972
2000-01-04 00:00:00+00:00,inference-2026-08-20T16-49-50Z-2025-06-05,timeseries.json,other,92
2000-01-05 00:00:00+00:00,inference-2026-08-20T16-49-50Z-2025-06-05,timeseries.json,other,99
2000-01-06 00:00:00+00:00,inference-2026-08-20T16-49-50Z-2025-06-05,timeseries.json,other,93
2000-01-07 00:00:00+00:00,inference-2026-08-20T16-49-50Z-2025-06-05,timeseries.json,other,54
2000-01-08 00:00:00+00:00,inference-2026-08-20T16-49-50Z-2025-06-05,timeseries.json,other,77
2000-01-09 00:00:00+00:00,inference-2026-08-20T16-49-50Z-2025-06-05,timeseries.json,other,81
2000-01-10 00:00:00+00:00,inference-2026-08-20T16-49-50Z-2025-06-05,timeseries.json,other,139
2000-01-11 00:00:00+00:00,inference-2026-08-20T16-49-50Z-2025-06-05,timeseries.json,other,103
2000-01-12 00:00:00+00:00,inference-2026-08-20T16-49-50Z-2025-06-06,timeseries.json,other,131
2000-01-13 00:00:00+00:00,inference-2026-08-20T16-49-50Z-2025-06-06,timeseries.json,other,60
2000-01-14 00:00:00+00:00,inference-2026-08-20T16-49-50Z-2025-06-06,timeseries.json,other,147
2000-01-15 00:00:00+00:00,inference-2026-08-20T16-49-50Z-2025-06-06,timeseries.json,other,170
2000-01-16 00:00:00+00:00,inference-2026-08-20T16-49-50Z-2025-06-06,timeseries.json,other,195
2000-01-17 00:00:00+00:00,inference-2026-08-20T16-49-50Z-2025-06-06,timeseries.json,other,1491
2000-01-18 00:00:00+00:00,inference-2026-08-20T16-49-50Z-2025-06-06,timeseries.json,other,269
2000-01-19 00:00:00+00:00,inference-2026-08-20T16-49-50Z-2025-06-06,timeseries.json,other,332
2000-01-20 00:00:00+00:00,inference-2026-08-20T16-49-50Z-2025-06-06,timeseries.json,other,82
2000-01-21 00:00:00+00:00,inference-2026-08-20T16-49-50Z-2025-06-06,timeseries.json,other,197
2000-01-22 00:00:00+00:00,inference-2026-08-20T16-49-50Z-2025-06-06,timeseries.json,other,314
2000-01-23 00:00:00+00:00,inference-2026-08-20T16-49-50Z-2025-06-06,timeseries.json,other,260
2000-01-24 00:00:00+00:00,inference-2026-08-20T16-49-50Z-2025-06-06,timeseries.json,other,281
2000-01-25 00:00:00+00:00,inference-2026-08-20T16-49-50Z-2025-06-06,timeseries.json,other,226
2000-01-26 00:00:00+00:00,inference-2026-08-20T16-49-50Z-2025-06-06,timeseries.json,other,501
2000-01-27 00:00:00+00:00,inference-2026-08-20T16-49-50Z-2025-06-06,timeseries.json,other,1317
2000-01-28 00:00:00+00:00,inference-2026-08-20T16-49-50Z-2025-06-06,timeseries.json,other,1480
2000-01-29 00:00:00+00:00,inference-2026-08-20T16-49-50Z-2025-06-06,timeseries.json,other,577
2000-01-30 00:00:00+00:00,inference-2026-08-20T16-49-50Z-2025-06-06,timeseries.json,other,93
2000-01-31 00:00:00+00:00,inference-2026-08-20T16-49-50Z-2025-06-06,timeseries.json,other,117
2000-02-01 00:00:00+00:00,inference-2026-08-20T16-49-50Z-2025-06-06,timeseries.json,other,132
2000-02-02 00:00:00+00:00,inference-2026-08-20T16-49-50Z-2025-06-06,timeseries.json,other,137
2000-02-03 00:00:00+00:00,inference-2026-08-20T16-49-50Z-2025-06-06,timeseries.json,other,131
2000-02-04 00:00:00+00:00,inference-2026-08-20T16-49-50Z-2025-06-06,timeseries.json,other,133
2000-02-05 00:00:00+00:00,inference-2026-08-20T16-49-50Z-2025-06-06,timeseries.json,other,141
2000-02-06 00:00:00+00:00,inference-2026-08-20T16-49-50Z-2025-06-06,timeseries.json,other,2339
2000-02-07 00:00:00+00:00,inference-2026-08-20T16-49-50Z-2025-06-06,timeseries.json,other,295
2000-02-08 00:00:00+00:00,inference-2026-08-20T16-49-50Z-2025-06-06,timeseries.json,other,251
2000-02-09 00:00:00+00:00,inference-2026-08-20T16-49-50Z-2025-06-06,timeseries.json,other,26
2000-02-10 00:00:00+00:00,inference-2026-08-20T16-49-50Z-2025-06-06,timeseries.json,other,93
2000-02-11 00:00:00+00:00,inference-2026-08-20T16-49-50Z-2025-06-06,timeseries.json,other,81
2000-02-12 00:00:00+00:00,inference-2026-08-20T16-49-50Z-2025-06-06,timeseries.json,other,1263
2000-02-13 00:00:00+00:00,inference-2026-08-20T16-49-50Z-2025-06-06,timeseries.json,other,410
2000-02-14 00:00:00+00:00,inference-2026-08-20T16-49-50Z-2025-06-06,timeseries.json,other,208
2000-02-15 00:00:00+00:00,inference-2026-08-20T16-49-50Z-2025-06-06,timeseries.json,other,47
2000-02-16 00:00:00+00:00,inference-2026-08-20T16-49-50Z-2025-06-06,timeseries.json,other,71
2000-02-17 00:00:00+00:00,inference-2026-08-20T16-49-50Z-2025-06-06,timeseries.json,other,1445
2000-02-18 00:00:00+00:00,inference-2026-08-20T16-49-50Z-2025-06-06,timeseries.json,other,52
2000-02-19 00:00:00+00:00,inference-2026-08-20T16-49-50Z-2025-06-06,timeseries.json,other,1104
2000-02-20 00:00:00+00:00,inference-2026-08-20T16-49-50Z-2025-06-06,timeseries.json,other,30
2000-02-21 00:00:00+00:00,inference-2026-08-20T16-49-50Z-2025-06-06,timeseries.json,other,71
2000-02-22 00:00:00+00:00,inference-2026-08-20T16-49-50Z-2025-06-06,timeseries.json,other,65
2000-02-23 00:00:00+00:00,inference-2026-08-20T16-49-50Z-2025-06-06,timeseries.json,other,81
2000-02-24 00:00:00+00:00,inference-2026-08-20T16-49-50Z-2025-06-06,timeseries.json,other,1694
2000-02-25 00:00:00+00:00,inference-2026-08-20T16-49-50Z-2025-06-06,timeseries.json,other,210
2000-02-26 00:00:00+00:00,inference-2026-08-20T16-49-50Z-2025-06-06,timeseries.json,other,247
2000-02-27 00:00:00+00:00,inference-2026-08-20T16-49-50Z-2025-06-06,timeseries.json,other,34
2000-02-28 00:00:00+00:00,inference-2026-08-20T16-49-50Z-2025-06-06,timeseries.json,other,105
2000-02-29 00:00:00+00:00,inference-2026-08-20T16-49-50Z-2025-06-06,timeseries.json,other,75
2000-03-01 00:00:00+00:00,inference-2026-08-20T16-49-50Z-2025-06-06,timeseries.json,other,548
2000-03-02 00:00:00+00:00,inference-2026-08-20T16-49-50Z-2025-06-06,timeseries.json,other,609
2000-03-03 00:00:00+00:00,inference-2026-08-20T16-49-50Z-2025-06-06,timeseries.json,other,380
2000-03-04 00:00:00+00:00,inference-2026-08-20T16-49-50Z-2025-06-06,timeseries.json,other,414
2000-03-05 00:00:00+00:00,inference-2026-08-20T16-49-50Z-2025-06-06,timeseries.json,other,371
2000-03-06 00:00:00+00:00,inference-2026-08-20T16-49-50Z-2025-06-06,timeseries.json,other,294
2000-03-07 00:00:00+00:00,inference-2026-08-20T16-49-50Z-2025-06-06,timeseries.json,other,103
2000-03-08 00:00:00+00:00,inference-2026-08-20T16-49-50Z-2025-06-06,timeseries.json,other,88
2000-03-09 00:00:00+00:00,inference-2026-08-20T16-49-50Z-2025-06-06,timeseries.json,other,127
2000-03-10 00:00:00+00:00,inference-2026-08-20T16-49-50Z-2025-06-06,timeseries.json,other,775
2000-03-11 00:00:00+00:00,inference-2026-08-20T16-49-50Z-2025-06-06,timeseries.json,other,367
2000-03-12 00:00:00+00:00,inference-2026-08-20T16-49-50Z-2025-06-06,timeseries.json,other,453
2000-03-13 00:00:00+00:00,inference-2026-08-20T16-49-50Z-2025-06-06,timeseries.json,other,148
2000-03-14 00:00:00+00:00,inference-2026-08-20T16-49-50Z-2025-06-06,timeseries.json,other,101
2000-03-15 00:00:00+00:00,inference-2026-08-20T16-49-50Z-2025-06-06,timeseries.json,other,1840
2000-03-16 00:00:00+00:00,inference-2026-08-20T16-49-50Z-2025-06-06,timeseries.json,other,660
2000-03-17 00:00:00+00:00,inference-2026-08-20T16-49-50Z-2025-06-06,timeseries.json,other,336
2000-03-18 00:00:00+00:00,inference-2026-08-20T16-49-50Z-2025-06-06,timeseries.json,other,189
2000-03-19 00:00:00+00:00,inference-2026-08-20T16-49-50Z-2025-06-06,timeseries.json,other,71
2000-03-20 00:00:00+00:00,inference-2026-08-20T16-49-50Z-2025-06-06,timeseries.json,other,18
2000-03-21 00:00:00+00:00,inference-2026-08-20T16-49-50Z-2025-06-06,timeseries.json,other,86
2000-03-22 00:00:00+00:00,inference-2026-08-20T16-49-50Z-2025-06-06,timeseries.json,other,2564
2000-03-23 00:00:00+00:00,inference-2026-08-20T16-49-50Z-2025-06-06,timeseries.json,other,303
2000-03-24 00:00:00+00:00,inference-2026-08-20T16-49-50Z-2025-06-06,timeseries.json,other,364
2000-03-25 00:00:00+00:00,inference-2026-08-20T16-49-50Z-2025-06-06,timeseries.json,other,760
2000-03-26 00:00:00+00:00,inference-2026-08-20T16-49-50Z-2025-06-06,timeseries.json,other,150
2000-03-27 00:00:00+00:00,inference-2026-08-20T16-49-50Z-2025-06-06,timeseries.json,other,193
2000-03-28 00:00:00+00:00,inference-2026-08-20T16-49-50Z-2025-06-06,timeseries.json,other,151
2000-03-29 00:00:00+00:00,inference-2026-08-20T16-49-50Z-2025-06-06,timeseries.json,other,455
2000-03-30 00:00:00+00:00,inference-2026-08-20T16-49-50Z-2025-06-06,timeseries.json,other,316
2000-03-31 00:00:00+00:00,inference-2026-08-20T16-49-50Z-2025-06-06,timeseries.json,other,306
2000-04-01 00:00:00+00:00,inference-2026-08-20T16-49-50Z-2025-06-06,timeseries.json,other,263
2000-04-02 00:00:00+00:00,inference-2026-08-20T16-49-50Z-2025-06-06,timeseries.json,other,18
2000-04-03 00:00:00+00:00,inference-2026-08-20T16-49-50Z-2025-06-06,timeseries.json,other,163
2000-04-04 00:00:00+00:00,inference-2026-08-20T16-49-50Z-2025-06-06,timeseries.json,other,174
2000-04-05 00:00:00+00:00,inference-2026-08-20T16-49-50Z-2025-06-06,timeseries.json,other,225
2000-04-06 00:00:00+00:00,inference-2026-08-20T16-49-50Z-2025-06-06,timeseries.json,other,1847
2000-04-07 00:00:00+00:00,inference-2026-08-20T16-49-50Z-2025-06-06,timeseries.json,other,328
2000-04-08 00:00:00+00:00,inference-2026-08-20T16-49-50Z-2025-06-06,timeseries.json,other,361
2000-04-09 00:00:00+00:00,inference-2026-08-20T16-49-50Z-2025-06-06,timeseries.json,other,298
2000-04-10 00:00:00+00:00,inference-2026-08-20T16-49-50Z-2025-06-06,timeseries.json,other,324
2000-04-11 00:00:00+00:00,inference-2026-08-20T16-49-50Z-2025-06-06,timeseries.json,other,349
2000-04-12 00:00:00+00:00,inference-2026-08-20T16-49-50Z-2025-06-06,timeseries.json,other,570
2000-04-13 00:00:00+00:00,inference-2026-08-20T16-49-50Z-2025-06-06,timeseries.json,other,3708
2000-04-14 00:00:00+00:00,inference-2026-08-20T16-49-50Z-2025-06-06,timeseries.json,other,74
2000-04-15 00:00:00+00:00,inference-2026-08-20T16-49-50Z-2025-06-06,timeseries.json,other,248
2000-04-16 00:00:00+00:00,inference-2026-08-20T16-49-50Z-2025-06-06,timeseries.json,other,225
2000-04-17 00:00:00+00:00,inference-2026-08-20T16-49-50Z-2025-06-06,timeseries.json,other,1405
2000-04-18 00:00:00+00:00,inference-2026-08-20T16-49-50Z-2025-06-06,timeseries.json,other,1394
2000-04-19 00:00:00+00:00,inference-2026-08-20T16-49-50Z-2025-06-06,timeseries.json,other,293
2000-04-20 00:00:00+00:00,inference-2026-08-20T16-49-50Z-2025-06-06,timeseries.json,other,250
2000-04-21 00:00:00+00:00,inference-2026-08-20T16-49-50Z-2025-06-06,timeseries.json,other,249
2000-04-22 00:00:00+00:00,inference-2026-08-20T16-49-50Z-2025-06-06,timeseries.json,other,1706
2000-04-23 00:00:00+00:00,inference-2026-08-20T16-49-50Z-2025-06-06,timeseries.json,other,2888
2000-04-24 00:00:00+00:00,inference-2026-08-20T16-49-50Z-2025-06-06,timeseries.json,other,2220
2000-04-25 00:00:00+00:00,inference-2026-08-20T16-49-50Z-2025-06-06,timeseries.json,other,592
2000-04-26 00:00:00+00:00,inference-2026-08-20T16-49-50Z-2025-06-06,timeseries.json,other,243
2000-04-27 00:00:00+00:00,inference-2026-08-20T16-49-50Z-2025-06-06,timeseries.json,other,430
2000-04-28 00:00:00+00:00,inference-2026-08-20T16-49-50Z-2025-06-06,timeseries.json,other,805
2000-04-29 00:00:00+00:00,inference-2026-08-20T16-49-50Z-2025-06-06,timeseries.json,other,1105
2000-04-30 00:00:00+00:00,inference-2026-08-20T16-49-50Z-2025-06-06,timeseries.json,other,154
2000-05-01 00:00:00+00:00,inference-2026-08-20T16-49-50Z-2025-06-06,timeseries.json,other,218
2000-05-02 00:00:00+00:00,inference-2026-08-20T16-49-50Z-2025-06-06,timeseries.json,other,243
2000-05-03 00:00:00+00:00,inference-2026-08-20T16-49-50Z-2025-06-06,timeseries.json,other,1961
2000-05-04 00:00:00+00:00,inference-2026-08-20T16-49-50Z-2025-06-06,timeseries.json,other,848
2000-05-05 00:00:00+00:00,inference-2026-08-20T16-49-50Z-2025-06-06,timeseries.json,other,351
2000-05-06 00:00:00+00:00,inference-2026-08-20T16-49-50Z-2025-06-06,timeseries.json,other,450
2000-05-07 00:00:00+00:00,inference-2026-08-20T16-49-50Z-2025-06-06,timeseries.json,other,453
2000-05-08 00:00:00+00:00,inference-2026-08-20T16-49-50Z-2025-06-06,timeseries.json,other,1817
2000-05-09 00:00:00+00:00,inference-2026-08-20T16-49-50Z-2025-06-06,timeseries.json,other,1161
2000-05-10 00:00:00+00:00,inference-2026-08-20T16-49-50Z-2025-06-06,timeseries.json,other,531
2000-05-11 00:00:00+00:00,inference-2026-08-20T16-49-50Z-2025-06-06,timeseries.json,other,88
2000-05-12 00:00:00+00:00,inference-2026-08-20T16-49-50Z-2025-06-06,timeseries.json,other,211
2000-05-13 00:00:00+00:00,inference-2026-08-20T16-49-50Z-2025-06-06,timeseries.json,other,184
2000-05-14 00:00:00+00:00,inference-2026-08-20T16-49-50Z-2025-06-06,timeseries.json,other,3031
2000-05-15 00:00:00+00:00,inference-2026-08-20T16-49-50Z-2025-06-06,timeseries.json,other,496
2000-05-16 00:00:00+00:00,inference-2026-08-20T16-49-50Z-2025-06-06,timeseries.json,other,222
2000-05-17 00:00:00+00:00,inference-2026-08-20T16-49-50Z-2025-06-06,timeseries.json,other,288
2000-05-18 00:00:00+00:00,inference-2026-08-20T16-49-50Z-2025-06-06,timeseries.json,other,272
2000-05-19 00:00:00+00:00,inference-2026-08-20T16-49-50Z-2025-06-06,timeseries.json,other,380
2000-05-20 00:00:00+00:00,inference-2026-08-20T16-49-50Z-2025-06-06,timeseries.json,other,2540
2000-05-21 00:00:00+00:00,inference-2026-08-20T16-49-50Z-2025-06-06,timeseries.json,other,1138
2000-05-22 00:00:00+00:00,inference-2026-08-20T16-49-50Z-2025-06-06,timeseries.json,other,62
2000-05-23 00:00:00+00:00,inference-2026-08-20T16-49-50Z-2025-06-06,timeseries.json,other,350
2000-05-24 00:00:00+00:00,inference-2026-08-20T16-49-50Z-2025-06-06,timeseries.json,other,303
2000-05-25 00:00:00+00:00,inference-2026-08-20T16-49-50Z-2025-06-06,timeseries.json,other,1846
2000-05-26 00:00:00+00:00,inference-2026-08-20T16-49-50Z-2025-06-06,timeseries.json,other,464
2000-05-27 00:00:00+00:00,inference-2026-08-20T16-49-50Z-2025-06-06,timeseries.json,other,315
2000-05-28 00:00:00+00:00,inference-2026-08-20T16-49-50Z-2025-06-06,timeseries.json,other,228
2000-05-29 00:00:00+00:00,inference-2026-08-20T16-49-50Z-2025-06-06,timeseries.json,other,165
2000-05-30 00:00:00+00:00,inference-2026-08-20T16-49-50Z-2025-06-06,timeseries.json,other,201
2000-05-31 00:00:00+00:00,inference-2026-08-20T16-49-50Z-2025-06-06,timeseries.json,other,193
2000-06-01 00:00:00+00:00,inference-2026-08-20T16-49-50Z-2025-06-06,timeseries.json,other,1950
2000-06-02 00:00:00+00:00,inference-2026-08-20T16-49-50Z-2025-06-06,timeseries.json,other,381
2000-06-03 00:00:00+00:00,inference-2026-08-20T16-49-50Z-2025-06-06,timeseries.json,other,192
2000-06-04 00:00:00+00:00,inference-2026-08-20T16-49-50Z-2025-06-07,timeseries.json,other,113
2000-06-05 00:00:00+00:00,inference-2026-08-20T16-49-50Z-2025-06-07,timeseries.json,other,122
2000-06-06 00:00:00+00:00,inference-2026-08-20T16-49-50Z-2025-06-07,timeseries.json,other,87
2000-06-07 00:00:00+00:00,inference-2026-08-20T16-49-50Z-2025-06-07,timeseries.json,other,181
2000-06-08 00:00:00+00:00,inference-2026-08-20T16-49-50Z-2025-06-07,timeseries.json,other,3102
2000-06-09 00:00:00+00:00,inference-2026-08-20T16-49-50Z-2025-06-07,timeseries.json,other,355
2000-06-10 00:00:00+00:00,inference-2026-08-20T16-49-50Z-2025-06-07,timeseries.json,other,347
2000-06-11 00:00:00+00:00,inference-2026-08-20T16-49-50Z-2025-06-07,timeseries.json,other,33
2000-06-12 00:00:00+00:00,inference-2026-08-20T16-49-50Z-2025-06-07,timeseries.json,other,131
2000-06-13 00:00:00+00:00,inference-2026-08-20T16-49-50Z-2025-06-07,timeseries.json,other,111
2000-06-14 00:00:00+00:00,inference-2026-08-20T16-49-50Z-2025-06-07,timeseries.json,other,89
2000-06-15 00:00:00+00:00,inference-2026-08-20T16-49-50Z-2025-06-07,timeseries.json,other,2463
2000-06-16 00:00:00+00:00,inference-2026-08-20T16-49-50Z-2025-06-07,timeseries.json,other,490
2000-06-17 00:00:00+00:00,inference-2026-08-20T16-49-50Z-2025-06-07,timeseries.json,other,360
2000-06-18 00:00:00+00:00,inference-2026-08-20T16-49-50Z-2025-06-07,timeseries.json,other,36
2000-06-19 00:00:00+00:00,inference-2026-08-20T16-49-50Z-2025-06-07,timeseries.json,other,51
2000-06-20 00:00:00+00:00,inference-2026-08-20T16-49-50Z-2025-06-07,timeseries.json,other,2064
2000-06-21 00:00:00+00:00,inference-2026-08-20T16-49-50Z-2025-06-07,timeseries.json,other,460
2000-06-22 00:00:00+00:00,inference-2026-08-20T16-49-50Z-2025-06-07,timeseries.json,other,412
2000-06-23 00:00:00+00:00,inference-2026-08-20T16-49-50Z-2025-06-07,timeseries.json,other,118
2000-06-24 00:00:00+00:00,inference-2026-08-20T16-49-50Z-2025-06-07,timeseries.json,other,90
2000-06-25 00:00:00+00:00,inference-2026-08-20T16-49-50Z-2025-06-07,timeseries.json,other,67
2000-06-26 00:00:00+00:00,inference-2026-08-20T16-49-50Z-2025-06-07,timeseries.json,other,1622
2000-06-27 00:00:00+00:00,inference-2026-08-20T16-49-50Z-2025-06-07,timeseries.json,other,96
2000-06-28 00:00:00+00:00,inference-2026-08-20T16-49-50Z-2025-06-07,timeseries.json,other,93
2000-06-29 00:00:00+00:00,inference-2026-08-20T16-49-50Z-2025-06-07,timeseries.json,other,167
2000-06-30 00:00:00+00:00,inference-2026-08-20T16-49-50Z-2025-06-07,timeseries.json,other,646
2000-07-01 00:00:00+00:00,inference-2026-08-20T16-49-50Z-2025-06-07,timeseries.json,other,44
2000-07-02 00:00:00+00:00,inference-2026-08-20T16-49-50Z-2025-06-07,timeseries.json,other,83
2000-07-03 00:00:00+00:00,inference-2026-08-20T16-49-50Z-2025-06-07,timeseries.json,other,87
2000-07-04 00:00:00+00:00,inference-2026-08-20T16-49-50Z-2025-06-07,timeseries.json,other,1782
2000-07-05 00:00:00+00:00,inference-2026-08-20T16-49-50Z-2025-06-07,timeseries.json,other,158
2000-07-06 00:00:00+00:00,inference-2026-08-20T16-49-50Z-2025-06-07,timeseries.json,other,125
2000-07-07 00:00:00+00:00,inference-2026-08-20T16-49-50Z-2025-06-07,timeseries.json,other,129
2000-07-08 00:00:00+00:00,inference-2026-08-20T16-49-50Z-2025-06-07,timeseries.json,other,92
2000-07-09 00:00:00+00:00,inference-2026-08-20T16-49-50Z-2025-06-07,timeseries.json,other,741
2000-07-10 00:00:00+00:00,inference-2026-08-20T16-49-50Z-2025-06-07,timeseries.json,other,133
2000-07-11 00:00:00+00:00,inference-2026-08-20T16-49-50Z-2025-06-07,timeseries.json,other,257
2000-07-12 00:00:00+00:00,inference-2026-08-20T16-49-50Z-2025-06-07,timeseries.json,other,108
2000-07-13 00:00:00+00:00,inference-2026-08-20T16-49-50Z-2025-06-07,timeseries.json,other,178
2000-07-14 00:00:00+00:00,inference-2026-08-20T16-49-50Z-2025-06-07,timeseries.json,other,179
2000-07-15 00:00:00+00:00,inference-2026-08-20T16-49-50Z-2025-06-07,timeseries.json,other,164
2000-07-16 00:00:00+00:00,inference-2026-08-20T16-49-50Z-2025-06-07,timeseries.json,other,1612
