timestamp,run_name,blob_name,observed_total,mean_sampled_condition_number,total_process_mu_mean,total_process_mu_lower,total_process_mu_upper,total_process_k_mean,total_process_k_lower,total_process_k_upper,ecological_concentration_mean,ecological_concentration_lower,ecological_concentration_upper,Noctiluca_shared_alpha_mean,Noctiluca_shared_alpha_lower,Noctiluca_shared_alpha_upper,Noctiluca_ecological_mean,Noctiluca_corrected_mean,Noctiluca_corrected_median,Noctiluca_corrected_lower,Noctiluca_corrected_upper,Noctiluca_boundary_frequency,Noctiluca_expected_composition,Noctiluca_composition_median,Noctiluca_composition_lower,Noctiluca_composition_upper,Noctiluca_expected_true_count,Noctiluca_latent_true_count_median,Noctiluca_latent_true_count_lower,Noctiluca_latent_true_count_upper,Phyto_Centrics_shared_alpha_mean,Phyto_Centrics_shared_alpha_lower,Phyto_Centrics_shared_alpha_upper,Phyto_Centrics_ecological_mean,Phyto_Centrics_corrected_mean,Phyto_Centrics_corrected_median,Phyto_Centrics_corrected_lower,Phyto_Centrics_corrected_upper,Phyto_Centrics_boundary_frequency,Phyto_Centrics_expected_composition,Phyto_Centrics_composition_median,Phyto_Centrics_composition_lower,Phyto_Centrics_composition_upper,Phyto_Centrics_expected_true_count,Phyto_Centrics_latent_true_count_median,Phyto_Centrics_latent_true_count_lower,Phyto_Centrics_latent_true_count_upper,Tripos_shared_alpha_mean,Tripos_shared_alpha_lower,Tripos_shared_alpha_upper,Tripos_ecological_mean,Tripos_corrected_mean,Tripos_corrected_median,Tripos_corrected_lower,Tripos_corrected_upper,Tripos_boundary_frequency,Tripos_expected_composition,Tripos_composition_median,Tripos_composition_lower,Tripos_composition_upper,Tripos_expected_true_count,Tripos_latent_true_count_median,Tripos_latent_true_count_lower,Tripos_latent_true_count_upper,bubbles_shared_alpha_mean,bubbles_shared_alpha_lower,bubbles_shared_alpha_upper,bubbles_ecological_mean,bubbles_corrected_mean,bubbles_corrected_median,bubbles_corrected_lower,bubbles_corrected_upper,bubbles_boundary_frequency,bubbles_expected_composition,bubbles_composition_median,bubbles_composition_lower,bubbles_composition_upper,bubbles_expected_true_count,bubbles_latent_true_count_median,bubbles_latent_true_count_lower,bubbles_latent_true_count_upper,copepods_shared_alpha_mean,copepods_shared_alpha_lower,copepods_shared_alpha_upper,copepods_ecological_mean,copepods_corrected_mean,copepods_corrected_median,copepods_corrected_lower,copepods_corrected_upper,copepods_boundary_frequency,copepods_expected_composition,copepods_composition_median,copepods_composition_lower,copepods_composition_upper,copepods_expected_true_count,copepods_latent_true_count_median,copepods_latent_true_count_lower,copepods_latent_true_count_upper,fish_eggs_shared_alpha_mean,fish_eggs_shared_alpha_lower,fish_eggs_shared_alpha_upper,fish_eggs_ecological_mean,fish_eggs_corrected_mean,fish_eggs_corrected_median,fish_eggs_corrected_lower,fish_eggs_corrected_upper,fish_eggs_boundary_frequency,fish_eggs_expected_composition,fish_eggs_composition_median,fish_eggs_composition_lower,fish_eggs_composition_upper,fish_eggs_expected_true_count,fish_eggs_latent_true_count_median,fish_eggs_latent_true_count_lower,fish_eggs_latent_true_count_upper,fish_larvae_shared_alpha_mean,fish_larvae_shared_alpha_lower,fish_larvae_shared_alpha_upper,fish_larvae_ecological_mean,fish_larvae_corrected_mean,fish_larvae_corrected_median,fish_larvae_corrected_lower,fish_larvae_corrected_upper,fish_larvae_boundary_frequency,fish_larvae_expected_composition,fish_larvae_composition_median,fish_larvae_composition_lower,fish_larvae_composition_upper,fish_larvae_expected_true_count,fish_larvae_latent_true_count_median,fish_larvae_latent_true_count_lower,fish_larvae_latent_true_count_upper,other_shared_alpha_mean,other_shared_alpha_lower,other_shared_alpha_upper,other_ecological_mean,other_corrected_mean,other_corrected_median,other_corrected_lower,other_corrected_upper,other_boundary_frequency,other_expected_composition,other_composition_median,other_composition_lower,other_composition_upper,other_expected_true_count,other_latent_true_count_median,other_latent_true_count_lower,other_latent_true_count_upper
2000-01-01 00:00:00+00:00,inference-2026-08-20T16-49-50Z-2025-06-05,timeseries.json,1002.0,2583829.962722908,2952.685835745842,2528.3054430787065,3408.7130345198425,0.6293992088431533,0.5417106260112091,0.7253639031058674,0.9488192725953514,0.8131847164114016,1.0963361089722414,0.17448750042931224,0.029326976000129484,0.40686183724439196,0.18197229631564835,49.56955406938849,0.36748482657970194,3.6757242940640766e-51,174.43232782967152,0.527,0.04947604790419161,0.0,0.0,0.18193612774448165,49.56955406938849,0.36748482657970194,3.6757242940640766e-51,174.43232782967152,0.12887280705878146,0.035607478681888176,0.38035062764382205,0.13609885439853342,7.020993630336929,0.044636266713557776,1.0115559521358645e-11,32.91530328082469,0.657,0.007087824351297406,0.0,0.0,0.032035928143712485,7.020993630336929,0.044636266713557776,1.0115559521358645e-11,32.91530328082469,0.13370503363630082,0.023977055709291643,0.37040920208095657,0.1408071353717034,151.6650349235862,1.557952211986878,4.297820368290903e-19,946.7827345468332,0.451,0.15155289421157683,0.000998003992015968,0.0,0.9451596806387225,151.6650349235862,1.557952211986878,4.297820368290903e-19,946.7827345468332,0.15677943872525354,0.011011724342113137,0.40515303787786394,0.16497781849690807,135.4663882613509,0.31886921557900255,1.0092662473062265e-45,908.7961086435304,0.536,0.1350758483033932,0.0,0.0,0.9042914171656686,135.4663882613509,0.31886921557900255,1.0092662473062265e-45,908.7961086435304,0.08304674904813689,0.013522600788798163,0.22345261077886178,0.0892191211215947,60.558332895884014,0.015097362186456551,7.446322105243198e-36,273.47957060187997,0.61,0.06051397205588822,0.0,0.0,0.2883732534929868,60.558332895884014,0.015097362186456551,7.446322105243198e-36,273.47957060187997,0.06085896779019118,0.007398687486848865,0.15983606370633638,0.06489266643253112,279.62173584739355,0.16031451508371775,4.532489424012462e-62,969.8452246897003,0.525,0.27908483033932135,0.0,0.0,0.9670658682634731,279.62173584739355,0.16031451508371775,4.532489424012462e-62,969.8452246897003,0.0910358178140152,0.013961862876157841,0.20438845013168142,0.09449631413325485,113.18451847708344,0.5200130554190462,1.0984099967500516e-25,913.8755858531292,0.498,0.11277345309381238,0.000998003992015968,0.0,0.9111776447105788,113.18451847708344,0.5200130554190462,1.0984099967500516e-25,913.8755858531292,0.12003295809335998,0.0747279044292479,0.21100161832008557,0.12753579372982599,204.91344189497636,27.36785945311006,8.032461615298002e-08,931.4909418251403,0.291,0.20443512974051897,0.02594810379241517,0.0,0.9291417165668663,204.91344189497636,27.36785945311006,8.032461615298002e-08,931.4909418251403
2000-01-02 00:00:00+00:00,inference-2026-08-20T16-49-50Z-2025-06-05,timeseries.json,1056.0,2583829.962722908,2952.685835745842,2528.3054430787065,3408.7130345198425,0.6293992088431533,0.5417106260112091,0.7253639031058674,0.9488192725953514,0.8131847164114016,1.0963361089722414,0.17448750042931224,0.029326976000129484,0.40686183724439196,0.18197229631564835,56.49146449252247,0.44753149004223414,2.6085681311302744e-18,184.62499973092142,0.517,0.05349431818181818,0.0,0.0,0.19214015151511973,56.49146449252247,0.44753149004223414,2.6085681311302744e-18,184.62499973092142,0.12887280705878146,0.035607478681888176,0.38035062764382205,0.13609885439853342,2.713480627600595,0.024063918918780895,2.61889893753251e-15,14.3764496252947,0.687,0.0025501893939393937,0.0,0.0,0.014204545454545454,2.713480627600595,0.024063918918780895,2.61889893753251e-15,14.3764496252947,0.13370503363630082,0.023977055709291643,0.37040920208095657,0.1408071353717034,158.08669440912814,0.2475861803198876,1.684109650784981e-20,1044.6659369094255,0.554,0.1497026515151515,0.0,0.0,0.9867897727272726,158.08669440912814,0.2475861803198876,1.684109650784981e-20,1044.6659369094255,0.15677943872525354,0.011011724342113137,0.40515303787786394,0.16497781849690807,157.43479146497273,0.4680073398642518,3.1146381872203615e-37,1047.747257421818,0.524,0.1490445075757576,0.0,0.0,0.9924715909090909,157.43479146497273,0.4680073398642518,3.1146381872203615e-37,1047.747257421818,0.08304674904813689,0.013522600788798163,0.22345261077886178,0.0892191211215947,54.96291174093082,0.0029080500873677876,5.495110959440304e-52,171.11793382264753,0.712,0.05205208333333334,0.0,0.0,0.16339962121208457,54.96291174093082,0.0029080500873677876,5.495110959440304e-52,171.11793382264753,0.06085896779019118,0.007398687486848865,0.15983606370633638,0.06489266643253112,309.60257060009536,0.05116565537339043,8.40979413982615e-68,1049.794064142803,0.563,0.2931051136363636,0.0,0.0,0.9943181818181818,309.60257060009536,0.05116565537339043,8.40979413982615e-68,1049.794064142803,0.0910358178140152,0.013961862876157841,0.20438845013168142,0.09449631413325485,107.15450404771077,0.02734789474907918,1.3452965735505348e-29,1041.8795022519714,0.636,0.10159943181818182,0.0,0.0,0.9876893939393939,107.15450404771077,0.02734789474907918,1.3452965735505348e-29,1041.8795022519714,0.12003295809335998,0.0747279044292479,0.21100161832008557,0.12753579372982599,209.5535826170389,0.6195335905367512,2.236872675880555e-09,1049.2076118047191,0.513,0.19845170454545455,0.0,0.0,0.9933712121212122,209.5535826170389,0.6195335905367512,2.236872675880555e-09,1049.2076118047191
2000-01-03 00:00:00+00:00,inference-2026-08-20T16-49-50Z-2025-06-05,timeseries.json,7753.0,2583829.962722908,2952.685835745842,2528.3054430787065,3408.7130345198425,0.6293992088431533,0.5417106260112091,0.7253639031058674,0.9488192725953514,0.8131847164114016,1.0963361089722414,0.17448750042931224,0.029326976000129484,0.40686183724439196,0.18197229631564835,543.442175643313,30.324660546863534,2.4425489327978935e-52,1644.5572879150996,0.352,0.07010408873984264,0.00399845221204695,0.0,0.20746162775696708,543.442175643313,30.324660546863534,2.4425489327978935e-52,1644.5572879150996,0.12887280705878146,0.035607478681888176,0.38035062764382205,0.13609885439853342,146.46398230198426,4.02086583611754,3.56748284201282e-14,625.1014066316567,0.411,0.01884444731071843,0.0006449116471043467,0.0,0.08087192054688508,146.46398230198426,4.02086583611754,3.56748284201282e-14,625.1014066316567,0.13370503363630082,0.023977055709291643,0.37040920208095657,0.1408071353717034,1200.6176381396008,30.57395286403433,6.930425896639317e-18,7115.209984177464,0.366,0.15492338449632398,0.003804978717915646,0.0,0.9181220172836322,1200.6176381396008,30.57395286403433,6.930425896639317e-18,7115.209984177464,0.15677943872525354,0.011011724342113137,0.40515303787786394,0.16497781849690807,1242.9571365451372,115.09934873598712,4.8614455954786285e-31,7165.752731874217,0.352,0.160284406036373,0.015090932542241713,0.0,0.9249387333935252,1242.9571365451372,115.09934873598712,4.8614455954786285e-31,7165.752731874217,0.08304674904813689,0.013522600788798163,0.22345261077886178,0.0892191211215947,404.19793906628354,0.020644868700294722,9.21589329804934e-32,1484.1719866162648,0.619,0.052190893847542885,0.0,0.0,0.1898748871404282,404.19793906628354,0.020644868700294722,9.21589329804934e-32,1484.1719866162648,0.06085896779019118,0.007398687486848865,0.15983606370633638,0.06489266643253112,2059.9600577389947,0.35446385991766033,2.9079337033162337e-53,7136.095020000193,0.511,0.26566774151941186,0.0,0.0,0.9200374048755321,2059.9600577389947,0.35446385991766033,2.9079337033162337e-53,7136.095020000193,0.0910358178140152,0.013961862876157841,0.20438845013168142,0.09449631413325485,716.3462226101892,0.07281438075716538,5.040400414730101e-35,7052.309863444785,0.573,0.09235998968141365,0.0,0.0,0.9106474912936927,716.3462226101892,0.07281438075716538,5.040400414730101e-35,7052.309863444785,0.12003295809335998,0.0747279044292479,0.21100161832008557,0.12753579372982599,1439.0148479544953,7.322738257349462,6.032972221799691e-09,7146.0225669244755,0.35,0.18562504836837354,0.0009028763059460854,0.0,0.9212046949567909,1439.0148479544953,7.322738257349462,6.032972221799691e-09,7146.0225669244755
2000-01-04 00:00:00+00:00,inference-2026-08-20T16-49-50Z-2025-06-05,timeseries.json,190.0,2583829.962722908,2952.685835745842,2528.3054430787065,3408.7130345198425,0.6293992088431533,0.5417106260112091,0.7253639031058674,0.9488192725953514,0.8131847164114016,1.0963361089722414,0.17448750042931224,0.029326976000129484,0.40686183724439196,0.18197229631564835,27.20505985169404,1.9427873378538014,8.838359731217639e-31,131.72131519404502,0.448,0.14286315789473683,0.010526315789473684,0.0,0.6894736842105263,27.20505985169404,1.9427873378538014,8.838359731217639e-31,131.72131519404502,0.12887280705878146,0.035607478681888176,0.38035062764382205,0.13609885439853342,36.36540676109386,2.7059244764157633,4.307769097083691e-17,135.25126766860782,0.452,0.19203157894736841,0.010526315789473684,0.0,0.7157894736842105,36.36540676109386,2.7059244764157633,4.307769097083691e-17,135.25126766860782,0.13370503363630082,0.023977055709291643,0.37040920208095657,0.1408071353717034,16.288280045938368,0.17872399500960284,3.097485291725421e-25,94.6162056239396,0.562,0.08572105263157895,0.0,0.0,0.5165789473684204,16.288280045938368,0.17872399500960284,3.097485291725421e-25,94.6162056239396,0.15677943872525354,0.011011724342113137,0.40515303787786394,0.16497781849690807,46.30965028683983,44.899808387692104,5.210854221688965e-26,139.33947623886183,0.352,0.24328947368421053,0.23157894736842105,0.0,0.7368421052631579,46.30965028683983,44.899808387692104,5.210854221688965e-26,139.33947623886183,0.08304674904813689,0.013522600788798163,0.22345261077886178,0.0892191211215947,16.35909457968075,0.0020815746491621694,4.195248111802585e-36,132.11500267821307,0.711,0.08640526315789473,0.0,0.0,0.6894736842105263,16.35909457968075,0.0020815746491621694,4.195248111802585e-36,132.11500267821307,0.06085896779019118,0.007398687486848865,0.15983606370633638,0.06489266643253112,21.316903867382003,9.846322512155141e-05,3.6145304751115035e-114,133.54643366042285,0.703,0.11192105263157896,0.0,0.0,0.7,21.316903867382003,9.846322512155141e-05,3.6145304751115035e-114,133.54643366042285,0.0910358178140152,0.013961862876157841,0.20438845013168142,0.09449631413325485,10.818096165359224,0.003746513628295831,6.6906625584646965e-31,126.27482548497912,0.726,0.056931578947368416,0.0,0.0,0.6578947368421053,10.818096165359224,0.003746513628295831,6.6906625584646965e-31,126.27482548497912,0.12003295809335998,0.0747279044292479,0.21100161832008557,0.12753579372982599,15.337508442011764,0.052679788723565824,2.0717914244375004e-11,133.67433779510753,0.641,0.08083684210526315,0.0,0.0,0.7052631578947368,15.337508442011764,0.052679788723565824,2.0717914244375004e-11,133.67433779510753
2000-01-05 00:00:00+00:00,inference-2026-08-20T16-49-50Z-2025-06-05,timeseries.json,191.0,2583829.962722908,2952.685835745842,2528.3054430787065,3408.7130345198425,0.6293992088431533,0.5417106260112091,0.7253639031058674,0.9488192725953514,0.8131847164114016,1.0963361089722414,0.17448750042931224,0.029326976000129484,0.40686183724439196,0.18197229631564835,23.833850279179334,2.920201792565215,8.037016961258306e-43,164.01711840667411,0.417,0.12413089005235602,0.015706806282722512,0.0,0.8586387434554974,23.833850279179334,2.920201792565215,8.037016961258306e-43,164.01711840667411,0.12887280705878146,0.035607478681888176,0.38035062764382205,0.13609885439853342,37.00003830726113,1.0082187782658716,1.0766835616989046e-10,165.2300677111071,0.468,0.1931675392670157,0.005235602094240838,0.0,0.8691099476439791,37.00003830726113,1.0082187782658716,1.0766835616989046e-10,165.2300677111071,0.13370503363630082,0.023977055709291643,0.37040920208095657,0.1408071353717034,12.119470390926033,0.012485625375433759,1.6649516867808286e-29,55.109598242440626,0.653,0.06367015706806284,0.0,0.0,0.28691099476437504,12.119470390926033,0.012485625375433759,1.6649516867808286e-29,55.109598242440626,0.15677943872525354,0.011011724342113137,0.40515303787786394,0.16497781849690807,46.01720493726417,19.536514727347424,1.2241024610911837e-39,170.80564017295862,0.367,0.24185863874345545,0.09947643979057591,0.0,0.9057591623036649,46.01720493726417,19.536514727347424,1.2241024610911837e-39,170.80564017295862,0.08304674904813689,0.013522600788798163,0.22345261077886178,0.0892191211215947,17.51622600148871,0.00022009990247903684,7.974023208871972e-34,161.55334139450198,0.735,0.09156544502617801,0.0,0.0,0.8379581151832458,17.51622600148871,0.00022009990247903684,7.974023208871972e-34,161.55334139450198,0.06085896779019118,0.007398687486848865,0.15983606370633638,0.06489266643253112,24.484554109487238,1.1049222968225267e-05,2.045640422614268e-80,164.18909036755974,0.752,0.12844502617801046,0.0,0.0,0.8586387434554974,24.484554109487238,1.1049222968225267e-05,2.045640422614268e-80,164.18909036755974,0.0910358178140152,0.013961862876157841,0.20438845013168142,0.09449631413325485,12.564143995908225,0.0019757258821127416,1.0951949372203221e-34,137.33440379414415,0.723,0.06575916230366494,0.0,0.0,0.7068062827225131,12.564143995908225,0.0019757258821127416,1.0951949372203221e-34,137.33440379414415,0.12003295809335998,0.0747279044292479,0.21100161832008557,0.12753579372982599,17.46451197848514,0.034350179726527555,2.3387657295672344e-10,163.12838630646542,0.693,0.09140314136125655,0.0,0.0,0.8484293193717275,17.46451197848514,0.034350179726527555,2.3387657295672344e-10,163.12838630646542
2000-01-06 00:00:00+00:00,inference-2026-08-20T16-49-50Z-2025-06-05,timeseries.json,165.0,2583829.962722908,2952.685835745842,2528.3054430787065,3408.7130345198425,0.6293992088431533,0.5417106260112091,0.7253639031058674,0.9488192725953514,0.8131847164114016,1.0963361089722414,0.17448750042931224,0.029326976000129484,0.40686183724439196,0.18197229631564835,21.194617510775835,3.4541238509580303,2.2877963095698835e-44,133.66780432420236,0.432,0.12803636363636364,0.01818181818181818,0.0,0.806060606060606,21.194617510775835,3.4541238509580303,2.2877963095698835e-44,133.66780432420236,0.12887280705878146,0.035607478681888176,0.38035062764382205,0.13609885439853342,31.880354345490012,4.25346804674067,2.309558290476684e-10,135.88523595476664,0.429,0.19310303030303028,0.024242424242424242,0.0,0.8242424242424242,31.880354345490012,4.25346804674067,2.309558290476684e-10,135.88523595476664,0.13370503363630082,0.023977055709291643,0.37040920208095657,0.1408071353717034,12.93535004846695,0.43955866440402347,8.30010120260904e-21,67.54622263241347,0.519,0.0785939393939394,0.0,0.0,0.4184848484848427,12.93535004846695,0.43955866440402347,8.30010120260904e-21,67.54622263241347,0.15677943872525354,0.011011724342113137,0.40515303787786394,0.16497781849690807,35.80703490928029,12.955604643605643,6.480016155636526e-29,140.41011233145025,0.386,0.2172727272727273,0.07878787878787878,0.0,0.8545454545454545,35.80703490928029,12.955604643605643,6.480016155636526e-29,140.41011233145025,0.08304674904813689,0.013522600788798163,0.22345261077886178,0.0892191211215947,14.61505283748511,0.0008854282384600458,1.8287403090005935e-41,129.36151862471664,0.706,0.08913333333333334,0.0,0.0,0.7878787878787878,14.61505283748511,0.0008854282384600458,1.8287403090005935e-41,129.36151862471664,0.06085896779019118,0.007398687486848865,0.15983606370633638,0.06489266643253112,19.550124671376416,0.0006229079616645118,6.232434442688238e-74,131.95773993744316,0.697,0.11828484848484846,0.0,0.0,0.8,19.550124671376416,0.0006229079616645118,6.232434442688238e-74,131.95773993744316,0.0910358178140152,0.013961862876157841,0.20438845013168142,0.09449631413325485,12.678110237694206,0.003250737256075258,2.899393869041736e-40,125.5425673587845,0.688,0.07647878787878787,0.0,0.0,0.7527272727272716,12.678110237694206,0.003250737256075258,2.899393869041736e-40,125.5425673587845,0.12003295809335998,0.0747279044292479,0.21100161832008557,0.12753579372982599,16.339355439431145,0.20311079488624928,1.9806233181611487e-10,133.37671580607665,0.579,0.0990969696969697,0.0,0.0,0.8,16.339355439431145,0.20311079488624928,1.9806233181611487e-10,133.37671580607665
2000-01-07 00:00:00+00:00,inference-2026-08-20T16-49-50Z-2025-06-05,timeseries.json,144.0,2583829.962722908,2952.685835745842,2528.3054430787065,3408.7130345198425,0.6293992088431533,0.5417106260112091,0.7253639031058674,0.9488192725953514,0.8131847164114016,1.0963361089722414,0.17448750042931224,0.029326976000129484,0.40686183724439196,0.18197229631564835,30.40711268394049,27.456369324426998,5.25065080892541e-53,85.07011525564928,0.373,0.2110486111111111,0.19444444444444445,0.0,0.5833333333333334,30.40711268394049,27.456369324426998,5.25065080892541e-53,85.07011525564928,0.12887280705878146,0.035607478681888176,0.38035062764382205,0.13609885439853342,25.208124606932692,0.6549122162317575,4.5606904316071916e-18,87.00986185689571,0.5,0.17592361111111116,0.003472222222222222,0.0,0.6041666666666666,25.208124606932692,0.6549122162317575,4.5606904316071916e-18,87.00986185689571,0.13370503363630082,0.023977055709291643,0.37040920208095657,0.1408071353717034,15.10445350692448,0.0726792603386938,5.099126883377602e-25,61.520338654092306,0.592,0.10430555555555555,0.0,0.0,0.4520833333333327,15.10445350692448,0.0726792603386938,5.099126883377602e-25,61.520338654092306,0.15677943872525354,0.011011724342113137,0.40515303787786394,0.16497781849690807,33.85087430506812,16.165108073393938,3.46598331553722e-29,89.08796758542898,0.408,0.23472916666666668,0.10416666666666667,0.0,0.625,33.85087430506812,16.165108073393938,3.46598331553722e-29,89.08796758542898,0.08304674904813689,0.013522600788798163,0.22345261077886178,0.0892191211215947,10.785918319285802,0.0009028784159794997,7.809859933540916e-35,84.16989743888497,0.756,0.07480555555555556,0.0,0.0,0.5833333333333334,10.785918319285802,0.0009028784159794997,7.809859933540916e-35,84.16989743888497,0.06085896779019118,0.007398687486848865,0.15983606370633638,0.06489266643253112,13.012943585855071,4.640094213707982e-05,1.9022943727137664e-87,84.38842291955262,0.751,0.09046527777777777,0.0,0.0,0.5902777777777778,13.012943585855071,4.640094213707982e-05,1.9022943727137664e-87,84.38842291955262,0.0910358178140152,0.013961862876157841,0.20438845013168142,0.09449631413325485,6.267291502082008,0.0007537884265964815,1.2236394961901833e-33,75.85887526019013,0.772,0.043569444444444445,0.0,0.0,0.5138888888888888,6.267291502082008,0.0007537884265964815,1.2236394961901833e-33,75.85887526019013,0.12003295809335998,0.0747279044292479,0.21100161832008557,0.12753579372982599,9.363281489911243,0.0166121957259003,6.775458234598736e-12,85.02663708945934,0.707,0.06515277777777777,0.0,0.0,0.5902777777777778,9.363281489911243,0.0166121957259003,6.775458234598736e-12,85.02663708945934
2000-01-08 00:00:00+00:00,inference-2026-08-20T16-49-50Z-2025-06-05,timeseries.json,166.0,2583829.962722908,2952.685835745842,2528.3054430787065,3408.7130345198425,0.6293992088431533,0.5417106260112091,0.7253639031058674,0.9488192725953514,0.8131847164114016,1.0963361089722414,0.17448750042931224,0.029326976000129484,0.40686183724439196,0.18197229631564835,22.532178231517605,2.5191931123251705,5.819925141696585e-34,126.26796050560328,0.437,0.13527710843373494,0.018072289156626505,0.0,0.7530120481927711,22.532178231517605,2.5191931123251705,5.819925141696585e-34,126.26796050560328,0.12887280705878146,0.035607478681888176,0.38035062764382205,0.13609885439853342,30.813455257101023,2.4196464274107012,2.2159318022579602e-13,125.81210615235328,0.438,0.1865120481927711,0.012048192771084338,0.0,0.7593373493975901,30.813455257101023,2.4196464274107012,2.2159318022579602e-13,125.81210615235328,0.13370503363630082,0.023977055709291643,0.37040920208095657,0.1408071353717034,13.56358942187469,0.06651898090108298,9.990400207268229e-21,45.304130860185566,0.571,0.08166265060240965,0.0,0.0,0.27831325301203613,13.56358942187469,0.06651898090108298,9.990400207268229e-21,45.304130860185566,0.15677943872525354,0.011011724342113137,0.40515303787786394,0.16497781849690807,40.10181225399109,23.180988338587724,1.6189560790532362e-25,132.31465253048717,0.367,0.24142168674698794,0.15060240963855423,0.0,0.8012048192771084,40.10181225399109,23.180988338587724,1.6189560790532362e-25,132.31465253048717,0.08304674904813689,0.013522600788798163,0.22345261077886178,0.0892191211215947,13.444963637129122,0.012876956797056912,3.9251471383421395e-33,117.65586045356196,0.653,0.0806987951807229,0.0,0.0,0.7108433734939759,13.444963637129122,0.012876956797056912,3.9251471383421395e-33,117.65586045356196,0.06085896779019118,0.007398687486848865,0.15983606370633638,0.06489266643253112,18.11756022365795,0.00011411918541874138,1.5626159910062712e-61,122.9686101335832,0.726,0.1093433734939759,0.0,0.0,0.7352409638554215,18.11756022365795,0.00011411918541874138,1.5626159910062712e-61,122.9686101335832,0.0910358178140152,0.013961862876157841,0.20438845013168142,0.09449631413325485,8.937415524694506,0.002439226766237231,2.76756510527275e-37,91.64340664035927,0.715,0.05336746987951807,0.0,0.0,0.5451807228915635,8.937415524694506,0.002439226766237231,2.76756510527275e-37,91.64340664035927,0.12003295809335998,0.0747279044292479,0.21100161832008557,0.12753579372982599,18.48902545003397,0.3904150596225945,8.84022708647012e-10,126.62288534861989,0.53,0.11171686746987954,0.0,0.0,0.7590361445783133,18.48902545003397,0.3904150596225945,8.84022708647012e-10,126.62288534861989
2000-01-09 00:00:00+00:00,inference-2026-08-20T16-49-50Z-2025-06-05,timeseries.json,172.0,2583829.962722908,2952.685835745842,2528.3054430787065,3408.7130345198425,0.6293992088431533,0.5417106260112091,0.7253639031058674,0.9488192725953514,0.8131847164114016,1.0963361089722414,0.17448750042931224,0.029326976000129484,0.40686183724439196,0.18197229631564835,21.53422086581109,3.8757261151993125,2.112338869419718e-27,115.9172527527926,0.396,0.12524418604651164,0.023255813953488372,0.0,0.6805232558139532,21.53422086581109,3.8757261151993125,2.112338869419718e-27,115.9172527527926,0.12887280705878146,0.035607478681888176,0.38035062764382205,0.13609885439853342,31.195792084327515,4.121746758885616,2.254280739579487e-15,132.98744461761098,0.403,0.18147093023255814,0.026162790697674417,0.0,0.7674418604651163,31.195792084327515,4.121746758885616,2.254280739579487e-15,132.98744461761098,0.13370503363630082,0.023977055709291643,0.37040920208095657,0.1408071353717034,12.859658511114151,0.05570113415760848,2.3185505976098736e-22,56.39624559872114,0.574,0.07547674418604652,0.0,0.0,0.3409883720930198,12.859658511114151,0.05570113415760848,2.3185505976098736e-22,56.39624559872114,0.15677943872525354,0.011011724342113137,0.40515303787786394,0.16497781849690807,40.415502019729324,29.775913747645394,4.658684219711947e-28,139.50064011348184,0.351,0.23480813953488372,0.16569767441860467,0.0,0.8081395348837209,40.415502019729324,29.775913747645394,4.658684219711947e-28,139.50064011348184,0.08304674904813689,0.013522600788798163,0.22345261077886178,0.0892191211215947,15.282207667288828,0.08253232640813453,3.1968790356416616e-23,111.38171009574481,0.57,0.0888313953488372,0.0,0.0,0.6395348837209303,15.282207667288828,0.08253232640813453,3.1968790356416616e-23,111.38171009574481,0.06085896779019118,0.007398687486848865,0.15983606370633638,0.06489266643253112,18.74986956575226,1.0423107114215135e-05,7.33137420381894e-97,130.68739098847493,0.731,0.10884302325581395,0.0,0.0,0.7558139534883721,18.74986956575226,1.0423107114215135e-05,7.33137420381894e-97,130.68739098847493,0.0910358178140152,0.013961862876157841,0.20438845013168142,0.09449631413325485,9.61412191746966,0.007531796132577417,1.8144156582351808e-55,88.60364196370958,0.657,0.055668604651162794,0.0,0.0,0.5348837209302325,9.61412191746966,0.007531796132577417,1.8144156582351808e-55,88.60364196370958,0.12003295809335998,0.0747279044292479,0.21100161832008557,0.12753579372982599,22.348627368507103,0.7928367961175236,1.4157053292155239e-08,126.41666520618234,0.476,0.12965697674418603,0.005813953488372093,0.0,0.7386627906976742,22.348627368507103,0.7928367961175236,1.4157053292155239e-08,126.41666520618234
2000-01-10 00:00:00+00:00,inference-2026-08-20T16-49-50Z-2025-06-05,timeseries.json,209.0,2583829.962722908,2952.685835745842,2528.3054430787065,3408.7130345198425,0.6293992088431533,0.5417106260112091,0.7253639031058674,0.9488192725953514,0.8131847164114016,1.0963361089722414,0.17448750042931224,0.029326976000129484,0.40686183724439196,0.18197229631564835,26.614281078449384,21.715254291030675,7.6151291165157e-39,91.3296705198261,0.344,0.12789473684210526,0.09569377990430622,0.0,0.4404306220095692,26.614281078449384,21.715254291030675,7.6151291165157e-39,91.3296705198261,0.12887280705878146,0.035607478681888176,0.38035062764382205,0.13609885439853342,34.61877801236357,11.352355507795819,7.972287771250099e-08,109.17329246502355,0.355,0.1648995215311005,0.05263157894736842,0.0,0.5215311004784688,34.61877801236357,11.352355507795819,7.972287771250099e-08,109.17329246502355,0.13370503363630082,0.023977055709291643,0.37040920208095657,0.1408071353717034,23.18677797619676,3.4747260667175093,2.855189197253155e-18,97.83036027488764,0.41,0.11032057416267943,0.019138755980861243,0.0,0.45454545454545453,23.18677797619676,3.4747260667175093,2.855189197253155e-18,97.83036027488764,0.15677943872525354,0.011011724342113137,0.40515303787786394,0.16497781849690807,30.846214487587467,11.688885077947573,3.644768030703335e-34,107.38003064828736,0.389,0.1479952153110048,0.05263157894736842,0.0,0.5119617224880383,30.846214487587467,11.688885077947573,3.644768030703335e-34,107.38003064828736,0.08304674904813689,0.013522600788798163,0.22345261077886178,0.0892191211215947,16.124749375085635,0.010283581438327343,2.8995613488111734e-32,95.19631279239606,0.661,0.07611004784688996,0.0,0.0,0.44976076555023925,16.124749375085635,0.010283581438327343,2.8995613488111734e-32,95.19631279239606,0.06085896779019118,0.007398687486848865,0.15983606370633638,0.06489266643253112,23.274640152075843,0.0023561417167809193,5.0186802643926086e-175,101.72754743275358,0.6,0.11266985645933014,0.0,0.0,0.4930622009569376,23.274640152075843,0.0023561417167809193,5.0186802643926086e-175,101.72754743275358,0.0910358178140152,0.013961862876157841,0.20438845013168142,0.09449631413325485,30.205398003475548,1.3792559310411596,1.3714895856950237e-17,112.08056436103121,0.474,0.14480382775119616,0.004784688995215311,0.0,0.5311004784688995,30.205398003475548,1.3792559310411596,1.3714895856950237e-17,112.08056436103121,0.12003295809335998,0.0747279044292479,0.21100161832008557,0.12753579372982599,24.129160914765727,0.6967940145699483,2.7372987404958673e-09,102.52035855442573,0.502,0.11530622009569379,0.0,0.0,0.48827751196172225,24.129160914765727,0.6967940145699483,2.7372987404958673e-09,102.52035855442573
2000-01-11 00:00:00+00:00,inference-2026-08-20T16-49-50Z-2025-06-05,timeseries.json,185.0,2583829.962722908,2952.685835745842,2528.3054430787065,3408.7130345198425,0.6293992088431533,0.5417106260112091,0.7253639031058674,0.9488192725953514,0.8131847164114016,1.0963361089722414,0.17448750042931224,0.029326976000129484,0.40686183724439196,0.18197229631564835,22.10913110742513,1.8481397184562907,4.879922319927439e-46,157.02286403055663,0.442,0.11981621621621621,0.010810810810810811,0.0,0.8540540540540541,22.10913110742513,1.8481397184562907,4.879922319927439e-46,157.02286403055663,0.12887280705878146,0.035607478681888176,0.38035062764382205,0.13609885439853342,34.94542992998839,1.5813414365713,4.365727525158228e-14,155.53364924445347,0.466,0.18858378378378382,0.005405405405405406,0.0,0.8486486486486486,34.94542992998839,1.5813414365713,4.365727525158228e-14,155.53364924445347,0.13370503363630082,0.023977055709291643,0.37040920208095657,0.1408071353717034,12.916826225286595,0.24600357422794134,2.090961795504524e-30,56.947297282118484,0.559,0.06971351351351353,0.0,0.0,0.30432432432431794,12.916826225286595,0.24600357422794134,2.090961795504524e-30,56.947297282118484,0.15677943872525354,0.011011724342113137,0.40515303787786394,0.16497781849690807,42.55441770255212,18.888070586521224,1.1111917443941745e-36,164.21512591438432,0.376,0.22991891891891894,0.0972972972972973,0.0,0.8918918918918919,42.55441770255212,18.888070586521224,1.1111917443941745e-36,164.21512591438432,0.08304674904813689,0.013522600788798163,0.22345261077886178,0.0892191211215947,17.0286290188423,0.0009787437190294278,1.2707563391500415e-33,154.0309909861223,0.692,0.09185405405405404,0.0,0.0,0.8324324324324325,17.0286290188423,0.0009787437190294278,1.2707563391500415e-33,154.0309909861223,0.06085896779019118,0.007398687486848865,0.15983606370633638,0.06489266643253112,23.927571142043806,0.0001273260213917268,1.670447535356486e-66,158.10885231458647,0.721,0.12902162162162162,0.0,0.0,0.8540540540540541,23.927571142043806,0.0001273260213917268,1.670447535356486e-66,158.10885231458647,0.0910358178140152,0.013961862876157841,0.20438845013168142,0.09449631413325485,13.223611317628048,0.01702612900401005,1.7193144808452814e-38,134.00795391648936,0.67,0.0719837837837838,0.0,0.0,0.7305405405405397,13.223611317628048,0.01702612900401005,1.7193144808452814e-38,134.00795391648936,0.12003295809335998,0.0747279044292479,0.21100161832008557,0.12753579372982599,18.294383556233495,0.08712435013132185,3.591680916745431e-11,155.72036141075702,0.603,0.09910810810810809,0.0,0.0,0.8381081081081079,18.294383556233495,0.08712435013132185,3.591680916745431e-11,155.72036141075702
2000-01-12 00:00:00+00:00,inference-2026-08-20T16-49-50Z-2025-06-06,timeseries.json,7819.0,2583829.962722908,2952.685835745842,2528.3054430787065,3408.7130345198425,0.6293992088431533,0.5417106260112091,0.7253639031058674,0.9488192725953514,0.8131847164114016,1.0963361089722414,0.17448750042931224,0.029326976000129484,0.40686183724439196,0.18197229631564835,1859.6906220541398,132.20683681516056,7.425062598833206e-33,7772.1771100179,0.352,0.23787619900242998,0.016690113825297354,0.0,0.9941296841028264,1859.6906220541398,132.20683681516056,7.425062598833206e-33,7772.1771100179,0.12887280705878146,0.035607478681888176,0.38035062764382205,0.13609885439853342,3341.220612028784,3221.6532097013032,8.936378964743288e-16,7806.616136410112,0.367,0.42729875943215245,0.41002685765443153,0.0,0.9984652768896278,3341.220612028784,3221.6532097013032,8.936378964743288e-16,7806.616136410112,0.13370503363630082,0.023977055709291643,0.37040920208095657,0.1408071353717034,1985.4162091286607,1.0382444251952396,1.06569392265626e-29,7702.02309138281,0.475,0.2539104744852283,0.0001278935925310142,0.0,0.9845632433815066,1985.4162091286607,1.0382444251952396,1.06569392265626e-29,7702.02309138281,0.15677943872525354,0.011011724342113137,0.40515303787786394,0.16497781849690807,619.6374782669059,0.09907228568586704,1.2398141500349422e-42,3362.9739665912703,0.555,0.07923532421025706,0.0,0.0,0.43258728737688135,619.6374782669059,0.09907228568586704,1.2398141500349422e-42,3362.9739665912703,0.08304674904813689,0.013522600788798163,0.22345261077886178,0.0892191211215947,9.680807037441639,9.555209970522567e-05,3.1201999784535083e-38,6.642721723743306,0.813,0.0012546361427292492,0.0,0.0,0.0009016498273436443,9.680807037441639,9.555209970522567e-05,3.1201999784535083e-38,6.642721723743306,0.06085896779019118,0.007398687486848865,0.15983606370633638,0.06489266643253112,0.9382705861455495,6.395943291345209e-06,1.0648240636791815e-74,4.603436962635258,0.854,0.00011676684998081596,0.0,0.0,0.000639467962655071,0.9382705861455495,6.395943291345209e-06,1.0648240636791815e-74,4.603436962635258,0.0910358178140152,0.013961862876157841,0.20438845013168142,0.09449631413325485,1.088479806940879,0.001050184688704,4.696567804455137e-47,7.327317274957336,0.809,0.00014285714285714284,0.0,0.0,0.0008952551477170994,1.088479806940879,0.001050184688704,4.696567804455137e-47,7.327317274957336,0.12003295809335998,0.0747279044292479,0.21100161832008557,0.12753579372982599,1.3275210909836688,0.03691921797900886,2.9306625130284957e-11,8.318744459762353,0.723,0.00016498273436500832,0.0,0.0,0.0010231487402481137,1.3275210909836688,0.03691921797900886,2.9306625130284957e-11,8.318744459762353
2000-01-13 00:00:00+00:00,inference-2026-08-20T16-49-50Z-2025-06-06,timeseries.json,2094.0,2583829.962722908,2952.685835745842,2528.3054430787065,3408.7130345198425,0.6293992088431533,0.5417106260112091,0.7253639031058674,0.9488192725953514,0.8131847164114016,1.0963361089722414,0.17448750042931224,0.029326976000129484,0.40686183724439196,0.18197229631564835,604.194730889543,56.46026593597617,4.866421214328742e-21,1935.4448191310883,0.397,0.28879799426934094,0.027220630372492838,0.0,0.9246418338108882,604.194730889543,56.46026593597617,4.866421214328742e-21,1935.4448191310883,0.12887280705878146,0.035607478681888176,0.38035062764382205,0.13609885439853342,502.258129178502,21.57158856392988,4.389123507781141e-14,2083.9339207087887,0.358,0.23971442215854824,0.011222540592168099,0.0,0.9947468958930277,502.258129178502,21.57158856392988,4.389123507781141e-14,2083.9339207087887,0.13370503363630082,0.023977055709291643,0.37040920208095657,0.1408071353717034,406.93577238936945,0.284986614852627,2.624850990123034e-21,2088.525820568405,0.524,0.1945162368672397,0.0,0.0,0.997134670487106,406.93577238936945,0.284986614852627,2.624850990123034e-21,2088.525820568405,0.15677943872525354,0.011011724342113137,0.40515303787786394,0.16497781849690807,506.23658689089143,0.22370960550710234,3.662715573614027e-44,2070.018134480023,0.532,0.24146513849092646,0.0,0.0,0.9904489016236867,506.23658689089143,0.22370960550710234,3.662715573614027e-44,2070.018134480023,0.08304674904813689,0.013522600788798163,0.22345261077886178,0.0892191211215947,70.86848316922969,3.168487680675474e-05,4.4511806143328586e-38,27.75229356079209,0.833,0.03380276981852913,0.0,0.0,0.01236867239732313,70.86848316922969,3.168487680675474e-05,4.4511806143328586e-38,27.75229356079209,0.06085896779019118,0.007398687486848865,0.15983606370633638,0.06489266643253112,0.5909349949323434,1.3154189292921903e-05,1.4480460579230592e-80,4.309641044865291,0.847,0.00026647564469914044,0.0,0.0,0.0019102196752626551,0.5909349949323434,1.3154189292921903e-05,1.4480460579230592e-80,4.309641044865291,0.0910358178140152,0.013961862876157841,0.20438845013168142,0.09449631413325485,1.0307000702472566,0.00210231839237442,2.1765042967594793e-43,6.075377559321191,0.773,0.0005138490926456543,0.0,0.0,0.0033428844317096467,1.0307000702472566,0.00210231839237442,2.1765042967594793e-43,6.075377559321191,0.12003295809335998,0.0747279044292479,0.21100161832008557,0.12753579372982599,1.8846624172846274,0.07286087250366277,6.962455280055531e-10,8.411350596481762,0.649,0.0009231136580706782,0.0,0.0,0.004297994269340974,1.8846624172846274,0.07286087250366277,6.962455280055531e-10,8.411350596481762
2000-01-14 00:00:00+00:00,inference-2026-08-20T16-49-50Z-2025-06-06,timeseries.json,274.0,2583829.962722908,2952.685835745842,2528.3054430787065,3408.7130345198425,0.6293992088431533,0.5417106260112091,0.7253639031058674,0.9488192725953514,0.8131847164114016,1.0963361089722414,0.17448750042931224,0.029326976000129484,0.40686183724439196,0.18197229631564835,31.45297647741326,4.009840430555405,4.972076108184968e-41,91.62892774750433,0.434,0.11481021897810219,0.014598540145985401,0.0,0.33941605839416056,31.45297647741326,4.009840430555405,4.972076108184968e-41,91.62892774750433,0.12887280705878146,0.035607478681888176,0.38035062764382205,0.13609885439853342,40.341798741417655,13.871068593721493,4.004412993292605e-15,134.35891017200086,0.374,0.1472919708029197,0.052919708029197085,0.0,0.5036496350364964,40.341798741417655,13.871068593721493,4.004412993292605e-15,134.35891017200086,0.13370503363630082,0.023977055709291643,0.37040920208095657,0.1408071353717034,37.27204762932882,1.0219362038274185,9.138424357576139e-25,166.90850891321628,0.479,0.13614963503649635,0.0036496350364963502,0.0,0.6131386861313869,37.27204762932882,1.0219362038274185,9.138424357576139e-25,166.90850891321628,0.15677943872525354,0.011011724342113137,0.40515303787786394,0.16497781849690807,39.05041676724438,3.250326957663667,3.0032502250083435e-62,103.88608654840769,0.451,0.14297080291970804,0.014598540145985401,0.0,0.36879562043795605,39.05041676724438,3.250326957663667,3.0032502250083435e-62,103.88608654840769,0.08304674904813689,0.013522600788798163,0.22345261077886178,0.0892191211215947,23.73103655505502,0.08501746387472521,2.2107385978779217e-43,119.27608227516323,0.565,0.0861021897810219,0.0,0.0,0.43795620437956206,23.73103655505502,0.08501746387472521,2.2107385978779217e-43,119.27608227516323,0.06085896779019118,0.007398687486848865,0.15983606370633638,0.06489266643253112,18.919638683312254,0.0005729645399143947,2.08969545280905e-108,118.06252861259064,0.671,0.06916423357664235,0.0,0.0,0.4417883211678831,18.919638683312254,0.0005729645399143947,2.08969545280905e-108,118.06252861259064,0.0910358178140152,0.013961862876157841,0.20438845013168142,0.09449631413325485,40.644921264694354,0.2531169252407519,4.4373855756563665e-28,165.18571267973064,0.525,0.1482919708029197,0.0,0.0,0.5989051094890508,40.644921264694354,0.2531169252407519,4.4373855756563665e-28,165.18571267973064,0.12003295809335998,0.0747279044292479,0.21100161832008557,0.12753579372982599,42.587163881534416,4.656694617697091,5.137883857668224e-09,177.86435570776715,0.401,0.1552189781021898,0.014598540145985401,0.0,0.6496350364963503,42.587163881534416,4.656694617697091,5.137883857668224e-09,177.86435570776715
2000-01-15 00:00:00+00:00,inference-2026-08-20T16-49-50Z-2025-06-06,timeseries.json,235.0,2583829.962722908,2952.685835745842,2528.3054430787065,3408.7130345198425,0.6293992088431533,0.5417106260112091,0.7253639031058674,0.9488192725953514,0.8131847164114016,1.0963361089722414,0.17448750042931224,0.029326976000129484,0.40686183724439196,0.18197229631564835,14.54272929188417,0.09510895106502582,1.1876634844787755e-43,131.36811021171013,0.611,0.06224680851063829,0.0,0.0,0.5534042553191487,14.54272929188417,0.09510895106502582,1.1876634844787755e-43,131.36811021171013,0.12887280705878146,0.035607478681888176,0.38035062764382205,0.13609885439853342,34.86358150249616,0.1733110733458348,3.395691364300321e-16,187.5899106405026,0.578,0.14897446808510637,0.0,0.0,0.7961702127659571,34.86358150249616,0.1733110733458348,3.395691364300321e-16,187.5899106405026,0.13370503363630082,0.023977055709291643,0.37040920208095657,0.1408071353717034,24.174808917201293,0.27285963265875235,1.3749117261379572e-32,135.99175292881353,0.556,0.1021872340425532,0.0,0.0,0.574468085106383,24.174808917201293,0.27285963265875235,1.3749117261379572e-32,135.99175292881353,0.15677943872525354,0.011011724342113137,0.40515303787786394,0.16497781849690807,33.43360066714848,0.5682486622248937,8.88283038498142e-47,176.24747578455248,0.517,0.14188936170212765,0.0,0.0,0.7659574468085106,33.43360066714848,0.5682486622248937,8.88283038498142e-47,176.24747578455248,0.08304674904813689,0.013522600788798163,0.22345261077886178,0.0892191211215947,22.44952509610803,0.04333712442375791,1.930617599755661e-40,134.25709138776557,0.598,0.09546808510638297,0.0,0.0,0.5702127659574469,22.44952509610803,0.04333712442375791,1.930617599755661e-40,134.25709138776557,0.06085896779019118,0.007398687486848865,0.15983606370633638,0.06489266643253112,23.093350646923984,0.0002852644423077168,5.217788178240247e-59,127.27304150153498,0.653,0.0975787234042553,0.0,0.0,0.548936170212766,23.093350646923984,0.0002852644423077168,5.217788178240247e-59,127.27304150153498,0.0910358178140152,0.013961862876157841,0.20438845013168142,0.09449631413325485,39.460240420723615,0.6023848797765887,2.885629523124772e-37,150.41228994349342,0.495,0.16846808510638298,0.00425531914893617,0.0,0.642978723404255,39.460240420723615,0.6023848797765887,2.885629523124772e-37,150.41228994349342,0.12003295809335998,0.0747279044292479,0.21100161832008557,0.12753579372982599,42.9821634575143,7.041633311604843,1.5891807652046974e-08,156.61040432661923,0.388,0.1831872340425532,0.02553191489361702,0.0,0.6680851063829787,42.9821634575143,7.041633311604843,1.5891807652046974e-08,156.61040432661923
2000-01-16 00:00:00+00:00,inference-2026-08-20T16-49-50Z-2025-06-06,timeseries.json,278.0,2583829.962722908,2952.685835745842,2528.3054430787065,3408.7130345198425,0.6293992088431533,0.5417106260112091,0.7253639031058674,0.9488192725953514,0.8131847164114016,1.0963361089722414,0.17448750042931224,0.029326976000129484,0.40686183724439196,0.18197229631564835,16.53955001890679,0.08321876101458663,3.088482412777088e-25,159.27395535090213,0.68,0.05967985611510791,0.0,0.0,0.5901079136690646,16.53955001890679,0.08321876101458663,3.088482412777088e-25,159.27395535090213,0.12887280705878146,0.035607478681888176,0.38035062764382205,0.13609885439853342,46.58709088395682,0.1327048329889396,1.4028627517973756e-14,230.64306551301155,0.605,0.1673057553956835,0.0,0.0,0.8381294964028777,46.58709088395682,0.1327048329889396,1.4028627517973756e-14,230.64306551301155,0.13370503363630082,0.023977055709291643,0.37040920208095657,0.1408071353717034,23.320250846951158,0.03285640774331116,3.4989254622635655e-30,148.11738088380218,0.644,0.08365467625899281,0.0,0.0,0.5361510791366905,23.320250846951158,0.03285640774331116,3.4989254622635655e-30,148.11738088380218,0.15677943872525354,0.011011724342113137,0.40515303787786394,0.16497781849690807,38.137444631856695,0.2838881811404208,3.5430181543072753e-43,193.28335571459772,0.555,0.13716187050359713,0.0,0.0,0.7014388489208633,38.137444631856695,0.2838881811404208,3.5430181543072753e-43,193.28335571459772,0.08304674904813689,0.013522600788798163,0.22345261077886178,0.0892191211215947,30.50753134734153,0.07656878405288145,5.80294429984906e-38,176.0154608147814,0.581,0.1092841726618705,0.0,0.0,0.6332733812949638,30.50753134734153,0.07656878405288145,5.80294429984906e-38,176.0154608147814,0.06085896779019118,0.007398687486848865,0.15983606370633638,0.06489266643253112,31.276658855527316,0.0004958630699365359,1.2454546553687704e-62,182.23346457722306,0.634,0.11257913669064748,0.0,0.0,0.6510791366906474,31.276658855527316,0.0004958630699365359,1.2454546553687704e-62,182.23346457722306,0.0910358178140152,0.013961862876157841,0.20438845013168142,0.09449631413325485,38.655522316497716,0.0922665055812308,2.387978593136663e-31,182.21387891579855,0.539,0.13902877697841728,0.0,0.0,0.658273381294964,38.655522316497716,0.0922665055812308,2.387978593136663e-31,182.21387891579855,0.12003295809335998,0.0747279044292479,0.21100161832008557,0.12753579372982599,52.97595109896197,10.373705987943545,4.742491531378923e-09,205.98666115589344,0.385,0.19130575539568342,0.03597122302158273,0.0,0.7482014388489209,52.97595109896197,10.373705987943545,4.742491531378923e-09,205.98666115589344
2000-01-17 00:00:00+00:00,inference-2026-08-20T16-49-50Z-2025-06-06,timeseries.json,2031.0,2583829.962722908,2952.685835745842,2528.3054430787065,3408.7130345198425,0.6293992088431533,0.5417106260112091,0.7253639031058674,0.9488192725953514,0.8131847164114016,1.0963361089722414,0.17448750042931224,0.029326976000129484,0.40686183724439196,0.18197229631564835,82.94489179857703,0.32927940496594266,4.097580664892687e-53,702.775930349259,0.535,0.04081142294436239,0.0,0.0,0.3471688823239783,82.94489179857703,0.32927940496594266,4.097580664892687e-53,702.775930349259,0.12887280705878146,0.035607478681888176,0.38035062764382205,0.13609885439853342,211.33146695218593,0.9086437968876502,5.222705130345231e-12,896.0728158045229,0.483,0.10420580994583949,0.0004923682914820286,0.0,0.447095027080256,211.33146695218593,0.9086437968876502,5.222705130345231e-12,896.0728158045229,0.13370503363630082,0.023977055709291643,0.37040920208095657,0.1408071353717034,244.01763133416853,0.39662110410568296,5.903695317913374e-20,1402.0119995747255,0.507,0.12030132939438698,0.0,0.0,0.68835548990645,244.01763133416853,0.39662110410568296,5.903695317913374e-20,1402.0119995747255,0.15677943872525354,0.011011724342113137,0.40515303787786394,0.16497781849690807,163.5745988774115,0.5056849992408847,8.555407106725869e-37,783.5966732058941,0.505,0.08045987198424422,0.0,0.0,0.3906696208764154,163.5745988774115,0.5056849992408847,8.555407106725869e-37,783.5966732058941,0.08304674904813689,0.013522600788798163,0.22345261077886178,0.0892191211215947,211.18813366737916,0.3038236847396458,1.7798450827932655e-33,1160.737770436383,0.524,0.10386558345642541,0.0,0.0,0.5696947316592812,211.18813366737916,0.3038236847396458,1.7798450827932655e-33,1160.737770436383,0.06085896779019118,0.007398687486848865,0.15983606370633638,0.06489266643253112,200.47786742426624,0.0026570770065447316,4.724272372643162e-82,1138.9647890057781,0.618,0.09846184145741015,0.0,0.0,0.5648449039881831,200.47786742426624,0.0026570770065447316,4.724272372643162e-82,1138.9647890057781,0.0910358178140152,0.013961862876157841,0.20438845013168142,0.09449631413325485,454.2815245602763,21.709348537691405,3.280611407004263e-43,1417.8780535518456,0.458,0.22400689315608077,0.010339734121122601,0.0,0.701206302314131,454.2815245602763,21.709348537691405,3.280611407004263e-43,1417.8780535518456,0.12003295809335998,0.0747279044292479,0.21100161832008557,0.12753579372982599,463.1838853857357,184.6459712028058,1.4959396024309285e-08,1483.2533273424024,0.28,0.22788724766125062,0.09133431806991629,0.0,0.7336533727227966,463.1838853857357,184.6459712028058,1.4959396024309285e-08,1483.2533273424024
2000-01-18 00:00:00+00:00,inference-2026-08-20T16-49-50Z-2025-06-06,timeseries.json,10235.0,2583829.962722908,2952.685835745842,2528.3054430787065,3408.7130345198425,0.6293992088431533,0.5417106260112091,0.7253639031058674,0.9488192725953514,0.8131847164114016,1.0963361089722414,0.17448750042931224,0.029326976000129484,0.40686183724439196,0.18197229631564835,2999.742297579189,3049.241825426363,2.0187486666067147e-36,7505.341552601868,0.279,0.2931177332681974,0.29872984855886664,0.0,0.7342452369320956,2999.742297579189,3049.241825426363,2.0187486666067147e-36,7505.341552601868,0.12887280705878146,0.035607478681888176,0.38035062764382205,0.13609885439853342,3173.5442843849482,3511.3775037003206,2.888517524153062e-11,7900.224863247803,0.327,0.3100072300928188,0.3451392281387396,0.0,0.771133365901319,3173.5442843849482,3511.3775037003206,2.888517524153062e-11,7900.224863247803,0.13370503363630082,0.023977055709291643,0.37040920208095657,0.1408071353717034,2149.412822760959,14.964305550527943,9.883286435921388e-30,7240.801675522731,0.397,0.21007620908646799,0.0015144113336590132,0.0,0.7075769418661455,2149.412822760959,14.964305550527943,9.883286435921388e-30,7240.801675522731,0.15677943872525354,0.011011724342113137,0.40515303787786394,0.16497781849690807,1756.755228421597,0.3254974486214242,1.7782472213123858e-95,6447.760347658003,0.511,0.17164650708353685,0.0,0.0,0.629990229604299,1756.755228421597,0.3254974486214242,1.7782472213123858e-95,6447.760347658003,0.08304674904813689,0.013522600788798163,0.22345261077886178,0.0892191211215947,134.33434004527638,0.09259651312865218,1.340568896775774e-31,74.44521938740847,0.572,0.013107181240840255,0.0,0.0,0.007625793844650703,134.33434004527638,0.09259651312865218,1.340568896775774e-31,74.44521938740847,0.06085896779019118,0.007398687486848865,0.15983606370633638,0.06489266643253112,3.8361791360714452,1.985369577693814e-05,1.270721713289717e-74,28.929975871694598,0.769,0.0003709819247679531,0.0,0.0,0.0026428920371274994,3.8361791360714452,1.985369577693814e-05,1.270721713289717e-74,28.929975871694598,0.0910358178140152,0.013961862876157841,0.20438845013168142,0.09449631413325485,8.640011294412314,0.015474226297527123,4.181696579443428e-25,49.55284904301001,0.627,0.0008303859306301906,0.0,0.0,0.004689789936492428,8.640011294412314,0.015474226297527123,4.181696579443428e-25,49.55284904301001,0.12003295809335998,0.0747279044292479,0.21100161832008557,0.12753579372982599,8.734836377538311,0.30544300859126905,7.555445446478137e-10,39.500251734589185,0.542,0.000843771372740596,0.0,0.0,0.0039081582804103565,8.734836377538311,0.30544300859126905,7.555445446478137e-10,39.500251734589185
2000-01-19 00:00:00+00:00,inference-2026-08-20T16-49-50Z-2025-06-06,timeseries.json,10201.0,2583829.962722908,2952.685835745842,2528.3054430787065,3408.7130345198425,0.6293992088431533,0.5417106260112091,0.7253639031058674,0.9488192725953514,0.8131847164114016,1.0963361089722414,0.17448750042931224,0.029326976000129484,0.40686183724439196,0.18197229631564835,2399.6376122717024,248.5160095643088,7.495882803713446e-42,9725.027404880591,0.268,0.2352767375747476,0.024948534457406135,0.0,0.9538427605136751,2399.6376122717024,248.5160095643088,7.495882803713446e-42,9725.027404880591,0.12887280705878146,0.035607478681888176,0.38035062764382205,0.13609885439853342,4168.1744759919475,2785.3577475230336,1.4487325282017077e-17,9949.838907404335,0.243,0.408548671698853,0.2656112145868052,0.0,0.9758896186648368,4168.1744759919475,2785.3577475230336,1.4487325282017077e-17,9949.838907404335,0.13370503363630082,0.023977055709291643,0.37040920208095657,0.1408071353717034,2602.423175381049,92.60189116514346,3.3118502490931026e-20,9882.137797758085,0.348,0.25509361827271837,0.009263797666895402,0.0,0.9682531124399569,2602.423175381049,92.60189116514346,3.3118502490931026e-20,9882.137797758085,0.15677943872525354,0.011011724342113137,0.40515303787786394,0.16497781849690807,829.3199111950178,20.386903921429923,3.3021241286634807e-44,6091.293991957157,0.407,0.08137163023233014,0.00210763650622488,0.0,0.5935006371924305,829.3199111950178,20.386903921429923,3.3021241286634807e-44,6091.293991957157,0.08304674904813689,0.013522600788798163,0.22345261077886178,0.0892191211215947,76.52252558864586,0.41448639101829415,2.0011537203426796e-32,202.85009671322047,0.514,0.007471130281344968,0.0,0.0,0.019904911283207524,76.52252558864586,0.41448639101829415,2.0011537203426796e-32,202.85009671322047,0.06085896779019118,0.007398687486848865,0.15983606370633638,0.06489266643253112,24.325174505685276,0.000211526700229567,2.9106743340940464e-75,155.49148496855491,0.675,0.0024037839427507104,0.0,0.0,0.015297519850994996,24.325174505685276,0.000211526700229567,2.9106743340940464e-75,155.49148496855491,0.0910358178140152,0.013961862876157841,0.20438845013168142,0.09449631413325485,44.62310405609064,0.25444231576295573,2.2834986185494497e-27,201.32541309651765,0.529,0.004366140574453484,0.0,0.0,0.019904911283207524,44.62310405609064,0.25444231576295573,2.2834986185494497e-27,201.32541309651765,0.12003295809335998,0.0747279044292479,0.21100161832008557,0.12753579372982599,55.974021009854475,14.14877748964638,3.2656360875381034e-10,208.34991307339644,0.372,0.0054682874228016865,0.001176355259288305,0.0,0.020390157827663954,55.974021009854475,14.14877748964638,3.2656360875381034e-10,208.34991307339644
2000-01-20 00:00:00+00:00,inference-2026-08-20T16-49-50Z-2025-06-06,timeseries.json,3260.0,2583829.962722908,2952.685835745842,2528.3054430787065,3408.7130345198425,0.6293992088431533,0.5417106260112091,0.7253639031058674,0.9488192725953514,0.8131847164114016,1.0963361089722414,0.17448750042931224,0.029326976000129484,0.40686183724439196,0.18197229631564835,870.014797548452,732.9654738227484,6.682631525215043e-37,2468.893873303228,0.292,0.2670398773006135,0.2237730061349693,0.0,0.7580521472392637,870.014797548452,732.9654738227484,6.682631525215043e-37,2468.893873303228,0.12887280705878146,0.035607478681888176,0.38035062764382205,0.13609885439853342,1126.6645682738138,1161.724450496789,3.2434972205922284e-19,3114.9203201639652,0.343,0.34547822085889573,0.35506134969325154,0.0,0.9546779141104291,1126.6645682738138,1161.724450496789,3.2434972205922284e-19,3114.9203201639652,0.13370503363630082,0.023977055709291643,0.37040920208095657,0.1408071353717034,710.1045002506812,4.809302849093703,1.0834081800811499e-19,2541.946011951561,0.411,0.21806901840490797,0.0013803680981595093,0.0,0.7764417177914109,710.1045002506812,4.809302849093703,1.0834081800811499e-19,2541.946011951561,0.15677943872525354,0.011011724342113137,0.40515303787786394,0.16497781849690807,489.60364928089746,0.25782768066397355,2.5290307037520208e-42,2089.8815446310905,0.523,0.14991288343558284,0.0,0.0,0.6411656441717788,489.60364928089746,0.25782768066397355,2.5290307037520208e-42,2089.8815446310905,0.08304674904813689,0.013522600788798163,0.22345261077886178,0.0892191211215947,55.93275628487172,0.0005604019682597554,4.894006186530946e-44,35.00998429943411,0.728,0.01714049079754601,0.0,0.0,0.011226993865028834,55.93275628487172,0.0005604019682597554,4.894006186530946e-44,35.00998429943411,0.06085896779019118,0.007398687486848865,0.15983606370633638,0.06489266643253112,1.4996273095993176,1.0788644286528221e-05,4.156903661735665e-94,10.252538052044386,0.793,0.00045276073619631904,0.0,0.0,0.003067484662576687,1.4996273095993176,1.0788644286528221e-05,4.156903661735665e-94,10.252538052044386,0.0910358178140152,0.013961862876157841,0.20438845013168142,0.09449631413325485,2.663363447710529,0.0013435031660848679,9.469927846762562e-37,16.65422776118939,0.716,0.0008300613496932517,0.0,0.0,0.005230061349693238,2.663363447710529,0.0013435031660848679,9.469927846762562e-37,16.65422776118939,0.12003295809335998,0.0747279044292479,0.21100161832008557,0.12753579372982599,3.516737603975796,0.17659594107080606,3.2638391545340324e-11,17.589974329671453,0.583,0.0010766871165644172,0.0,0.0,0.005521472392638037,3.516737603975796,0.17659594107080606,3.2638391545340324e-11,17.589974329671453
2000-01-21 00:00:00+00:00,inference-2026-08-20T16-49-50Z-2025-06-06,timeseries.json,413.0,2583829.962722908,2952.685835745842,2528.3054430787065,3408.7130345198425,0.6293992088431533,0.5417106260112091,0.7253639031058674,0.9488192725953514,0.8131847164114016,1.0963361089722414,0.17448750042931224,0.029326976000129484,0.40686183724439196,0.18197229631564835,64.48967839736312,32.695695374670265,6.156417270843126e-45,150.76190092547512,0.352,0.1563268765133172,0.08232445520581114,0.0,0.3704600484261501,64.48967839736312,32.695695374670265,6.156417270843126e-45,150.76190092547512,0.12887280705878146,0.035607478681888176,0.38035062764382205,0.13609885439853342,69.39222930249494,22.5229438839338,2.0156921357781136e-11,208.41693368256242,0.369,0.16829297820823247,0.053268765133171914,0.0,0.5110169491525423,69.39222930249494,22.5229438839338,2.0156921357781136e-11,208.41693368256242,0.13370503363630082,0.023977055709291643,0.37040920208095657,0.1408071353717034,44.304197196222944,5.766478785501802,3.681494909977313e-21,148.91478929380867,0.401,0.10745762711864407,0.012106537530266344,0.0,0.36561743341404357,44.304197196222944,5.766478785501802,3.681494909977313e-21,148.91478929380867,0.15677943872525354,0.011011724342113137,0.40515303787786394,0.16497781849690807,75.03580637254326,74.54017933458992,1.011494972526918e-62,183.58189336232442,0.332,0.1818135593220339,0.17675544794188863,0.0,0.4504842615012105,75.03580637254326,74.54017933458992,1.011494972526918e-62,183.58189336232442,0.08304674904813689,0.013522600788798163,0.22345261077886178,0.0892191211215947,35.81781351807462,0.016698632267317236,3.588094074333366e-31,189.29062670877397,0.582,0.08651331719128329,0.0,0.0,0.45774818401937034,35.81781351807462,0.016698632267317236,3.588094074333366e-31,189.29062670877397,0.06085896779019118,0.007398687486848865,0.15983606370633638,0.06489266643253112,35.81580255014152,0.11094985753803774,8.18699733728214e-77,146.76461150137953,0.534,0.08589346246973364,0.0,0.0,0.3536319612590798,35.81580255014152,0.11094985753803774,8.18699733728214e-77,146.76461150137953,0.0910358178140152,0.013961862876157841,0.20438845013168142,0.09449631413325485,36.04736074002958,0.46316467734014094,4.410879856735852e-40,169.41229529317076,0.51,0.08734382566585955,0.0,0.0,0.4095641646489101,36.04736074002958,0.46316467734014094,4.410879856735852e-40,169.41229529317076,0.12003295809335998,0.0747279044292479,0.21100161832008557,0.12753579372982599,52.09711192312983,15.251917663554918,4.128967908951279e-09,188.0588009349401,0.333,0.1263583535108959,0.0387409200968523,0.0,0.4480629539951573,52.09711192312983,15.251917663554918,4.128967908951279e-09,188.0588009349401
2000-01-22 00:00:00+00:00,inference-2026-08-20T16-49-50Z-2025-06-06,timeseries.json,441.0,2583829.962722908,2952.685835745842,2528.3054430787065,3408.7130345198425,0.6293992088431533,0.5417106260112091,0.7253639031058674,0.9488192725953514,0.8131847164114016,1.0963361089722414,0.17448750042931224,0.029326976000129484,0.40686183724439196,0.18197229631564835,23.758631044222323,1.7447984112394488,9.840254529820312e-32,180.87916880034822,0.44,0.053816326530612246,0.0045351473922902496,0.0,0.40374149659863934,23.758631044222323,1.7447984112394488,9.840254529820312e-32,180.87916880034822,0.12887280705878146,0.035607478681888176,0.38035062764382205,0.13609885439853342,47.058060515461875,0.8787330169605343,1.2743288348864933e-13,237.38890856615785,0.479,0.10634693877551021,0.0022675736961451248,0.0,0.5352607709750566,47.058060515461875,0.8787330169605343,1.2743288348864933e-13,237.38890856615785,0.13370503363630082,0.023977055709291643,0.37040920208095657,0.1408071353717034,47.189557316598346,2.285012226164584,5.459721040219061e-19,251.97707041225885,0.453,0.10693424036281178,0.0045351473922902496,0.0,0.5668934240362812,47.189557316598346,2.285012226164584,5.459721040219061e-19,251.97707041225885,0.15677943872525354,0.011011724342113137,0.40515303787786394,0.16497781849690807,57.733972737898746,7.798672460700427,1.1397397993786774e-41,266.81526757338696,0.384,0.13124036281179138,0.015873015873015872,0.0,0.6102040816326528,57.733972737898746,7.798672460700427,1.1397397993786774e-41,266.81526757338696,0.08304674904813689,0.013522600788798163,0.22345261077886178,0.0892191211215947,44.84166643173855,0.08916966511017244,4.587269985215076e-37,225.3609635956344,0.535,0.1019251700680272,0.0,0.0,0.5147392290249433,44.84166643173855,0.08916966511017244,4.587269985215076e-37,225.3609635956344,0.06085896779019118,0.007398687486848865,0.15983606370633638,0.06489266643253112,43.66173644386106,7.072511322264557e-05,4.952604191219093e-77,230.48894262817356,0.657,0.09941496598639454,0.0,0.0,0.5240362811791381,43.66173644386106,7.072511322264557e-05,4.952604191219093e-77,230.48894262817356,0.0910358178140152,0.013961862876157841,0.20438845013168142,0.09449631413325485,78.41142513369459,1.554742674552837,2.628124052102685e-36,265.1641179260298,0.471,0.17731292517006803,0.0034013605442176874,0.0,0.6032879818594103,78.41142513369459,1.554742674552837,2.628124052102685e-36,265.1641179260298,0.12003295809335998,0.0747279044292479,0.21100161832008557,0.12753579372982599,98.34495037652421,26.53434734287663,4.183528047646695e-08,360.2520859384799,0.332,0.2230090702947846,0.05668934240362812,0.0,0.814172335600907,98.34495037652421,26.53434734287663,4.183528047646695e-08,360.2520859384799
2000-01-23 00:00:00+00:00,inference-2026-08-20T16-49-50Z-2025-06-06,timeseries.json,379.0,2583829.962722908,2952.685835745842,2528.3054430787065,3408.7130345198425,0.6293992088431533,0.5417106260112091,0.7253639031058674,0.9488192725953514,0.8131847164114016,1.0963361089722414,0.17448750042931224,0.029326976000129484,0.40686183724439196,0.18197229631564835,22.13730914496355,5.319641289582341,1.3980687990090132e-37,139.65601112926336,0.402,0.05874406332453825,0.013192612137203167,0.0,0.3697889182058044,22.13730914496355,5.319641289582341,1.3980687990090132e-37,139.65601112926336,0.12887280705878146,0.035607478681888176,0.38035062764382205,0.13609885439853342,42.66582610890406,3.119472548996476,4.1200079106398965e-16,193.725884493996,0.431,0.11326912928759895,0.0079155672823219,0.0,0.5224274406332454,42.66582610890406,3.119472548996476,4.1200079106398965e-16,193.725884493996,0.13370503363630082,0.023977055709291643,0.37040920208095657,0.1408071353717034,40.84514718684565,0.6522808201622374,6.0398970848592415e-24,222.36252941684643,0.501,0.10799736147757255,0.0,0.0,0.5989445910290238,40.84514718684565,0.6522808201622374,6.0398970848592415e-24,222.36252941684643,0.15677943872525354,0.011011724342113137,0.40515303787786394,0.16497781849690807,51.52968614507111,13.668559903704185,8.111280679732368e-36,257.775131356012,0.399,0.13593667546174143,0.03430079155672823,0.0,0.6733509234828492,51.52968614507111,13.668559903704185,8.111280679732368e-36,257.775131356012,0.08304674904813689,0.013522600788798163,0.22345261077886178,0.0892191211215947,36.10554080398969,0.14158374898076945,6.22802929518719e-39,190.4547180300129,0.548,0.09482321899736149,0.0,0.0,0.5014511873350922,36.10554080398969,0.14158374898076945,6.22802929518719e-39,190.4547180300129,0.06085896779019118,0.007398687486848865,0.15983606370633638,0.06489266643253112,35.63816703031818,9.294267505963068e-05,4.994166350419001e-93,202.75665214181933,0.68,0.09344327176781003,0.0,0.0,0.5306068601583112,35.63816703031818,9.294267505963068e-05,4.994166350419001e-93,202.75665214181933,0.0910358178140152,0.013961862876157841,0.20438845013168142,0.09449631413325485,63.38903410103013,0.8564405010411348,5.895303981226796e-35,222.29583286807497,0.489,0.1670052770448549,0.002638522427440633,0.0,0.5911609498680738,63.38903410103013,0.8564405010411348,5.895303981226796e-35,222.29583286807497,0.12003295809335998,0.0747279044292479,0.21100161832008557,0.12753579372982599,86.68928947887751,14.422132179574596,2.514924136258186e-10,298.4140260019205,0.379,0.22878100263852247,0.03430079155672823,0.0,0.7944591029023744,86.68928947887751,14.422132179574596,2.514924136258186e-10,298.4140260019205
2000-01-24 00:00:00+00:00,inference-2026-08-20T16-49-50Z-2025-06-06,timeseries.json,410.0,2583829.962722908,2952.685835745842,2528.3054430787065,3408.7130345198425,0.6293992088431533,0.5417106260112091,0.7253639031058674,0.9488192725953514,0.8131847164114016,1.0963361089722414,0.17448750042931224,0.029326976000129484,0.40686183724439196,0.18197229631564835,17.080905979425,0.6149779827871918,3.4193859937170323e-35,123.79996522543634,0.51,0.04178048780487805,0.0,0.0,0.3098780487804877,17.080905979425,0.6149779827871918,3.4193859937170323e-35,123.79996522543634,0.12887280705878146,0.035607478681888176,0.38035062764382205,0.13609885439853342,46.239305590133014,0.49474707561289166,3.053377498011413e-14,275.40710526655926,0.517,0.1131731707317073,0.0,0.0,0.6806097560975609,46.239305590133014,0.49474707561289166,3.053377498011413e-14,275.40710526655926,0.13370503363630082,0.023977055709291643,0.37040920208095657,0.1408071353717034,42.90399427250127,0.17979754397483816,2.410796623755389e-24,273.81168707900116,0.569,0.10511463414634147,0.0,0.0,0.6659756097560975,42.90399427250127,0.17979754397483816,2.410796623755389e-24,273.81168707900116,0.15677943872525354,0.011011724342113137,0.40515303787786394,0.16497781849690807,43.48857532612337,1.1615041954897138,1.794286425119178e-38,242.1692303776457,0.466,0.10660975609756097,0.0024390243902439024,0.0,0.5926829268292683,43.48857532612337,1.1615041954897138,1.794286425119178e-38,242.1692303776457,0.08304674904813689,0.013522600788798163,0.22345261077886178,0.0892191211215947,48.24886562280516,0.3936500808044003,2.5721808846871865e-29,247.5343815337826,0.513,0.11718048780487805,0.0,0.0,0.5968292682926813,48.24886562280516,0.3936500808044003,2.5721808846871865e-29,247.5343815337826,0.06085896779019118,0.007398687486848865,0.15983606370633638,0.06489266643253112,37.19102491370295,0.008047187809607231,6.424476499520333e-82,228.30298233661136,0.632,0.09038048780487805,0.0,0.0,0.5543902439024384,37.19102491370295,0.008047187809607231,6.424476499520333e-82,228.30298233661136,0.0910358178140152,0.013961862876157841,0.20438845013168142,0.09449631413325485,65.89715112746205,0.30919439479231037,3.5597439140762506e-37,299.1197013160281,0.509,0.16011463414634147,0.0,0.0,0.729512195121951,65.89715112746205,0.30919439479231037,3.5597439140762506e-37,299.1197013160281,0.12003295809335998,0.0747279044292479,0.21100161832008557,0.12753579372982599,108.9501771678471,39.201728291331094,1.3906609662265191e-11,360.43766537594036,0.318,0.2656463414634146,0.0951219512195122,0.0,0.8804878048780488,108.9501771678471,39.201728291331094,1.3906609662265191e-11,360.43766537594036
2000-01-25 00:00:00+00:00,inference-2026-08-20T16-49-50Z-2025-06-06,timeseries.json,317.0,2583829.962722908,2952.685835745842,2528.3054430787065,3408.7130345198425,0.6293992088431533,0.5417106260112091,0.7253639031058674,0.9488192725953514,0.8131847164114016,1.0963361089722414,0.17448750042931224,0.029326976000129484,0.40686183724439196,0.18197229631564835,18.182103585679997,0.2743604778077531,9.362302649090644e-46,141.5987997283173,0.554,0.0574794952681388,0.0,0.0,0.45741324921135645,18.182103585679997,0.2743604778077531,9.362302649090644e-46,141.5987997283173,0.12887280705878146,0.035607478681888176,0.38035062764382205,0.13609885439853342,44.14529137410716,0.2991409926881935,1.005671213648851e-15,236.21637093900142,0.537,0.1391167192429022,0.0,0.0,0.738328075709779,44.14529137410716,0.2991409926881935,1.005671213648851e-15,236.21637093900142,0.13370503363630082,0.023977055709291643,0.37040920208095657,0.1408071353717034,25.572085529533414,0.753711164072569,1.4379441409144561e-18,141.1756859092345,0.492,0.0803217665615142,0.0031545741324921135,0.0,0.4417981072555203,25.572085529533414,0.753711164072569,1.4379441409144561e-18,141.1756859092345,0.15677943872525354,0.011011724342113137,0.40515303787786394,0.16497781849690807,47.210946953380514,2.4981492124544085,7.386356981602852e-48,182.9196079931762,0.42,0.1487539432176656,0.00946372239747634,0.0,0.5772870662460567,47.210946953380514,2.4981492124544085,7.386356981602852e-48,182.9196079931762,0.08304674904813689,0.013522600788798163,0.22345261077886178,0.0892191211215947,26.103285631553234,0.023547515131929056,4.511125961189099e-36,160.1836511107965,0.593,0.08253627760252366,0.0,0.0,0.5173501577287066,26.103285631553234,0.023547515131929056,4.511125961189099e-36,160.1836511107965,0.06085896779019118,0.007398687486848865,0.15983606370633638,0.06489266643253112,63.45293253002268,37.17370305426404,5.186451518184281e-97,186.3264788087453,0.262,0.1999589905362776,0.10725552050473186,0.0,0.5867507886435331,63.45293253002268,37.17370305426404,5.186451518184281e-97,186.3264788087453,0.0910358178140152,0.013961862876157841,0.20438845013168142,0.09449631413325485,36.54833142661386,0.5183600067162406,1.281108702169569e-25,178.2810136942214,0.503,0.11551735015772868,0.0,0.0,0.5741324921135647,36.54833142661386,0.5183600067162406,1.281108702169569e-25,178.2810136942214,0.12003295809335998,0.0747279044292479,0.21100161832008557,0.12753579372982599,55.785022969109285,18.624920236007895,1.024311609184832e-08,210.45790093724275,0.32,0.1763154574132492,0.056782334384858045,0.0,0.6503154574132487,55.785022969109285,18.624920236007895,1.024311609184832e-08,210.45790093724275
2000-01-26 00:00:00+00:00,inference-2026-08-20T16-49-50Z-2025-06-06,timeseries.json,3670.0,2583829.962722908,2952.685835745842,2528.3054430787065,3408.7130345198425,0.6293992088431533,0.5417106260112091,0.7253639031058674,0.9488192725953514,0.8131847164114016,1.0963361089722414,0.17448750042931224,0.029326976000129484,0.40686183724439196,0.18197229631564835,986.5338188397272,192.89398526253714,4.718238719727448e-37,3036.8598400998876,0.232,0.2689523160762943,0.05299727520435968,0.0,0.8291553133514986,986.5338188397272,192.89398526253714,4.718238719727448e-37,3036.8598400998876,0.12887280705878146,0.035607478681888176,0.38035062764382205,0.13609885439853342,940.0347900816323,265.22449650726685,6.36402465570429e-14,3026.512407484813,0.225,0.2561645776566758,0.07193460490463216,0.0,0.8247956403269755,940.0347900816323,265.22449650726685,6.36402465570429e-14,3026.512407484813,0.13370503363630082,0.023977055709291643,0.37040920208095657,0.1408071353717034,772.3469082171223,113.88706490598841,1.1845614409885773e-22,3072.634557906708,0.328,0.21037166212534059,0.030245231607629427,0.0,0.8365122615803815,772.3469082171223,113.88706490598841,1.1845614409885773e-22,3072.634557906708,0.15677943872525354,0.011011724342113137,0.40515303787786394,0.16497781849690807,570.1316838081333,157.82438866194065,1.161681188544417e-13,3046.082612580407,0.202,0.15537629427792915,0.04386920980926431,0.0,0.8305313351498638,570.1316838081333,157.82438866194065,1.161681188544417e-13,3046.082612580407,0.08304674904813689,0.013522600788798163,0.22345261077886178,0.0892191211215947,64.97511075338191,0.1717951246126337,1.9057460328391385e-49,302.4990416708536,0.566,0.01774523160762943,0.0,0.0,0.08431880108991814,64.97511075338191,0.1717951246126337,1.9057460328391385e-49,302.4990416708536,0.06085896779019118,0.007398687486848865,0.15983606370633638,0.06489266643253112,65.18031711247686,0.03882495024341481,1.3294223310982594e-83,304.0444105386261,0.555,0.01778773841961853,0.0,0.0,0.08316076294277924,65.18031711247686,0.03882495024341481,1.3294223310982594e-83,304.0444105386261,0.0910358178140152,0.013961862876157841,0.20438845013168142,0.09449631413325485,88.02869368332506,0.3469696492899522,5.598509613156843e-30,398.412520440258,0.525,0.02387956403269755,0.0,0.0,0.10871934604904632,88.02869368332506,0.3469696492899522,5.598509613156843e-30,398.412520440258,0.12003295809335998,0.0747279044292479,0.21100161832008557,0.12753579372982599,182.76867750420143,158.16104247570567,3.988168756041163e-07,485.3638033647755,0.215,0.04972261580381472,0.044414168937329704,0.0,0.13245231607629426,182.76867750420143,158.16104247570567,3.988168756041163e-07,485.3638033647755
2000-01-27 00:00:00+00:00,inference-2026-08-20T16-49-50Z-2025-06-06,timeseries.json,2753.0,2583829.962722908,2952.685835745842,2528.3054430787065,3408.7130345198425,0.6293992088431533,0.5417106260112091,0.7253639031058674,0.9488192725953514,0.8131847164114016,1.0963361089722414,0.17448750042931224,0.029326976000129484,0.40686183724439196,0.18197229631564835,403.097256709043,222.37873627088922,8.499830852540533e-35,1081.2035867229397,0.322,0.14642934980021796,0.08245550308754086,0.0,0.3930257900472212,403.097256709043,222.37873627088922,8.499830852540533e-35,1081.2035867229397,0.12887280705878146,0.035607478681888176,0.38035062764382205,0.13609885439853342,260.17926887341326,70.81286525308312,2.7728379873844337e-13,1052.1347669696504,0.324,0.09439447875045405,0.02488194696694515,0.0,0.38107519070105333,260.17926887341326,70.81286525308312,2.7728379873844337e-13,1052.1347669696504,0.13370503363630082,0.023977055709291643,0.37040920208095657,0.1408071353717034,430.6054368962175,17.762381707422403,5.258413703304783e-20,1482.9620201427317,0.412,0.15644496912459138,0.006719941881583727,0.0,0.5395205230657464,430.6054368962175,17.762381707422403,5.258413703304783e-20,1482.9620201427317,0.15677943872525354,0.011011724342113137,0.40515303787786394,0.16497781849690807,390.4876266421644,103.01106925152816,2.650981067011449e-44,1087.8678066396064,0.351,0.14179622230294225,0.03868507083181984,0.0,0.39558663276425715,390.4876266421644,103.01106925152816,2.650981067011449e-44,1087.8678066396064,0.08304674904813689,0.013522600788798163,0.22345261077886178,0.0892191211215947,311.0802579306731,27.304828917047608,2.1195778933910627e-49,1264.0046757078862,0.42,0.1128942971304032,0.00944424264438794,0.0,0.4544315292408282,311.0802579306731,27.304828917047608,2.1195778933910627e-49,1264.0046757078862,0.06085896779019118,0.007398687486848865,0.15983606370633638,0.06489266643253112,142.88277592020515,0.00018978865016332068,1.989362698675003e-69,1209.8424123974758,0.658,0.05196549219033781,0.0,0.0,0.4407555394115509,142.88277592020515,0.00018978865016332068,1.989362698675003e-69,1209.8424123974758,0.0910358178140152,0.013961862876157841,0.20438845013168142,0.09449631413325485,436.97213964775574,15.277558638457661,1.5717282712414858e-38,1498.103065748867,0.426,0.15889720305121685,0.005811841627315656,0.0,0.5423901198692335,436.97213964775574,15.277558638457661,1.5717282712414858e-38,1498.103065748867,0.12003295809335998,0.0747279044292479,0.21100161832008557,0.12753579372982599,377.6952373805263,57.13809672218335,4.5222237379411216e-08,1490.969819860481,0.315,0.13717798764983655,0.021976026153287323,0.0,0.5430439520523066,377.6952373805263,57.13809672218335,4.5222237379411216e-08,1490.969819860481
2000-01-28 00:00:00+00:00,inference-2026-08-20T16-49-50Z-2025-06-06,timeseries.json,2468.0,2583829.962722908,2952.685835745842,2528.3054430787065,3408.7130345198425,0.6293992088431533,0.5417106260112091,0.7253639031058674,0.9488192725953514,0.8131847164114016,1.0963361089722414,0.17448750042931224,0.029326976000129484,0.40686183724439196,0.18197229631564835,290.34271642367946,357.0885692740894,1.390050476403265e-27,601.8909669339106,0.267,0.11778484602917343,0.1426256077795786,0.0,0.24313209076175038,290.34271642367946,357.0885692740894,1.390050476403265e-27,601.8909669339106,0.12887280705878146,0.035607478681888176,0.38035062764382205,0.13609885439853342,252.50835600169978,70.99653756019075,3.7934131798524786e-10,707.888190586754,0.328,0.10210940032414911,0.028565640194489463,0.0,0.29013371150729333,252.50835600169978,70.99653756019075,3.7934131798524786e-10,707.888190586754,0.13370503363630082,0.023977055709291643,0.37040920208095657,0.1408071353717034,309.306621659221,115.76155458556326,2.9148512074891e-17,1284.2339915304863,0.318,0.12512763371150729,0.047406807131280385,0.0,0.516612641815235,309.306621659221,115.76155458556326,2.9148512074891e-17,1284.2339915304863,0.15677943872525354,0.011011724342113137,0.40515303787786394,0.16497781849690807,355.2789172690983,393.80717309123094,1.0040352171074321e-30,781.2415218848793,0.331,0.1439935170178282,0.16004862236628847,0.0,0.3156401944894652,355.2789172690983,393.80717309123094,1.0040352171074321e-30,781.2415218848793,0.08304674904813689,0.013522600788798163,0.22345261077886178,0.0892191211215947,314.55190658341377,16.579873105645746,7.762809250288348e-45,1237.4475736622985,0.424,0.12787925445705026,0.0066855753646677465,0.0,0.49639384116693674,314.55190658341377,16.579873105645746,7.762809250288348e-45,1237.4475736622985,0.06085896779019118,0.007398687486848865,0.15983606370633638,0.06489266643253112,236.25087710870875,0.023785492728070276,1.4010798512331813e-72,1308.3072424349734,0.557,0.09564424635332253,0.0,0.0,0.528464343598055,236.25087710870875,0.023785492728070276,1.4010798512331813e-72,1308.3072424349734,0.0910358178140152,0.013961862876157841,0.20438845013168142,0.09449631413325485,296.18052152302903,4.202654222937646,7.911123224116476e-23,1335.1887181964912,0.447,0.11997811993517019,0.0016207455429497568,0.0,0.5401134521880064,296.18052152302903,4.202654222937646,7.911123224116476e-23,1335.1887181964912,0.12003295809335998,0.0747279044292479,0.21100161832008557,0.12753579372982599,413.58008343114943,156.70468123621146,7.27212892275585e-08,1339.0709328289927,0.274,0.16748298217179902,0.06138573743922204,0.0,0.5449959481361426,413.58008343114943,156.70468123621146,7.27212892275585e-08,1339.0709328289927
2000-01-29 00:00:00+00:00,inference-2026-08-20T16-49-50Z-2025-06-06,timeseries.json,922.0,2583829.962722908,2952.685835745842,2528.3054430787065,3408.7130345198425,0.6293992088431533,0.5417106260112091,0.7253639031058674,0.9488192725953514,0.8131847164114016,1.0963361089722414,0.17448750042931224,0.029326976000129484,0.40686183724439196,0.18197229631564835,118.75683524524898,89.73099577239054,3.109573860012977e-33,315.19817739888566,0.29,0.12921041214750542,0.09707158351409978,0.0,0.34273318872017355,118.75683524524898,89.73099577239054,3.109573860012977e-33,315.19817739888566,0.12887280705878146,0.035607478681888176,0.38035062764382205,0.13609885439853342,129.46928653489206,107.95254974216144,4.1135710549558725e-09,366.52228830285605,0.25,0.14045336225596528,0.1165943600867679,0.0,0.3981561822125812,129.46928653489206,107.95254974216144,4.1135710549558725e-09,366.52228830285605,0.13370503363630082,0.023977055709291643,0.37040920208095657,0.1408071353717034,130.62509772519522,88.98116986856247,4.750765557540304e-15,376.90640767845355,0.297,0.14133514099783082,0.10086767895878525,0.0,0.4100325379609544,130.62509772519522,88.98116986856247,4.750765557540304e-15,376.90640767845355,0.15677943872525354,0.011011724342113137,0.40515303787786394,0.16497781849690807,99.56487937651339,36.1705040201977,5.94673763679407e-75,347.2361321751204,0.392,0.10788720173535792,0.04121475054229935,0.0,0.37657266811279805,99.56487937651339,36.1705040201977,5.94673763679407e-75,347.2361321751204,0.08304674904813689,0.013522600788798163,0.22345261077886178,0.0892191211215947,70.20543145151986,0.4764615450994647,2.025051401905772e-35,339.8946014986533,0.513,0.07598156182212583,0.0,0.0,0.37207158351409975,70.20543145151986,0.4764615450994647,2.025051401905772e-35,339.8946014986533,0.06085896779019118,0.007398687486848865,0.15983606370633638,0.06489266643253112,97.62048048027941,0.07148754128600626,2.2261197296858442e-64,401.067637110009,0.544,0.1055704989154013,0.0,0.0,0.43058568329718006,97.62048048027941,0.07148754128600626,2.2261197296858442e-64,401.067637110009,0.0910358178140152,0.013961862876157841,0.20438845013168142,0.09449631413325485,137.48676230329795,46.53784927135544,5.90132550806351e-26,421.1342385020893,0.371,0.14921475054229935,0.053687635574837314,0.0,0.4631236442516269,137.48676230329795,46.53784927135544,5.90132550806351e-26,421.1342385020893,0.12003295809335998,0.0747279044292479,0.21100161832008557,0.12753579372982599,138.2712268830534,93.22625644550186,1.3382204923022268e-06,395.8383174785058,0.27,0.15034707158351412,0.09869848156182212,0.0,0.4360086767895879,138.2712268830534,93.22625644550186,1.3382204923022268e-06,395.8383174785058
2000-01-30 00:00:00+00:00,inference-2026-08-20T16-49-50Z-2025-06-06,timeseries.json,126.0,2583829.962722908,2952.685835745842,2528.3054430787065,3408.7130345198425,0.6293992088431533,0.5417106260112091,0.7253639031058674,0.9488192725953514,0.8131847164114016,1.0963361089722414,0.17448750042931224,0.029326976000129484,0.40686183724439196,0.18197229631564835,6.994090826631761,1.7240268773542193,3.744017817727061e-35,19.79219306682058,0.447,0.05585714285714285,0.015873015873015872,0.0,0.15119047619047582,6.994090826631761,1.7240268773542193,3.744017817727061e-35,19.79219306682058,0.12887280705878146,0.035607478681888176,0.38035062764382205,0.13609885439853342,9.214421121398455,0.11370179274095474,8.611360749527884e-15,62.050272630330674,0.56,0.0732063492063492,0.0,0.0,0.48531746031745926,9.214421121398455,0.11370179274095474,8.611360749527884e-15,62.050272630330674,0.13370503363630082,0.023977055709291643,0.37040920208095657,0.1408071353717034,18.5595483203864,1.310435708292542,1.9501143898424325e-22,101.84037405751327,0.46,0.1478174603174603,0.015873015873015872,0.0,0.8095238095238095,18.5595483203864,1.310435708292542,1.9501143898424325e-22,101.84037405751327,0.15677943872525354,0.011011724342113137,0.40515303787786394,0.16497781849690807,4.966282886928531,0.22123558152903885,9.84840595959018e-40,16.5704927701433,0.567,0.03984126984126984,0.0,0.0,0.14285714285714285,4.966282886928531,0.22123558152903885,9.84840595959018e-40,16.5704927701433,0.08304674904813689,0.013522600788798163,0.22345261077886178,0.0892191211215947,14.031617714412782,0.006988626253806289,1.8643886620436302e-51,107.75882775300404,0.65,0.11048412698412698,0.0,0.0,0.8571428571428571,14.031617714412782,0.006988626253806289,1.8643886620436302e-51,107.75882775300404,0.06085896779019118,0.007398687486848865,0.15983606370633638,0.06489266643253112,12.41599650725526,0.0001471090638646762,2.656270416576676e-78,99.28456923756208,0.719,0.09896031746031746,0.0,0.0,0.7936507936507936,12.41599650725526,0.0001471090638646762,2.656270416576676e-78,99.28456923756208,0.0910358178140152,0.013961862876157841,0.20438845013168142,0.09449631413325485,36.87902495120284,2.440072205648108,9.607463284947516e-33,110.12176420282802,0.467,0.29242857142857137,0.023809523809523808,0.0,0.873015873015873,36.87902495120284,2.440072205648108,9.607463284947516e-33,110.12176420282802,0.12003295809335998,0.0747279044292479,0.21100161832008557,0.12753579372982599,22.939017671783986,1.0109996792986673,6.413966317486249e-09,109.59702271467191,0.483,0.1814047619047619,0.007936507936507936,0.0,0.8650793650793651,22.939017671783986,1.0109996792986673,6.413966317486249e-09,109.59702271467191
2000-01-31 00:00:00+00:00,inference-2026-08-20T16-49-50Z-2025-06-06,timeseries.json,162.0,2583829.962722908,2952.685835745842,2528.3054430787065,3408.7130345198425,0.6293992088431533,0.5417106260112091,0.7253639031058674,0.9488192725953514,0.8131847164114016,1.0963361089722414,0.17448750042931224,0.029326976000129484,0.40686183724439196,0.18197229631564835,3.8025493724398145,0.04390490391624721,4.757415020012132e-28,13.818264348809423,0.748,0.02354320987654321,0.0,0.0,0.09290123456790095,3.8025493724398145,0.04390490391624721,4.757415020012132e-28,13.818264348809423,0.12887280705878146,0.035607478681888176,0.38035062764382205,0.13609885439853342,10.62928582206278,0.047630103801879445,6.937000739728739e-13,83.13754762093,0.673,0.06549382716049382,0.0,0.0,0.5006172839506168,10.62928582206278,0.047630103801879445,6.937000739728739e-13,83.13754762093,0.13370503363630082,0.023977055709291643,0.37040920208095657,0.1408071353717034,23.305247255443923,0.05362671637652589,1.0219006978844418e-19,153.04661697700388,0.639,0.14427777777777778,0.0,0.0,0.9509259259259256,23.305247255443923,0.05362671637652589,1.0219006978844418e-19,153.04661697700388,0.15677943872525354,0.011011724342113137,0.40515303787786394,0.16497781849690807,3.6882604082492794,0.02761806400427707,5.72687392564468e-50,20.60960936537586,0.719,0.022339506172839505,0.0,0.0,0.12376543209876514,3.6882604082492794,0.02761806400427707,5.72687392564468e-50,20.60960936537586,0.08304674904813689,0.013522600788798163,0.22345261077886178,0.0892191211215947,21.976345125499858,0.06318907159612328,1.7456954226487488e-35,146.78421076005637,0.56,0.13630864197530862,0.0,0.0,0.9138888888888885,21.976345125499858,0.06318907159612328,1.7456954226487488e-35,146.78421076005637,0.06085896779019118,0.007398687486848865,0.15983606370633638,0.06489266643253112,12.431290866102803,2.714466982382569e-05,1.4332713765175405e-71,90.70786834691232,0.726,0.07596913580246914,0.0,0.0,0.605555555555555,12.431290866102803,2.714466982382569e-05,1.4332713765175405e-71,90.70786834691232,0.0910358178140152,0.013961862876157841,0.20438845013168142,0.09449631413325485,36.080157652626795,0.46040885968358725,2.1628795624576166e-35,153.80632671408256,0.514,0.22330246913580248,0.0,0.0,0.9444444444444444,36.080157652626795,0.46040885968358725,2.1628795624576166e-35,153.80632671408256,0.12003295809335998,0.0747279044292479,0.21100161832008557,0.12753579372982599,50.08686349757475,10.535502032760167,7.980688829740479e-09,158.63134361299953,0.373,0.30876543209876545,0.06172839506172839,0.0,0.9814814814814815,50.08686349757475,10.535502032760167,7.980688829740479e-09,158.63134361299953
2000-02-01 00:00:00+00:00,inference-2026-08-20T16-49-50Z-2025-06-06,timeseries.json,156.0,2583829.962722908,2952.685835745842,2528.3054430787065,3408.7130345198425,0.6293992088431533,0.5417106260112091,0.7253639031058674,0.9488192725953514,0.8131847164114016,1.0963361089722414,0.17448750042931224,0.029326976000129484,0.40686183724439196,0.18197229631564835,5.959083838352819,0.06703837652798601,2.0538794959461737e-37,49.59189678507198,0.63,0.038814102564102566,0.0,0.0,0.31442307692307664,5.959083838352819,0.06703837652798601,2.0538794959461737e-37,49.59189678507198,0.12887280705878146,0.035607478681888176,0.38035062764382205,0.13609885439853342,10.628834728247222,0.25303633354869126,1.4853599506397481e-13,76.67698562815741,0.58,0.06782692307692306,0.0,0.0,0.4874999999999997,10.628834728247222,0.25303633354869126,1.4853599506397481e-13,76.67698562815741,0.13370503363630082,0.023977055709291643,0.37040920208095657,0.1408071353717034,27.405958359824883,0.26190226253222554,6.141969705668925e-21,146.51746911782013,0.538,0.17530128205128204,0.0,0.0,0.9423076923076923,27.405958359824883,0.26190226253222554,6.141969705668925e-21,146.51746911782013,0.15677943872525354,0.011011724342113137,0.40515303787786394,0.16497781849690807,8.850032855181086,0.24403405558947228,6.434417324320482e-70,59.872977418372926,0.574,0.05605769230769231,0.0,0.0,0.36538461538461536,8.850032855181086,0.24403405558947228,6.434417324320482e-70,59.872977418372926,0.08304674904813689,0.013522600788798163,0.22345261077886178,0.0892191211215947,11.083047648037434,0.00340325879778933,8.54379806011214e-52,71.41936549093238,0.671,0.07137820512820514,0.0,0.0,0.4682692307692305,11.083047648037434,0.00340325879778933,8.54379806011214e-52,71.41936549093238,0.06085896779019118,0.007398687486848865,0.15983606370633638,0.06489266643253112,22.342649134641857,0.028400561087818486,1.2334910200680647e-72,111.01275386596939,0.578,0.1437371794871795,0.0,0.0,0.6990384615384612,22.342649134641857,0.028400561087818486,1.2334910200680647e-72,111.01275386596939,0.0910358178140152,0.013961862876157841,0.20438845013168142,0.09449631413325485,31.453792955386806,0.3988154391630514,4.212657957101917e-24,145.28098589825206,0.51,0.20196153846153844,0.0,0.0,0.9358974358974359,31.453792955386806,0.3988154391630514,4.212657957101917e-24,145.28098589825206,0.12003295809335998,0.0747279044292479,0.21100161832008557,0.12753579372982599,38.27660048032794,14.488403180881399,2.0392618819565142e-07,130.43753029421194,0.335,0.24492307692307697,0.08974358974358974,0.0,0.8336538461538459,38.27660048032794,14.488403180881399,2.0392618819565142e-07,130.43753029421194
2000-02-02 00:00:00+00:00,inference-2026-08-20T16-49-50Z-2025-06-06,timeseries.json,184.0,2583829.962722908,2952.685835745842,2528.3054430787065,3408.7130345198425,0.6293992088431533,0.5417106260112091,0.7253639031058674,0.9488192725953514,0.8131847164114016,1.0963361089722414,0.17448750042931224,0.029326976000129484,0.40686183724439196,0.18197229631564835,4.382828469293293,0.07987294990380078,2.6595878632601444e-36,19.036705245477837,0.626,0.023288043478260866,0.0,0.0,0.09293478260869516,4.382828469293293,0.07987294990380078,2.6595878632601444e-36,19.036705245477837,0.12887280705878146,0.035607478681888176,0.38035062764382205,0.13609885439853342,21.798140462486895,0.3041894754680897,3.0141389206530835e-13,122.66204530905434,0.55,0.11873913043478261,0.0,0.0,0.6630434782608695,21.798140462486895,0.3041894754680897,3.0141389206530835e-13,122.66204530905434,0.13370503363630082,0.023977055709291643,0.37040920208095657,0.1408071353717034,22.576750329598784,0.3477590845554067,1.7983078068255272e-26,129.40362762013706,0.546,0.12276086956521741,0.0,0.0,0.7070652173913039,22.576750329598784,0.3477590845554067,1.7983078068255272e-26,129.40362762013706,0.15677943872525354,0.011011724342113137,0.40515303787786394,0.16497781849690807,20.27395574251263,1.4429210840509556,1.8974084708975864e-66,107.31257235014186,0.45,0.10975543478260869,0.005434782608695652,0.0,0.5880434782608687,20.27395574251263,1.4429210840509556,1.8974084708975864e-66,107.31257235014186,0.08304674904813689,0.013522600788798163,0.22345261077886178,0.0892191211215947,17.164156302477654,0.018806239700555002,3.786236543440073e-39,113.46946151934594,0.644,0.09322826086956522,0.0,0.0,0.6252717391304345,17.164156302477654,0.018806239700555002,3.786236543440073e-39,113.46946151934594,0.06085896779019118,0.007398687486848865,0.15983606370633638,0.06489266643253112,20.058989944279972,0.001088325237415672,2.8084287354723052e-87,108.5991347191701,0.631,0.10900543478260868,0.0,0.0,0.5869565217391305,20.058989944279972,0.001088325237415672,2.8084287354723052e-87,108.5991347191701,0.0910358178140152,0.013961862876157841,0.20438845013168142,0.09449631413325485,32.874255615862985,0.21208186340794416,3.82528203886469e-46,154.88802265201824,0.529,0.1791902173913043,0.0,0.0,0.8380434782608687,32.874255615862985,0.21208186340794416,3.82528203886469e-46,154.88802265201824,0.12003295809335998,0.0747279044292479,0.21100161832008557,0.12753579372982599,44.870923133487786,16.676060087980208,3.2173549437037036e-09,162.52965230767887,0.352,0.2440326086956522,0.08695652173913043,0.0,0.8858695652173914,44.870923133487786,16.676060087980208,3.2173549437037036e-09,162.52965230767887
2000-02-03 00:00:00+00:00,inference-2026-08-20T16-49-50Z-2025-06-06,timeseries.json,164.0,2583829.962722908,2952.685835745842,2528.3054430787065,3408.7130345198425,0.6293992088431533,0.5417106260112091,0.7253639031058674,0.9488192725953514,0.8131847164114016,1.0963361089722414,0.17448750042931224,0.029326976000129484,0.40686183724439196,0.18197229631564835,4.612007092443104,0.11318874647461395,2.7420544767322425e-35,34.940472941474226,0.607,0.02879878048780488,0.0,0.0,0.1954268292682924,4.612007092443104,0.11318874647461395,2.7420544767322425e-35,34.940472941474226,0.12887280705878146,0.035607478681888176,0.38035062764382205,0.13609885439853342,11.951600977508553,0.10221434555383554,8.114974529363353e-14,89.46254194772021,0.625,0.0728048780487805,0.0,0.0,0.5314024390243894,11.951600977508553,0.10221434555383554,8.114974529363353e-14,89.46254194772021,0.13370503363630082,0.023977055709291643,0.37040920208095657,0.1408071353717034,27.340147648907106,0.4785750602658355,1.1342088361608393e-17,152.42073873346877,0.512,0.16659756097560974,0.0,0.0,0.9390243902439024,27.340147648907106,0.4785750602658355,1.1342088361608393e-17,152.42073873346877,0.15677943872525354,0.011011724342113137,0.40515303787786394,0.16497781849690807,10.113888648738287,0.14994335079245646,2.9029147456871614e-31,69.26754354244135,0.595,0.06198780487804879,0.0,0.0,0.4146341463414634,10.113888648738287,0.14994335079245646,2.9029147456871614e-31,69.26754354244135,0.08304674904813689,0.013522600788798163,0.22345261077886178,0.0892191211215947,15.37820140751755,0.00781615509651078,3.047415807770701e-39,100.39666632900202,0.626,0.0943780487804878,0.0,0.0,0.6280487804878049,15.37820140751755,0.00781615509651078,3.047415807770701e-39,100.39666632900202,0.06085896779019118,0.007398687486848865,0.15983606370633638,0.06489266643253112,17.130126876903226,3.7129803815313006e-05,2.6540030272402966e-87,114.86540815349784,0.674,0.1038780487804878,0.0,0.0,0.7076219512195119,17.130126876903226,3.7129803815313006e-05,2.6540030272402966e-87,114.86540815349784,0.0910358178140152,0.013961862876157841,0.20438845013168142,0.09449631413325485,36.75170445965123,0.3303888171707598,3.529774511194267e-38,151.85392327067743,0.512,0.22323170731707315,0.0,0.0,0.9271341463414632,36.75170445965123,0.3303888171707598,3.529774511194267e-38,151.85392327067743,0.12003295809335998,0.0747279044292479,0.21100161832008557,0.12753579372982599,40.72232288833091,10.090892866265508,4.966504166860985e-09,157.6352120238983,0.352,0.24832317073170732,0.06097560975609756,0.0,0.9634146341463414,40.72232288833091,10.090892866265508,4.966504166860985e-09,157.6352120238983
2000-02-04 00:00:00+00:00,inference-2026-08-20T16-49-50Z-2025-06-06,timeseries.json,164.0,2583829.962722908,2952.685835745842,2528.3054430787065,3408.7130345198425,0.6293992088431533,0.5417106260112091,0.7253639031058674,0.9488192725953514,0.8131847164114016,1.0963361089722414,0.17448750042931224,0.029326976000129484,0.40686183724439196,0.18197229631564835,2.107182422719344,0.07657363962728117,1.4274415143951404e-27,6.97295383356921,0.706,0.013073170731707318,0.0,0.0,0.054878048780487805,2.107182422719344,0.07657363962728117,1.4274415143951404e-27,6.97295383356921,0.12887280705878146,0.035607478681888176,0.38035062764382205,0.13609885439853342,9.912793247406894,0.06664328989713166,4.695308132667333e-15,60.011732912111235,0.647,0.060359756097560974,0.0,0.0,0.39115853658536504,9.912793247406894,0.06664328989713166,4.695308132667333e-15,60.011732912111235,0.13370503363630082,0.023977055709291643,0.37040920208095657,0.1408071353717034,25.61688682477224,0.036398858313426076,5.362653798434057e-22,161.52369012280445,0.649,0.15577439024390244,0.0,0.0,0.9817073170731707,25.61688682477224,0.036398858313426076,5.362653798434057e-22,161.52369012280445,0.15677943872525354,0.011011724342113137,0.40515303787786394,0.16497781849690807,2.597426009235429,0.011780434382957658,5.434701958403451e-40,15.642087409010378,0.745,0.016060975609756098,0.0,0.0,0.0975609756097561,2.597426009235429,0.011780434382957658,5.434701958403451e-40,15.642087409010378,0.08304674904813689,0.013522600788798163,0.22345261077886178,0.0892191211215947,17.485167428047586,0.010292756139444595,2.6689103002693423e-87,140.86401966801103,0.654,0.10628658536585366,0.0,0.0,0.8536585365853658,17.485167428047586,0.010292756139444595,2.6689103002693423e-87,140.86401966801103,0.06085896779019118,0.007398687486848865,0.15983606370633638,0.06489266643253112,16.437788798692807,0.0002082694877220446,2.5750104900289765e-83,150.38139095664067,0.715,0.10023780487804877,0.0,0.0,0.9207317073170732,16.437788798692807,0.0002082694877220446,2.5750104900289765e-83,150.38139095664067,0.0910358178140152,0.013961862876157841,0.20438845013168142,0.09449631413325485,50.601634597095355,0.1393240651089573,1.1081414495446041e-34,162.34670104741,0.52,0.30841463414634146,0.0,0.0,0.9939024390243902,50.601634597095355,0.1393240651089573,1.1081414495446041e-34,162.34670104741,0.12003295809335998,0.0747279044292479,0.21100161832008557,0.12753579372982599,39.241120672030384,1.091923379088845,1.0726711555661524e-10,161.67623759710125,0.46,0.2397926829268293,0.009146341463414635,0.0,0.9878048780487805,39.241120672030384,1.091923379088845,1.0726711555661524e-10,161.67623759710125
2000-02-05 00:00:00+00:00,inference-2026-08-20T16-49-50Z-2025-06-06,timeseries.json,174.0,2583829.962722908,2952.685835745842,2528.3054430787065,3408.7130345198425,0.6293992088431533,0.5417106260112091,0.7253639031058674,0.9488192725953514,0.8131847164114016,1.0963361089722414,0.17448750042931224,0.029326976000129484,0.40686183724439196,0.18197229631564835,1.4659826500551776,0.0455064471967253,2.46190749217946e-41,3.5692570214062296,0.703,0.008522988505747125,0.0,0.0,0.022988505747126436,1.4659826500551776,0.0455064471967253,2.46190749217946e-41,3.5692570214062296,0.12887280705878146,0.035607478681888176,0.38035062764382205,0.13609885439853342,9.29268337870768,0.020662754128175993,5.6440848043582395e-15,64.70256488164287,0.732,0.05329885057471264,0.0,0.0,0.39683908045976984,9.29268337870768,0.020662754128175993,5.6440848043582395e-15,64.70256488164287,0.13370503363630082,0.023977055709291643,0.37040920208095657,0.1408071353717034,27.192521774720472,0.04786637003691138,9.506112903423799e-21,171.51258717997305,0.631,0.15663793103448276,0.0,0.0,0.9827586206896551,27.192521774720472,0.04786637003691138,9.506112903423799e-21,171.51258717997305,0.15677943872525354,0.011011724342113137,0.40515303787786394,0.16497781849690807,1.974474776716019,0.020313094141101988,3.524287211981311e-76,6.504824456494877,0.728,0.01146551724137931,0.0,0.0,0.04597701149425287,1.974474776716019,0.020313094141101988,3.524287211981311e-76,6.504824456494877,0.08304674904813689,0.013522600788798163,0.22345261077886178,0.0892191211215947,18.336047933292697,0.000681931413774305,1.9311376375461922e-46,166.18211530596733,0.699,0.10590804597701149,0.0,0.0,0.9655172413793104,18.336047933292697,0.000681931413774305,1.9311376375461922e-46,166.18211530596733,0.06085896779019118,0.007398687486848865,0.15983606370633638,0.06489266643253112,19.410067305780355,0.00026781186896335935,9.55735425777448e-69,169.27943931503043,0.71,0.11159195402298852,0.0,0.0,0.9770114942528736,19.410067305780355,0.00026781186896335935,9.55735425777448e-69,169.27943931503043,0.0910358178140152,0.013961862876157841,0.20438845013168142,0.09449631413325485,54.975915692698,0.23662783836133022,2.2746127808171093e-33,172.26168666447018,0.515,0.3156034482758621,0.0,0.0,0.9942528735632183,54.975915692698,0.23662783836133022,2.2746127808171093e-33,172.26168666447018,0.12003295809335998,0.0747279044292479,0.21100161832008557,0.12753579372982599,41.35230648802956,1.1715541495636825,4.81032901043238e-09,172.68668244939957,0.463,0.2369712643678161,0.005747126436781609,0.0,0.9942528735632183,41.35230648802956,1.1715541495636825,4.81032901043238e-09,172.68668244939957
2000-02-06 00:00:00+00:00,inference-2026-08-20T16-49-50Z-2025-06-06,timeseries.json,3216.0,2583829.962722908,2952.685835745842,2528.3054430787065,3408.7130345198425,0.6293992088431533,0.5417106260112091,0.7253639031058674,0.9488192725953514,0.8131847164114016,1.0963361089722414,0.17448750042931224,0.029326976000129484,0.40686183724439196,0.18197229631564835,139.56526466285905,35.80451298923139,4.086111044807105e-20,934.7363571780292,0.341,0.04359577114427861,0.01134950248756219,0.0,0.2926772388059701,139.56526466285905,35.80451298923139,4.086111044807105e-20,934.7363571780292,0.12887280705878146,0.035607478681888176,0.38035062764382205,0.13609885439853342,400.3222656130827,29.25866400953188,3.4857964090569055e-13,1664.4104319240444,0.32,0.12414676616915424,0.008706467661691543,0.0,0.5128886815920394,400.3222656130827,29.25866400953188,3.4857964090569055e-13,1664.4104319240444,0.13370503363630082,0.023977055709291643,0.37040920208095657,0.1408071353717034,413.6495434468163,11.056970329064459,6.573088545366978e-19,1998.0813950349013,0.372,0.12855503731343285,0.003420398009950249,0.0,0.6197450248756219,413.6495434468163,11.056970329064459,6.573088545366978e-19,1998.0813950349013,0.15677943872525354,0.011011724342113137,0.40515303787786394,0.16497781849690807,347.8102581744082,60.190126050286906,1.1688541031509613e-24,1463.4267157358404,0.33,0.10829508706467661,0.018656716417910446,0.0,0.46360385572137947,347.8102581744082,60.190126050286906,1.1688541031509613e-24,1463.4267157358404,0.08304674904813689,0.013522600788798163,0.22345261077886178,0.0892191211215947,297.2752099980821,2.2405618163845924,4.1795733632021003e-38,1488.211218064047,0.453,0.09238712686567165,0.0006218905472636816,0.0,0.46271766169154227,297.2752099980821,2.2405618163845924,4.1795733632021003e-38,1488.211218064047,0.06085896779019118,0.007398687486848865,0.15983606370633638,0.06489266643253112,338.37115910764174,6.6281205557778495,4.660191566799354e-71,1702.3933899285275,0.461,0.10523258706467664,0.001554726368159204,0.0,0.5298507462686567,338.37115910764174,6.6281205557778495,4.660191566799354e-71,1702.3933899285275,0.0910358178140152,0.013961862876157841,0.20438845013168142,0.09449631413325485,561.6922012122501,25.525737961023296,2.6151860900253523e-37,2137.420113789502,0.401,0.17478544776119403,0.008395522388059701,0.0,0.6636815920398009,561.6922012122501,25.525737961023296,2.6151860900253523e-37,2137.420113789502,0.12003295809335998,0.0747279044292479,0.21100161832008557,0.12753579372982599,717.3140977848607,391.6539369683434,4.561082015862993e-06,2359.965976871656,0.179,0.22300217661691546,0.11909203980099503,0.0,0.7335665422885572,717.3140977848607,391.6539369683434,4.561082015862993e-06,2359.965976871656
2000-02-07 00:00:00+00:00,inference-2026-08-20T16-49-50Z-2025-06-06,timeseries.json,9403.0,2583829.962722908,2952.685835745842,2528.3054430787065,3408.7130345198425,0.6293992088431533,0.5417106260112091,0.7253639031058674,0.9488192725953514,0.8131847164114016,1.0963361089722414,0.17448750042931224,0.029326976000129484,0.40686183724439196,0.18197229631564835,3398.927035951415,91.65543398488028,2.936115225444733e-34,9389.052561737688,0.39,0.36147080718919494,0.009624587897479529,0.0,0.9984047644368819,3398.927035951415,91.65543398488028,2.936115225444733e-34,9389.052561737688,0.12887280705878146,0.035607478681888176,0.38035062764382205,0.13609885439853342,1390.063942211881,4.965946519210564,4.162910185978134e-10,9390.020608483122,0.406,0.1478041050728491,0.0005849197064766564,0.0,0.9984100818887589,1390.063942211881,4.965946519210564,4.162910185978134e-10,9390.020608483122,0.13370503363630082,0.023977055709291643,0.37040920208095657,0.1408071353717034,1542.7948860592194,0.2728594979046818,2.709216775187411e-24,9399.67611751104,0.523,0.16404349675635435,0.0,0.0,0.9996809528873764,1542.7948860592194,0.2728594979046818,2.709216775187411e-24,9399.67611751104,0.15677943872525354,0.011011724342113137,0.40515303787786394,0.16497781849690807,2649.389124934184,0.09772705163730538,1.385219175754034e-62,9392.709674533677,0.549,0.2817988939700096,0.0,0.0,0.9988301605870467,2649.389124934184,0.09772705163730538,1.385219175754034e-62,9392.709674533677,0.08304674904813689,0.013522600788798163,0.22345261077886178,0.0892191211215947,418.9110240886164,0.0005795869828284326,2.412270901698282e-38,337.1294310329461,0.785,0.04456450069126875,0.0,0.0,0.03610549824520988,418.9110240886164,0.0005795869828284326,2.412270901698282e-38,337.1294310329461,0.06085896779019118,0.007398687486848865,0.15983606370633638,0.06489266643253112,0.7406242835547262,7.057608204177541e-06,1.1451562050929517e-70,5.415090101865812,0.84,8.167606083164946e-05,0.0,0.0,0.0005317451877060512,0.7406242835547262,7.057608204177541e-06,1.1451562050929517e-70,5.415090101865812,0.0910358178140152,0.013961862876157841,0.20438845013168142,0.09449631413325485,0.857027916966115,0.0011436871505065423,3.815516329303433e-39,5.375332248514137,0.803,9.284270977347655e-05,0.0,0.0,0.0006380942252472616,0.857027916966115,0.0011436871505065423,3.815516329303433e-39,5.375332248514137,0.12003295809335998,0.0747279044292479,0.21100161832008557,0.12753579372982599,1.3163345541637856,0.016070013882867204,7.912310244005812e-11,7.697897898755324,0.738,0.00014367754971817505,0.0,0.0,0.000850792300329682,1.3163345541637856,0.016070013882867204,7.912310244005812e-11,7.697897898755324
2000-02-08 00:00:00+00:00,inference-2026-08-20T16-49-50Z-2025-06-06,timeseries.json,6564.0,2583829.962722908,2952.685835745842,2528.3054430787065,3408.7130345198425,0.6293992088431533,0.5417106260112091,0.7253639031058674,0.9488192725953514,0.8131847164114016,1.0963361089722414,0.17448750042931224,0.029326976000129484,0.40686183724439196,0.18197229631564835,1604.7084226658264,746.9168661304868,4.413174333489081e-27,5669.165497607759,0.267,0.24459079829372335,0.11425959780621572,0.0,0.8595216331505175,1604.7084226658264,746.9168661304868,4.413174333489081e-27,5669.165497607759,0.12887280705878146,0.035607478681888176,0.38035062764382205,0.13609885439853342,2385.6728357796583,2452.5203268358637,2.3884154400517447e-10,6322.597735409481,0.149,0.36346755027422306,0.37827544180377815,0.0,0.962279098110908,2385.6728357796583,2452.5203268358637,2.3884154400517447e-10,6322.597735409481,0.13370503363630082,0.023977055709291643,0.37040920208095657,0.1408071353717034,1519.5076902351686,63.30564096575998,1.9777089760829586e-28,6283.422596723619,0.324,0.2314648080438757,0.009369287020109689,0.0,0.9578153564899451,1519.5076902351686,63.30564096575998,1.9777089760829586e-28,6283.422596723619,0.15677943872525354,0.011011724342113137,0.40515303787786394,0.16497781849690807,891.0522778358783,29.246380859277764,6.538131928534596e-41,4383.9066585087185,0.405,0.13564244363193176,0.004113345521023766,0.0,0.6721663619744058,891.0522778358783,29.246380859277764,6.538131928534596e-41,4383.9066585087185,0.08304674904813689,0.013522600788798163,0.22345261077886178,0.0892191211215947,84.88947133695518,0.0013531038201083378,5.981478092098551e-40,147.8338621956099,0.637,0.01291285801340646,0.0,0.0,0.02196069469835464,84.88947133695518,0.0013531038201083378,5.981478092098551e-40,147.8338621956099,0.06085896779019118,0.007398687486848865,0.15983606370633638,0.06489266643253112,12.924554685396007,0.0003013861890383975,1.1267127982791515e-81,87.70544244948152,0.697,0.0019835466179159047,0.0,0.0,0.013254113345521023,12.924554685396007,0.0003013861890383975,1.1267127982791515e-81,87.70544244948152,0.0910358178140152,0.013961862876157841,0.20438845013168142,0.09449631413325485,29.654230192330978,0.4508488719124185,1.544498770645777e-29,147.23690837142306,0.511,0.00450792199878123,0.0,0.0,0.02254722730042657,29.654230192330978,0.4508488719124185,1.544498770645777e-29,147.23690837142306,0.12003295809335998,0.0747279044292479,0.21100161832008557,0.12753579372982599,35.590517268789654,3.8135747875340025,3.718585270631362e-09,144.1087413543201,0.401,0.005430073126142596,0.0006093845216331506,0.0,0.021937842778793418,35.590517268789654,3.8135747875340025,3.718585270631362e-09,144.1087413543201
2000-02-09 00:00:00+00:00,inference-2026-08-20T16-49-50Z-2025-06-06,timeseries.json,1567.0,2583829.962722908,2952.685835745842,2528.3054430787065,3408.7130345198425,0.6293992088431533,0.5417106260112091,0.7253639031058674,0.9488192725953514,0.8131847164114016,1.0963361089722414,0.17448750042931224,0.029326976000129484,0.40686183724439196,0.18197229631564835,366.0341370767766,41.35852954820987,3.8057515566544466e-35,1530.9590822238176,0.358,0.2334709636247607,0.026483726866624126,0.0,0.9790044671346521,366.0341370767766,41.35852954820987,3.8057515566544466e-35,1530.9590822238176,0.12887280705878146,0.035607478681888176,0.38035062764382205,0.13609885439853342,666.9307534686843,555.7463642892276,8.450004400421645e-14,1563.3877088763193,0.368,0.42548947032546264,0.3560944479897894,0.0,0.998085513720485,666.9307534686843,555.7463642892276,8.450004400421645e-14,1563.3877088763193,0.13370503363630082,0.023977055709291643,0.37040920208095657,0.1408071353717034,401.2076231862658,0.42732027877892215,3.72582384955723e-22,1561.2827917299157,0.512,0.2559170389278877,0.0,0.0,0.9962029355456286,401.2076231862658,0.42732027877892215,3.72582384955723e-22,1561.2827917299157,0.15677943872525354,0.011011724342113137,0.40515303787786394,0.16497781849690807,121.98291005196742,0.03893248476790359,3.793739133682437e-42,1103.6450495899933,0.605,0.07817932354818125,0.0,0.0,0.7252712188895971,121.98291005196742,0.03893248476790359,3.793739133682437e-42,1103.6450495899933,0.08304674904813689,0.013522600788798163,0.22345261077886178,0.0892191211215947,9.496091632318652,0.0003415327346449063,1.4013567706612964e-39,6.3885497248011305,0.815,0.0060733886407147416,0.0,0.0,0.0038289725590299937,9.496091632318652,0.0003415327346449063,1.4013567706612964e-39,6.3885497248011305,0.06085896779019118,0.007398687486848865,0.15983606370633638,0.06489266643253112,0.2755001750832253,2.559605817124961e-07,1.932111005709822e-69,1.8443816364406986,0.893,0.00018825781748564138,0.0,0.0,0.0012763241863433313,0.2755001750832253,2.559605817124961e-07,1.932111005709822e-69,1.8443816364406986,0.0910358178140152,0.013961862876157841,0.20438845013168142,0.09449631413325485,0.5445395459995253,0.0003583140603395651,3.194884888630447e-32,3.2753914983740318,0.831,0.00032801531589023614,0.0,0.0,0.0025526483726866626,0.5445395459995253,0.0003583140603395651,3.194884888630447e-32,3.2753914983740318,0.12003295809335998,0.0747279044292479,0.21100161832008557,0.12753579372982599,0.5284448629045172,0.013440657290503057,6.8941220244873e-11,2.8625872621235526,0.787,0.00035354179961710275,0.0,0.0,0.0019144862795149968,0.5284448629045172,0.013440657290503057,6.8941220244873e-11,2.8625872621235526
2000-02-10 00:00:00+00:00,inference-2026-08-20T16-49-50Z-2025-06-06,timeseries.json,186.0,2583829.962722908,2952.685835745842,2528.3054430787065,3408.7130345198425,0.6293992088431533,0.5417106260112091,0.7253639031058674,0.9488192725953514,0.8131847164114016,1.0963361089722414,0.17448750042931224,0.029326976000129484,0.40686183724439196,0.18197229631564835,19.65048306742877,6.2776732843702705,2.90562156017947e-38,48.73001364690341,0.377,0.10539247311827957,0.03225806451612903,0.0,0.2586021505376339,19.65048306742877,6.2776732843702705,2.90562156017947e-38,48.73001364690341,0.12887280705878146,0.035607478681888176,0.38035062764382205,0.13609885439853342,18.392093977401398,2.342398741591288,5.228081205544697e-12,74.4575789570844,0.43,0.09877956989247312,0.010752688172043012,0.0,0.3873655913978492,18.392093977401398,2.342398741591288,5.228081205544697e-12,74.4575789570844,0.13370503363630082,0.023977055709291643,0.37040920208095657,0.1408071353717034,17.704172398165475,0.34398070164744465,4.0957288378785517e-26,101.2069479677201,0.532,0.09500537634408603,0.0,0.0,0.5486559139784943,17.704172398165475,0.34398070164744465,4.0957288378785517e-26,101.2069479677201,0.15677943872525354,0.011011724342113137,0.40515303787786394,0.16497781849690807,20.59589630495882,1.9682949805399308,1.8412902364461795e-46,69.5995729613506,0.48,0.1105752688172043,0.010752688172043012,0.0,0.3712365591397847,20.59589630495882,1.9682949805399308,1.8412902364461795e-46,69.5995729613506,0.08304674904813689,0.013522600788798163,0.22345261077886178,0.0892191211215947,41.18961477803065,19.64716241119563,4.010922160496615e-29,137.84791025170634,0.356,0.22260215053763444,0.10215053763440861,0.0,0.7317204301075264,41.18961477803065,19.64716241119563,4.010922160496615e-29,137.84791025170634,0.06085896779019118,0.007398687486848865,0.15983606370633638,0.06489266643253112,9.100537644105332,0.00024136723138213758,4.683708351801198e-78,63.13231903062345,0.735,0.048795698924731186,0.0,0.0,0.34408602150537637,9.100537644105332,0.00024136723138213758,4.683708351801198e-78,63.13231903062345,0.0910358178140152,0.013961862876157841,0.20438845013168142,0.09449631413325485,14.338398378848296,0.02511218056528297,1.5499467480190836e-27,88.16597631926747,0.601,0.07637096774193547,0.0,0.0,0.4682795698924726,14.338398378848296,0.02511218056528297,1.5499467480190836e-27,88.16597631926747,0.12003295809335998,0.0747279044292479,0.21100161832008557,0.12753579372982599,45.02880345106129,13.057468992213238,1.2765052771869613e-08,139.3246792294462,0.358,0.24247849462365592,0.06989247311827956,0.0,0.7473118279569892,45.02880345106129,13.057468992213238,1.2765052771869613e-08,139.3246792294462
2000-02-11 00:00:00+00:00,inference-2026-08-20T16-49-50Z-2025-06-06,timeseries.json,138.0,2583829.962722908,2952.685835745842,2528.3054430787065,3408.7130345198425,0.6293992088431533,0.5417106260112091,0.7253639031058674,0.9488192725953514,0.8131847164114016,1.0963361089722414,0.17448750042931224,0.029326976000129484,0.40686183724439196,0.18197229631564835,6.981316622929377,0.053524196992972575,4.570793684865536e-23,47.944489477089284,0.738,0.05008695652173913,0.0,0.0,0.36739130434782147,6.981316622929377,0.053524196992972575,4.570793684865536e-23,47.944489477089284,0.12887280705878146,0.035607478681888176,0.38035062764382205,0.13609885439853342,3.929745124976685,0.01924293973719508,1.2301392382343969e-21,14.90402846856153,0.749,0.0285,0.0,0.0,0.10905797101449242,3.929745124976685,0.01924293973719508,1.2301392382343969e-21,14.90402846856153,0.13370503363630082,0.023977055709291643,0.37040920208095657,0.1408071353717034,13.225588959177939,0.11123598838752076,5.08199083341046e-18,111.81946083746234,0.606,0.09647826086956522,0.0,0.0,0.8264492753623185,13.225588959177939,0.11123598838752076,5.08199083341046e-18,111.81946083746234,0.15677943872525354,0.011011724342113137,0.40515303787786394,0.16497781849690807,3.1549737466248855,0.05259659149086242,4.226097990355311e-38,16.691089310983628,0.684,0.022528985507246375,0.0,0.0,0.10905797101449242,3.1549737466248855,0.05259659149086242,4.226097990355311e-38,16.691089310983628,0.08304674904813689,0.013522600788798163,0.22345261077886178,0.0892191211215947,42.47652424571515,14.035840363825928,4.789600246789414e-14,135.71544144166268,0.36,0.30772463768115943,0.10144927536231885,0.0,0.9855072463768116,42.47652424571515,14.035840363825928,4.789600246789414e-14,135.71544144166268,0.06085896779019118,0.007398687486848865,0.15983606370633638,0.06489266643253112,9.797703392699638,1.539648632184675e-05,1.2936160078888487e-96,83.12052450699683,0.748,0.07115217391304347,0.0,0.0,0.6018115942028982,9.797703392699638,1.539648632184675e-05,1.2936160078888487e-96,83.12052450699683,0.0910358178140152,0.013961862876157841,0.20438845013168142,0.09449631413325485,18.651842951520294,0.018747715816619458,9.773402340164497e-28,127.88194420151716,0.627,0.1351014492753623,0.0,0.0,0.9206521739130431,18.651842951520294,0.018747715816619458,9.773402340164497e-28,127.88194420151716,0.12003295809335998,0.0747279044292479,0.21100161832008557,0.12753579372982599,39.782304956356,2.7463463410156854,7.316669315166094e-10,136.0991003930373,0.419,0.28842753623188405,0.021739130434782608,0.0,0.9855072463768116,39.782304956356,2.7463463410156854,7.316669315166094e-10,136.0991003930373
2000-02-12 00:00:00+00:00,inference-2026-08-20T16-49-50Z-2025-06-06,timeseries.json,1991.0,2583829.962722908,2952.685835745842,2528.3054430787065,3408.7130345198425,0.6293992088431533,0.5417106260112091,0.7253639031058674,0.9488192725953514,0.8131847164114016,1.0963361089722414,0.17448750042931224,0.029326976000129484,0.40686183724439196,0.18197229631564835,127.71003861805512,50.65833491112658,5.726117952372397e-47,462.82150480349395,0.337,0.06406629834254145,0.026619789050728277,0.0,0.22805123053741838,127.71003861805512,50.65833491112658,5.726117952372397e-47,462.82150480349395,0.12887280705878146,0.035607478681888176,0.38035062764382205,0.13609885439853342,212.33444097549184,92.65415643896574,5.3230861768412094e-09,782.653142135306,0.319,0.1069949773982923,0.04445002511300854,0.0,0.39286790557508783,212.33444097549184,92.65415643896574,5.3230861768412094e-09,782.653142135306,0.13370503363630082,0.023977055709291643,0.37040920208095657,0.1408071353717034,236.21055939336364,11.3466967568686,8.015996379969106e-28,1184.431473258401,0.419,0.11850627825213461,0.0055248618784530384,0.0,0.5952034153691612,236.21055939336364,11.3466967568686,8.015996379969106e-28,1184.431473258401,0.15677943872525354,0.011011724342113137,0.40515303787786394,0.16497781849690807,235.8484182196818,181.594389766319,4.625010518232893e-58,742.3975738150727,0.295,0.11840231039678553,0.09116022099447514,0.0,0.3832747363134103,235.8484182196818,181.594389766319,4.625010518232893e-58,742.3975738150727,0.08304674904813689,0.013522600788798163,0.22345261077886178,0.0892191211215947,378.49208633750806,301.4660965875498,1.1945442144002452e-38,1097.3007073371605,0.306,0.18997237569060774,0.152435961828227,0.0,0.5546459065796081,378.49208633750806,301.4660965875498,1.1945442144002452e-38,1097.3007073371605,0.06085896779019118,0.007398687486848865,0.15983606370633638,0.06489266643253112,103.22027411813431,0.00011737452473072752,9.305580105449422e-87,585.0655236074214,0.668,0.05198794575590156,0.0,0.0,0.29337016574585634,103.22027411813431,0.00011737452473072752,9.305580105449422e-87,585.0655236074214,0.0910358178140152,0.013961862876157841,0.20438845013168142,0.09449631413325485,269.9089354216684,18.00824443914047,8.737613179127277e-49,1029.1329338806431,0.421,0.13549372174786542,0.008538422903063787,0.0,0.5198643897538925,269.9089354216684,18.00824443914047,8.737613179127277e-49,1029.1329338806431,0.12003295809335998,0.0747279044292479,0.21100161832008557,0.12753579372982599,427.27524691609756,311.19832987254654,3.1732453985806343e-08,1475.5476227408649,0.249,0.21457609241587147,0.15595178302360624,0.0,0.7389753892516322,427.27524691609756,311.19832987254654,3.1732453985806343e-08,1475.5476227408649
2000-02-13 00:00:00+00:00,inference-2026-08-20T16-49-50Z-2025-06-06,timeseries.json,2361.0,2583829.962722908,2952.685835745842,2528.3054430787065,3408.7130345198425,0.6293992088431533,0.5417106260112091,0.7253639031058674,0.9488192725953514,0.8131847164114016,1.0963361089722414,0.17448750042931224,0.029326976000129484,0.40686183724439196,0.18197229631564835,520.1893780886978,25.28246933249195,2.676203809419362e-32,1879.4716621004743,0.381,0.2199495976281237,0.011859381617958492,0.0,0.795425667090216,520.1893780886978,25.28246933249195,2.676203809419362e-32,1879.4716621004743,0.12887280705878146,0.035607478681888176,0.38035062764382205,0.13609885439853342,494.86171676340837,19.070797716765355,2.809831469980651e-14,1850.533291500096,0.383,0.20993096145700973,0.00868276154171961,0.0,0.7861075815332487,494.86171676340837,19.070797716765355,2.809831469980651e-14,1850.533291500096,0.13370503363630082,0.023977055709291643,0.37040920208095657,0.1408071353717034,453.40809631158197,10.750553783036693,2.390955943567042e-22,1847.9487142411026,0.43,0.19193985599322322,0.004659042778483694,0.0,0.7844133841592545,453.40809631158197,10.750553783036693,2.390955943567042e-22,1847.9487142411026,0.15677943872525354,0.011011724342113137,0.40515303787786394,0.16497781849690807,410.62810668163,29.183270616090365,1.7189503048186603e-28,1882.578822998503,0.379,0.1740004235493435,0.012918254976704787,0.0,0.7975645912748834,410.62810668163,29.183270616090365,1.7189503048186603e-28,1882.578822998503,0.08304674904813689,0.013522600788798163,0.22345261077886178,0.0892191211215947,190.48153937355738,4.77364130492136,4.723921851967826e-49,528.9708871550513,0.46,0.08067047861075816,0.001905972045743329,0.0,0.2215798390512494,190.48153937355738,4.77364130492136,4.723921851967826e-49,528.9708871550513,0.06085896779019118,0.007398687486848865,0.15983606370633638,0.06489266643253112,21.30760684202927,0.0001073992460153643,1.8001804033441804e-75,151.039806585915,0.709,0.008976704786107582,0.0,0.0,0.06319356204997875,21.30760684202927,0.0001073992460153643,1.8001804033441804e-75,151.039806585915,0.0910358178140152,0.013961862876157841,0.20438845013168142,0.09449631413325485,108.1413427498841,1.057069319217388,2.1261814356639563e-36,473.17094465850056,0.476,0.045915713680643795,0.00042354934349851756,0.0,0.2020330368487929,108.1413427498841,1.057069319217388,2.1261814356639563e-36,473.17094465850056,0.12003295809335998,0.0747279044292479,0.21100161832008557,0.12753579372982599,161.98221318921145,53.40402571950076,2.1017721843272482e-07,500.12004965176027,0.272,0.06861626429479034,0.02244811520542143,0.0,0.21179584921643368,161.98221318921145,53.40402571950076,2.1017721843272482e-07,500.12004965176027
2000-02-14 00:00:00+00:00,inference-2026-08-20T16-49-50Z-2025-06-06,timeseries.json,5879.0,2583829.962722908,2952.685835745842,2528.3054430787065,3408.7130345198425,0.6293992088431533,0.5417106260112091,0.7253639031058674,0.9488192725953514,0.8131847164114016,1.0963361089722414,0.17448750042931224,0.029326976000129484,0.40686183724439196,0.18197229631564835,2285.91496990803,2.2147745890603883,4.393445652074879e-46,5874.329400562708,0.455,0.3888567783636673,0.0003401939105290015,0.0,0.999319612178942,2285.91496990803,2.2147745890603883,4.393445652074879e-46,5874.329400562708,0.12887280705878146,0.035607478681888176,0.38035062764382205,0.13609885439853342,661.7281369925788,0.19411022043880255,1.5352760187059328e-13,5863.127754044427,0.561,0.11253512502126213,0.0,0.0,0.9969467596530023,661.7281369925788,0.19411022043880255,1.5352760187059328e-13,5863.127754044427,0.13370503363630082,0.023977055709291643,0.37040920208095657,0.1408071353717034,892.7362847898974,0.02599542432549977,4.3675358755458675e-22,5870.148126712375,0.584,0.15187327776832793,0.0,0.0,0.9984691274026195,892.7362847898974,0.02599542432549977,4.3675358755458675e-22,5870.148126712375,0.15677943872525354,0.011011724342113137,0.40515303787786394,0.16497781849690807,1741.3836921620182,0.01882575197840775,3.911029185581134e-41,5875.362035547214,0.593,0.29615955094403806,0.0,0.0,0.9994897091342065,1741.3836921620182,0.01882575197840775,3.911029185581134e-41,5875.362035547214,0.08304674904813689,0.013522600788798163,0.22345261077886178,0.0892191211215947,291.64093259177656,0.0007027103243094862,3.231099874897041e-44,293.88215201290916,0.732,0.049616091171968024,0.0,0.0,0.050102058173117615,291.64093259177656,0.0007027103243094862,3.231099874897041e-44,293.88215201290916,0.06085896779019118,0.007398687486848865,0.15983606370633638,0.06489266643253112,1.134993892651032,1.2358657099666244e-06,4.9760044806989066e-83,7.731410217836689,0.833,0.00019663208028576287,0.0,0.0,0.001360775642116006,1.134993892651032,1.2358657099666244e-06,4.9760044806989066e-83,7.731410217836689,0.0910358178140152,0.013961862876157841,0.20438845013168142,0.09449631413325485,2.19873085625523,0.0013601908566406662,1.002186389517648e-37,12.419179490373702,0.692,0.0003720020411634631,0.0,0.0,0.00221126041843851,2.19873085625523,0.0013601908566406662,1.002186389517648e-37,12.419179490373702,0.12003295809335998,0.0747279044292479,0.21100161832008557,0.12753579372982599,2.2622588067890836,0.0501474204136864,8.869020224728468e-11,12.530835887320746,0.666,0.0003905426092872938,0.0,0.0,0.00221126041843851,2.2622588067890836,0.0501474204136864,8.869020224728468e-11,12.530835887320746
2000-02-15 00:00:00+00:00,inference-2026-08-20T16-49-50Z-2025-06-06,timeseries.json,117.0,2583829.962722908,2952.685835745842,2528.3054430787065,3408.7130345198425,0.6293992088431533,0.5417106260112091,0.7253639031058674,0.9488192725953514,0.8131847164114016,1.0963361089722414,0.17448750042931224,0.029326976000129484,0.40686183724439196,0.18197229631564835,19.602380937105867,8.749157027804522,4.448151619699036e-29,46.40584886888554,0.404,0.1674957264957265,0.06837606837606838,0.0,0.4188034188034188,19.602380937105867,8.749157027804522,4.448151619699036e-29,46.40584886888554,0.12887280705878146,0.035607478681888176,0.38035062764382205,0.13609885439853342,11.115002397679207,0.09489528210894486,2.3396197554079642e-26,44.26382986676968,0.56,0.09458974358974359,0.0,0.0,0.38461538461538464,11.115002397679207,0.09489528210894486,2.3396197554079642e-26,44.26382986676968,0.13370503363630082,0.023977055709291643,0.37040920208095657,0.1408071353717034,9.990262837803249,0.16482540810003854,4.126726358225862e-19,44.443244257679524,0.561,0.08573504273504275,0.0,0.0,0.38461538461538464,9.990262837803249,0.16482540810003854,4.126726358225862e-19,44.443244257679524,0.15677943872525354,0.011011724342113137,0.40515303787786394,0.16497781849690807,16.835425502604952,0.8213613664458949,1.3734014214900237e-46,46.351689784075155,0.496,0.14417094017094015,0.008547008547008548,0.0,0.41025641025641024,16.835425502604952,0.8213613664458949,1.3734014214900237e-46,46.351689784075155,0.08304674904813689,0.013522600788798163,0.22345261077886178,0.0892191211215947,25.561944656056063,11.327718242899607,5.875508513107814e-16,74.08797158552863,0.338,0.2191623931623932,0.09401709401709402,0.0,0.6324786324786325,25.561944656056063,11.327718242899607,5.875508513107814e-16,74.08797158552863,0.06085896779019118,0.007398687486848865,0.15983606370633638,0.06489266643253112,3.7089973587175913,1.1705175095757047e-05,1.4679772679076629e-65,27.142275052569936,0.791,0.03215384615384615,0.0,0.0,0.23076923076923078,3.7089973587175913,1.1705175095757047e-05,1.4679772679076629e-65,27.142275052569936,0.0910358178140152,0.013961862876157841,0.20438845013168142,0.09449631413325485,9.552786594785601,0.011256326732623709,5.184414522209986e-31,61.59270179307241,0.621,0.08114529914529915,0.0,0.0,0.5299145299145299,9.552786594785601,0.011256326732623709,5.184414522209986e-31,61.59270179307241,0.12003295809335998,0.0747279044292479,0.21100161832008557,0.12753579372982599,20.633199715247482,1.2234427238168781,3.790216494778358e-09,71.89339191171848,0.46,0.17554700854700855,0.008547008547008548,0.0,0.6153846153846154,20.633199715247482,1.2234427238168781,3.790216494778358e-09,71.89339191171848
2000-02-16 00:00:00+00:00,inference-2026-08-20T16-49-50Z-2025-06-06,timeseries.json,111.0,2583829.962722908,2952.685835745842,2528.3054430787065,3408.7130345198425,0.6293992088431533,0.5417106260112091,0.7253639031058674,0.9488192725953514,0.8131847164114016,1.0963361089722414,0.17448750042931224,0.029326976000129484,0.40686183724439196,0.18197229631564835,4.144722616331896,0.11439433633437981,1.4930679218890927e-48,15.978894538163662,0.585,0.037693693693693686,0.0,0.0,0.14414414414414414,4.144722616331896,0.11439433633437981,1.4930679218890927e-48,15.978894538163662,0.12887280705878146,0.035607478681888176,0.38035062764382205,0.13609885439853342,9.48408778737676,0.23383569339635027,4.188850245738054e-17,59.112189994250244,0.543,0.08545945945945946,0.0,0.0,0.5405405405405406,9.48408778737676,0.23383569339635027,4.188850245738054e-17,59.112189994250244,0.13370503363630082,0.023977055709291643,0.37040920208095657,0.1408071353717034,11.820848021517497,0.12033893311045343,2.6556446559273953e-25,83.83287886184064,0.552,0.10688288288288288,0.0,0.0,0.7657657657657657,11.820848021517497,0.12033893311045343,2.6556446559273953e-25,83.83287886184064,0.15677943872525354,0.011011724342113137,0.40515303787786394,0.16497781849690807,8.430677652827157,0.49444029261769595,8.440373157290635e-43,52.87018227143354,0.513,0.07627027027027027,0.0,0.0,0.47792792792792754,8.430677652827157,0.49444029261769595,8.440373157290635e-43,52.87018227143354,0.08304674904813689,0.013522600788798163,0.22345261077886178,0.0892191211215947,21.440808154958745,0.7264518132203757,2.0833937556637063e-49,94.66987732868068,0.492,0.1937927927927928,0.009009009009009009,0.0,0.8738738738738738,21.440808154958745,0.7264518132203757,2.0833937556637063e-49,94.66987732868068,0.06085896779019118,0.007398687486848865,0.15983606370633638,0.06489266643253112,9.089434288349896,8.92024714100636e-05,2.025246182107949e-115,58.54888497194092,0.722,0.0804774774774775,0.0,0.0,0.5225225225225225,9.089434288349896,8.92024714100636e-05,2.025246182107949e-115,58.54888497194092,0.0910358178140152,0.013961862876157841,0.20438845013168142,0.09449631413325485,17.30506039170483,0.1364985889541195,1.5609768813502125e-34,91.8589377814984,0.558,0.1557207207207207,0.0,0.0,0.8468468468468469,17.30506039170483,0.1364985889541195,1.5609768813502125e-34,91.8589377814984,0.12003295809335998,0.0747279044292479,0.21100161832008557,0.12753579372982599,29.28436108693321,3.8988234822771797,4.267161554555098e-09,101.75991211828654,0.4,0.2637027027027027,0.036036036036036036,0.0,0.918918918918919,29.28436108693321,3.8988234822771797,4.267161554555098e-09,101.75991211828654
2000-02-17 00:00:00+00:00,inference-2026-08-20T16-49-50Z-2025-06-06,timeseries.json,2292.0,2583829.962722908,2952.685835745842,2528.3054430787065,3408.7130345198425,0.6293992088431533,0.5417106260112091,0.7253639031058674,0.9488192725953514,0.8131847164114016,1.0963361089722414,0.17448750042931224,0.029326976000129484,0.40686183724439196,0.18197229631564835,172.67325909052218,35.00412353416539,4.261880509964544e-59,942.0677913211495,0.343,0.07534554973821989,0.015052356020942409,0.0,0.4176701570680627,172.67325909052218,35.00412353416539,4.261880509964544e-59,942.0677913211495,0.12887280705878146,0.035607478681888176,0.38035062764382205,0.13609885439853342,173.88841060388748,7.993359460810602,3.170484816935351e-11,676.2595389029254,0.386,0.07588438045375219,0.0030541012216404886,0.0,0.307024432809761,173.88841060388748,7.993359460810602,3.170484816935351e-11,676.2595389029254,0.13370503363630082,0.023977055709291643,0.37040920208095657,0.1408071353717034,214.13618445346833,7.194709727453615,2.0759696338289034e-15,1391.4034680343766,0.395,0.093271815008726,0.0030541012216404886,0.0,0.6038394415357723,214.13618445346833,7.194709727453615,2.0759696338289034e-15,1391.4034680343766,0.15677943872525354,0.011011724342113137,0.40515303787786394,0.16497781849690807,244.27401371460056,227.98944732884996,6.344140134754778e-32,696.0662744057433,0.282,0.10670811518324606,0.09947643979057591,0.0,0.3050392670157067,244.27401371460056,227.98944732884996,6.344140134754778e-32,696.0662744057433,0.08304674904813689,0.013522600788798163,0.22345261077886178,0.0892191211215947,447.9182401891224,190.22793839035108,4.482333987853894e-08,1439.1452645866184,0.27,0.19533638743455498,0.08158813263525305,0.0,0.6364746945898776,447.9182401891224,190.22793839035108,4.482333987853894e-08,1439.1452645866184,0.06085896779019118,0.007398687486848865,0.15983606370633638,0.06489266643253112,285.30674965406973,0.656963118973825,1.5555770221067284e-82,1248.7132369341214,0.499,0.12465837696335078,0.0004363001745200698,0.0,0.5528359511343797,285.30674965406973,0.656963118973825,1.5555770221067284e-82,1248.7132369341214,0.0910358178140152,0.013961862876157841,0.20438845013168142,0.09449631413325485,203.0021425575577,1.085407859003323,2.9930322073447014e-29,1341.52005916746,0.48,0.088489092495637,0.0004363001745200698,0.0,0.5847731239092494,203.0021425575577,1.085407859003323,2.9930322073447014e-29,1341.52005916746,0.12003295809335998,0.0747279044292479,0.21100161832008557,0.12753579372982599,550.8009997367716,402.40169236989726,6.911187683517667e-07,1983.5034726053639,0.203,0.24030628272251311,0.17539267015706805,0.0,0.8660558464223386,550.8009997367716,402.40169236989726,6.911187683517667e-07,1983.5034726053639
2000-02-18 00:00:00+00:00,inference-2026-08-20T16-49-50Z-2025-06-06,timeseries.json,603.0,2583829.962722908,2952.685835745842,2528.3054430787065,3408.7130345198425,0.6293992088431533,0.5417106260112091,0.7253639031058674,0.9488192725953514,0.8131847164114016,1.0963361089722414,0.17448750042931224,0.029326976000129484,0.40686183724439196,0.18197229631564835,204.96108380240875,10.315197159335831,2.5013466584362165e-34,559.7308383727959,0.433,0.3400016583747927,0.015754560530679935,0.0,0.9303482587064676,204.96108380240875,10.315197159335831,2.5013466584362165e-34,559.7308383727959,0.12887280705878146,0.035607478681888176,0.38035062764382205,0.13609885439853342,92.31811321586524,0.7513950206465771,7.746691864697234e-15,554.615042273275,0.488,0.15323548922056388,0.001658374792703151,0.0,0.9203980099502488,92.31811321586524,0.7513950206465771,7.746691864697234e-15,554.615042273275,0.13370503363630082,0.023977055709291643,0.37040920208095657,0.1408071353717034,90.36089693761652,0.09367369707358458,2.1316700593543442e-27,554.5691081916232,0.541,0.14981923714759535,0.0,0.0,0.9220563847429519,90.36089693761652,0.09367369707358458,2.1316700593543442e-27,554.5691081916232,0.15677943872525354,0.011011724342113137,0.40515303787786394,0.16497781849690807,158.59854568001498,0.2507372466277048,2.149223650723507e-127,559.7239755102195,0.528,0.26333665008291873,0.0,0.0,0.9303482587064676,158.59854568001498,0.2507372466277048,2.149223650723507e-127,559.7239755102195,0.08304674904813689,0.013522600788798163,0.22345261077886178,0.0892191211215947,29.977493438559364,0.046362514579014,6.369572216710226e-35,53.37008764279429,0.569,0.0494742951907131,0.0,0.0,0.0912106135986733,29.977493438559364,0.046362514579014,6.369572216710226e-35,53.37008764279429,0.06085896779019118,0.007398687486848865,0.15983606370633638,0.06489266643253112,3.6590216935842435,1.3703345734059652e-07,6.401841672063044e-89,36.66974945227955,0.797,0.006056384742951907,0.0,0.0,0.059784411276948515,3.6590216935842435,1.3703345734059652e-07,6.401841672063044e-89,36.66974945227955,0.0910358178140152,0.013961862876157841,0.20438845013168142,0.09449631413325485,11.176146197417951,0.04910060376314768,4.095258137188213e-40,46.83778726406337,0.574,0.018371475953565506,0.0,0.0,0.0779436152570481,11.176146197417951,0.04910060376314768,4.095258137188213e-40,46.83778726406337,0.12003295809335998,0.0747279044292479,0.21100161832008557,0.12753579372982599,11.948699034533366,0.9038050619329703,1.9922748627986613e-09,45.40267726659401,0.484,0.01970480928689884,0.001658374792703151,0.0,0.0779436152570481,11.948699034533366,0.9038050619329703,1.9922748627986613e-09,45.40267726659401
2000-02-19 00:00:00+00:00,inference-2026-08-20T16-49-50Z-2025-06-06,timeseries.json,5331.0,2583829.962722908,2952.685835745842,2528.3054430787065,3408.7130345198425,0.6293992088431533,0.5417106260112091,0.7253639031058674,0.9488192725953514,0.8131847164114016,1.0963361089722414,0.17448750042931224,0.029326976000129484,0.40686183724439196,0.18197229631564835,1081.0816652799006,116.90756390230806,5.922836513999496e-37,4000.6288570116403,0.307,0.20280378915775651,0.022322265991371222,0.0,0.7505252297880323,1081.0816652799006,116.90756390230806,5.922836513999496e-37,4000.6288570116403,0.12887280705878146,0.035607478681888176,0.38035062764382205,0.13609885439853342,1303.6306484857641,484.66233474960484,1.1863360612825567e-12,3935.487301658733,0.233,0.24466160195085349,0.09135246670418308,0.0,0.7385293565935096,1303.6306484857641,484.66233474960484,1.1863360612825567e-12,3935.487301658733,0.13370503363630082,0.023977055709291643,0.37040920208095657,0.1408071353717034,1091.5106427789756,95.87551583620066,2.7367427303205657e-18,3977.8150248666343,0.361,0.20465822547364473,0.018007878446820485,0.0,0.7452729319077096,1091.5106427789756,95.87551583620066,2.7367427303205657e-18,3977.8150248666343,0.15677943872525354,0.011011724342113137,0.40515303787786394,0.16497781849690807,845.5393175776196,59.99936605141996,6.586884184128407e-32,3993.3951732640658,0.36,0.1585053460889139,0.011630088163571563,0.0,0.7492121553179516,845.5393175776196,59.99936605141996,6.586884184128407e-32,3993.3951732640658,0.08304674904813689,0.013522600788798163,0.22345261077886178,0.0892191211215947,268.8769574271871,0.2963888359503275,8.979696877580562e-32,1316.8942380799588,0.516,0.05050928531232414,0.0,0.0,0.24674545113487145,268.8769574271871,0.2963888359503275,8.979696877580562e-32,1316.8942380799588,0.06085896779019118,0.007398687486848865,0.15983606370633638,0.06489266643253112,110.04962681360652,8.756749349729187e-05,1.8151292784332264e-83,679.2348754516224,0.635,0.020648846370287004,0.0,0.0,0.1262708685049709,110.04962681360652,8.756749349729187e-05,1.8151292784332264e-83,679.2348754516224,0.0910358178140152,0.013961862876157841,0.20438845013168142,0.09449631413325485,222.87621618618738,1.962177596700382,1.0054172697083912e-26,1058.399366863001,0.475,0.041860251359969985,0.00037516413430876007,0.0,0.19829300318889514,222.87621618618738,1.962177596700382,1.0054172697083912e-26,1058.399366863001,0.12003295809335998,0.0747279044292479,0.21100161832008557,0.12753579372982599,407.43492545075867,260.92891084214807,5.871711112594975e-09,1221.723990223727,0.27,0.07635265428625022,0.047927218157944096,0.0,0.22905646220221346,407.43492545075867,260.92891084214807,5.871711112594975e-09,1221.723990223727
2000-02-20 00:00:00+00:00,inference-2026-08-20T16-49-50Z-2025-06-06,timeseries.json,139.0,2583829.962722908,2952.685835745842,2528.3054430787065,3408.7130345198425,0.6293992088431533,0.5417106260112091,0.7253639031058674,0.9488192725953514,0.8131847164114016,1.0963361089722414,0.17448750042931224,0.029326976000129484,0.40686183724439196,0.18197229631564835,33.04837000249601,6.6068410205338015,3.5649603208366616e-31,94.7867828826312,0.418,0.23748201438848923,0.04316546762589928,0.0,0.6906474820143885,33.04837000249601,6.6068410205338015,3.5649603208366616e-31,94.7867828826312,0.12887280705878146,0.035607478681888176,0.38035062764382205,0.13609885439853342,21.90981151591383,0.8681202588234174,1.5603535696358387e-21,93.70644662019342,0.487,0.15845323741007195,0.007194244604316547,0.0,0.6762589928057554,21.90981151591383,0.8681202588234174,1.5603535696358387e-21,93.70644662019342,0.13370503363630082,0.023977055709291643,0.37040920208095657,0.1408071353717034,18.098973051911578,0.076665765877583,1.8700587725506614e-25,93.19106776009936,0.566,0.13021582733812948,0.0,0.0,0.6690647482014388,18.098973051911578,0.076665765877583,1.8700587725506614e-25,93.19106776009936,0.15677943872525354,0.011011724342113137,0.40515303787786394,0.16497781849690807,27.5692876584303,0.8580224225016807,2.706439919109186e-37,95.25692447665601,0.484,0.19788489208633095,0.007194244604316547,0.0,0.6906474820143885,27.5692876584303,0.8580224225016807,2.706439919109186e-37,95.25692447665601,0.08304674904813689,0.013522600788798163,0.22345261077886178,0.0892191211215947,15.73908098845191,1.0628209635720305,1.8901028082153518e-39,47.41374017040843,0.487,0.11289928057553957,0.007194244604316547,0.0,0.3456834532374098,15.73908098845191,1.0628209635720305,1.8901028082153518e-39,47.41374017040843,0.06085896779019118,0.007398687486848865,0.15983606370633638,0.06489266643253112,2.9264907166167458,2.6365992534084474e-06,7.3226997144957886e-121,24.167538986884225,0.793,0.02110791366906475,0.0,0.0,0.17266187050359713,2.9264907166167458,2.6365992534084474e-06,7.3226997144957886e-121,24.167538986884225,0.0910358178140152,0.013961862876157841,0.20438845013168142,0.09449631413325485,7.07809262835374,0.004353392901379258,8.222723442464492e-38,40.971233527097155,0.653,0.05092086330935252,0.0,0.0,0.28776978417266186,7.07809262835374,0.004353392901379258,8.222723442464492e-38,40.971233527097155,0.12003295809335998,0.0747279044292479,0.21100161832008557,0.12753579372982599,12.629893437825906,1.0035239550751285,9.333390050313226e-09,44.071438738227464,0.466,0.0910359712230216,0.007194244604316547,0.0,0.3237410071942446,12.629893437825906,1.0035239550751285,9.333390050313226e-09,44.071438738227464
2000-02-21 00:00:00+00:00,inference-2026-08-20T16-49-50Z-2025-06-06,timeseries.json,97.0,2583829.962722908,2952.685835745842,2528.3054430787065,3408.7130345198425,0.6293992088431533,0.5417106260112091,0.7253639031058674,0.9488192725953514,0.8131847164114016,1.0963361089722414,0.17448750042931224,0.029326976000129484,0.40686183724439196,0.18197229631564835,4.257826218678971,0.808265751841481,1.840625559975049e-101,11.513041383670256,0.481,0.04497938144329896,0.010309278350515464,0.0,0.12371134020618557,4.257826218678971,0.808265751841481,1.840625559975049e-101,11.513041383670256,0.12887280705878146,0.035607478681888176,0.38035062764382205,0.13609885439853342,5.96102059815682,0.12895279714163205,5.132277716003812e-11,25.71574775452615,0.587,0.06090721649484537,0.0,0.0,0.29896907216494845,5.96102059815682,0.12895279714163205,5.132277716003812e-11,25.71574775452615,0.13370503363630082,0.023977055709291643,0.37040920208095657,0.1408071353717034,14.39820681578279,0.2989356721486728,5.7786629982992915e-21,85.89920864540483,0.529,0.14776288659793813,0.0,0.0,0.8865979381443299,14.39820681578279,0.2989356721486728,5.7786629982992915e-21,85.89920864540483,0.15677943872525354,0.011011724342113137,0.40515303787786394,0.16497781849690807,4.428980308233941,0.08668452005149066,2.1369641067562371e-29,11.737786370344274,0.563,0.0466701030927835,0.0,0.0,0.13453608247422633,4.428980308233941,0.08668452005149066,2.1369641067562371e-29,11.737786370344274,0.08304674904813689,0.013522600788798163,0.22345261077886178,0.0892191211215947,13.443791277053332,0.003319636831984634,1.251101966290997e-33,84.55772770343168,0.64,0.13852577319587628,0.0,0.0,0.865979381443299,13.443791277053332,0.003319636831984634,1.251101966290997e-33,84.55772770343168,0.06085896779019118,0.007398687486848865,0.15983606370633638,0.06489266643253112,7.533401748858966,3.849271251253222e-05,1.5269738440504833e-77,74.29589438271702,0.771,0.0775360824742268,0.0,0.0,0.7835051546391752,7.533401748858966,3.849271251253222e-05,1.5269738440504833e-77,74.29589438271702,0.0910358178140152,0.013961862876157841,0.20438845013168142,0.09449631413325485,27.4700353346879,1.0966627227965593,5.437260759131421e-28,85.97979275180668,0.491,0.28253608247422674,0.010309278350515464,0.0,0.8865979381443299,27.4700353346879,1.0966627227965593,5.437260759131421e-28,85.97979275180668,0.12003295809335998,0.0747279044292479,0.21100161832008557,0.12753579372982599,19.506737698547223,0.7186643049938751,4.95320960008063e-10,85.58798770423573,0.491,0.20108247422680411,0.010309278350515464,0.0,0.8762886597938144,19.506737698547223,0.7186643049938751,4.95320960008063e-10,85.58798770423573
2000-02-22 00:00:00+00:00,inference-2026-08-20T16-49-50Z-2025-06-06,timeseries.json,92.0,2583829.962722908,2952.685835745842,2528.3054430787065,3408.7130345198425,0.6293992088431533,0.5417106260112091,0.7253639031058674,0.9488192725953514,0.8131847164114016,1.0963361089722414,0.17448750042931224,0.029326976000129484,0.40686183724439196,0.18197229631564835,4.223090805997408,0.5492271297585946,3.9847600402605325e-51,20.631016604701863,0.509,0.04603260869565217,0.0,0.0,0.22934782608695553,4.223090805997408,0.5492271297585946,3.9847600402605325e-51,20.631016604701863,0.12887280705878146,0.035607478681888176,0.38035062764382205,0.13609885439853342,9.749455265617202,0.8522687246682512,1.89122050604822e-18,57.984328735740014,0.464,0.1050108695652174,0.010869565217391304,0.0,0.6527173913043474,9.749455265617202,0.8522687246682512,1.89122050604822e-18,57.984328735740014,0.13370503363630082,0.023977055709291643,0.37040920208095657,0.1408071353717034,13.057167752108525,0.20068326415070867,1.4339581283989612e-23,83.34444129100828,0.546,0.1419891304347826,0.0,0.0,0.9021739130434783,13.057167752108525,0.20068326415070867,1.4339581283989612e-23,83.34444129100828,0.15677943872525354,0.011011724342113137,0.40515303787786394,0.16497781849690807,7.435652546230411,0.7189960724335451,6.460795119563176e-32,44.75504376473643,0.497,0.0813695652173913,0.010869565217391304,0.0,0.533152173913043,7.435652546230411,0.7189960724335451,6.460795119563176e-32,44.75504376473643,0.08304674904813689,0.013522600788798163,0.22345261077886178,0.0892191211215947,10.069479523868411,0.018850685355984068,8.405030016931697e-40,60.552934467961784,0.604,0.11096739130434782,0.0,0.0,0.67445652173913,10.069479523868411,0.018850685355984068,8.405030016931697e-40,60.552934467961784,0.06085896779019118,0.007398687486848865,0.15983606370633638,0.06489266643253112,8.524647948845367,6.492640495496242e-05,5.989529972823372e-66,61.44253523770068,0.697,0.09297826086956522,0.0,0.0,0.6967391304347816,8.524647948845367,6.492640495496242e-05,5.989529972823372e-66,61.44253523770068,0.0910358178140152,0.013961862876157841,0.20438845013168142,0.09449631413325485,15.861258972958543,0.10035496467957666,8.551796402598878e-29,80.49987786776978,0.559,0.17101086956521738,0.0,0.0,0.8913043478260869,15.861258972958543,0.10035496467957666,8.551796402598878e-29,80.49987786776978,0.12003295809335998,0.0747279044292479,0.21100161832008557,0.12753579372982599,23.079247184374186,3.884231661460725,4.959806957558282e-08,82.59120198701663,0.418,0.25064130434782605,0.043478260869565216,0.0,0.9021739130434783,23.079247184374186,3.884231661460725,4.959806957558282e-08,82.59120198701663
2000-02-23 00:00:00+00:00,inference-2026-08-20T16-49-50Z-2025-06-06,timeseries.json,118.0,2583829.962722908,2952.685835745842,2528.3054430787065,3408.7130345198425,0.6293992088431533,0.5417106260112091,0.7253639031058674,0.9488192725953514,0.8131847164114016,1.0963361089722414,0.17448750042931224,0.029326976000129484,0.40686183724439196,0.18197229631564835,4.27587329365004,0.08648152319870381,7.071970353932708e-35,23.385744935507045,0.621,0.03664406779661017,0.0,0.0,0.1877118644067785,4.27587329365004,0.08648152319870381,7.071970353932708e-35,23.385744935507045,0.12887280705878146,0.035607478681888176,0.38035062764382205,0.13609885439853342,12.351315849423035,0.1274189457106522,2.9022491079464236e-14,96.43840781524086,0.598,0.10523728813559322,0.0,0.0,0.8233050847457616,12.351315849423035,0.1274189457106522,2.9022491079464236e-14,96.43840781524086,0.13370503363630082,0.023977055709291643,0.37040920208095657,0.1408071353717034,15.333319676086594,0.049316166981196195,6.671779578890803e-22,109.71479529653962,0.622,0.12956779661016948,0.0,0.0,0.940677966101695,15.333319676086594,0.049316166981196195,6.671779578890803e-22,109.71479529653962,0.15677943872525354,0.011011724342113137,0.40515303787786394,0.16497781849690807,5.616437534496842,0.028609617478432353,1.2262742788079367e-51,32.63150762101852,0.655,0.048008474576271186,0.0,0.0,0.3050847457627119,5.616437534496842,0.028609617478432353,1.2262742788079367e-51,32.63150762101852,0.08304674904813689,0.013522600788798163,0.22345261077886178,0.0892191211215947,15.393895341607868,0.034801514282188084,3.604703482347205e-39,98.80885324565267,0.614,0.1306779661016949,0.0,0.0,0.8309322033898301,15.393895341607868,0.034801514282188084,3.604703482347205e-39,98.80885324565267,0.06085896779019118,0.007398687486848865,0.15983606370633638,0.06489266643253112,9.396519155209676,9.599007521207144e-05,9.54718306321207e-105,89.65811052189166,0.733,0.0795,0.0,0.0,0.7292372881355927,9.396519155209676,9.599007521207144e-05,9.54718306321207e-105,89.65811052189166,0.0910358178140152,0.013961862876157841,0.20438845013168142,0.09449631413325485,21.00370266302765,0.13248921021201565,1.802394632372269e-31,109.08402264495292,0.562,0.17727966101694914,0.0,0.0,0.9322033898305084,21.00370266302765,0.13248921021201565,1.802394632372269e-31,109.08402264495292,0.12003295809335998,0.0747279044292479,0.21100161832008557,0.12753579372982599,34.62893648649827,4.106427822082406,7.516393259780816e-11,113.99947097056553,0.427,0.2930847457627119,0.03389830508474576,0.0,0.9661016949152542,34.62893648649827,4.106427822082406,7.516393259780816e-11,113.99947097056553
2000-02-24 00:00:00+00:00,inference-2026-08-20T16-49-50Z-2025-06-06,timeseries.json,2516.0,2583829.962722908,2952.685835745842,2528.3054430787065,3408.7130345198425,0.6293992088431533,0.5417106260112091,0.7253639031058674,0.9488192725953514,0.8131847164114016,1.0963361089722414,0.17448750042931224,0.029326976000129484,0.40686183724439196,0.18197229631564835,154.18958199871733,28.642732027343584,2.6823065501073255e-30,1138.7728855848898,0.324,0.06123608903020667,0.011526232114467409,0.0,0.46015500794912534,154.18958199871733,28.642732027343584,2.6823065501073255e-30,1138.7728855848898,0.12887280705878146,0.035607478681888176,0.38035062764382205,0.13609885439853342,159.59922262650275,2.973303410178419,4.592815954551563e-13,608.8783641755224,0.409,0.06342647058823529,0.0011923688394276629,0.0,0.252106518282988,159.59922262650275,2.973303410178419,4.592815954551563e-13,608.8783641755224,0.13370503363630082,0.023977055709291643,0.37040920208095657,0.1408071353717034,188.28464500310378,3.5135932082806747,4.055561058246396e-16,1257.7323002456621,0.441,0.07479213036565978,0.001589825119236884,0.0,0.5046899841017355,188.28464500310378,3.5135932082806747,4.055561058246396e-16,1257.7323002456621,0.15677943872525354,0.011011724342113137,0.40515303787786394,0.16497781849690807,230.5987597508349,123.20812748593589,2.5244283988560966e-30,787.4413271004439,0.251,0.09168163751987282,0.04908585055643879,0.0,0.3148251192368839,230.5987597508349,123.20812748593589,2.5244283988560966e-30,787.4413271004439,0.08304674904813689,0.013522600788798163,0.22345261077886178,0.0892191211215947,478.7165816757152,127.3171727841193,4.886482498841463e-15,1607.3764171443904,0.272,0.18999801271860095,0.0492845786963434,0.0,0.6545906200317951,478.7165816757152,127.3171727841193,4.886482498841463e-15,1607.3764171443904,0.06085896779019118,0.007398687486848865,0.15983606370633638,0.06489266643253112,302.87829518763755,1.2282598497417547,1.122442093573179e-88,1391.524320897709,0.487,0.12044276629570748,0.000397456279809221,0.0,0.5633147853736084,302.87829518763755,1.2282598497417547,1.122442093573179e-88,1391.524320897709,0.0910358178140152,0.013961862876157841,0.20438845013168142,0.09449631413325485,278.5645003420579,7.346320516064143,1.2497434071971508e-32,1445.4548631223317,0.416,0.11075238473767886,0.0023847376788553257,0.0,0.5716017488076311,278.5645003420579,7.346320516064143,1.2497434071971508e-32,1445.4548631223317,0.12003295809335998,0.0747279044292479,0.21100161832008557,0.12753579372982599,723.1684134154302,555.2021843076591,4.9081103100242455e-06,2261.966918906955,0.209,0.28767050874403816,0.21661367249602545,0.0,0.9014308426073132,723.1684134154302,555.2021843076591,4.9081103100242455e-06,2261.966918906955
2000-02-25 00:00:00+00:00,inference-2026-08-20T16-49-50Z-2025-06-06,timeseries.json,849.0,2583829.962722908,2952.685835745842,2528.3054430787065,3408.7130345198425,0.6293992088431533,0.5417106260112091,0.7253639031058674,0.9488192725953514,0.8131847164114016,1.0963361089722414,0.17448750042931224,0.029326976000129484,0.40686183724439196,0.18197229631564835,168.098585977763,20.070891393591985,6.561746833660639e-58,601.1210997331284,0.368,0.1978421672555948,0.023557126030624265,0.0,0.7067726737338045,168.098585977763,20.070891393591985,6.561746833660639e-58,601.1210997331284,0.12887280705878146,0.035607478681888176,0.38035062764382205,0.13609885439853342,176.96172280435903,19.377184632869564,3.3096135238173663e-13,595.3286216914892,0.365,0.208982332155477,0.025323910482921083,0.0,0.702002355712603,176.96172280435903,19.377184632869564,3.3096135238173663e-13,595.3286216914892,0.13370503363630082,0.023977055709291643,0.37040920208095657,0.1408071353717034,124.30642587885863,12.527300668181798,3.9645023328793866e-20,596.6198468593728,0.419,0.1464946996466431,0.014723203769140165,0.0,0.702002355712603,124.30642587885863,12.527300668181798,3.9645023328793866e-20,596.6198468593728,0.15677943872525354,0.011011724342113137,0.40515303787786394,0.16497781849690807,176.74626169371822,3.3520953041168005,4.368012573799481e-31,602.6419401081885,0.445,0.20809422850412249,0.0035335689045936395,0.0,0.7114252061248527,176.74626169371822,3.3520953041168005,4.368012573799481e-31,602.6419401081885,0.08304674904813689,0.013522600788798163,0.22345261077886178,0.0892191211215947,47.32989403436971,0.0519703917018185,1.3379434134655545e-31,207.42810733619447,0.571,0.05572555948174322,0.0,0.0,0.23227326266195503,47.32989403436971,0.0519703917018185,1.3379434134655545e-31,207.42810733619447,0.06085896779019118,0.007398687486848865,0.15983606370633638,0.06489266643253112,34.19203570167424,0.05397956093626678,3.613569429000874e-73,159.32844206378232,0.564,0.040303886925795056,0.0,0.0,0.19081272084805653,34.19203570167424,0.05397956093626678,3.613569429000874e-73,159.32844206378232,0.0910358178140152,0.013961862876157841,0.20438845013168142,0.09449631413325485,49.20543410930295,0.5738906057283264,1.0333943634155462e-25,217.68540247502233,0.501,0.05780800942285041,0.0,0.0,0.2509422850412249,49.20543410930295,0.5738906057283264,1.0333943634155462e-25,217.68540247502233,0.12003295809335998,0.0747279044292479,0.21100161832008557,0.12753579372982599,72.15963979995442,36.845246703820635,5.533671655356687e-07,230.2301308233426,0.295,0.08474911660777386,0.0447585394581861,0.0,0.2697879858657243,72.15963979995442,36.845246703820635,5.533671655356687e-07,230.2301308233426
2000-02-26 00:00:00+00:00,inference-2026-08-20T16-49-50Z-2025-06-06,timeseries.json,7608.0,2583829.962722908,2952.685835745842,2528.3054430787065,3408.7130345198425,0.6293992088431533,0.5417106260112091,0.7253639031058674,0.9488192725953514,0.8131847164114016,1.0963361089722414,0.17448750042931224,0.029326976000129484,0.40686183724439196,0.18197229631564835,2695.6085061076305,43.29124160666652,9.219295218065167e-47,7585.671741627892,0.376,0.3542431650893796,0.006046267087276551,0.0,0.9969834384858044,2695.6085061076305,43.29124160666652,9.219295218065167e-47,7585.671741627892,0.12887280705878146,0.035607478681888176,0.38035062764382205,0.13609885439853342,1171.8777641439874,10.442838019751953,5.084037854200479e-15,7569.562873194281,0.349,0.1541278916929548,0.0014458464773922186,0.0,0.9946306519453207,1171.8777641439874,10.442838019751953,5.084037854200479e-15,7569.562873194281,0.13370503363630082,0.023977055709291643,0.37040920208095657,0.1408071353717034,1309.9881270464678,2.1496941958541296,2.89248310191703e-25,7590.718719027451,0.455,0.17219584647739222,0.0002628811777076761,0.0,0.9978969505783386,1309.9881270464678,2.1496941958541296,2.89248310191703e-25,7590.718719027451,0.15677943872525354,0.011011724342113137,0.40515303787786394,0.16497781849690807,2069.760760110612,0.6922476353300546,5.156214011245898e-40,7589.203918815576,0.492,0.2720277339642482,0.00013144058885383806,0.0,0.9976340694006309,2069.760760110612,0.6922476353300546,5.156214011245898e-40,7589.203918815576,0.08304674904813689,0.013522600788798163,0.22345261077886178,0.0892191211215947,353.85798835626724,0.0029511882058924823,4.4183868298432856e-30,335.079621255342,0.73,0.04649290220820189,0.0,0.0,0.04381572029439531,353.85798835626724,0.0029511882058924823,4.4183868298432856e-30,335.079621255342,0.06085896779019118,0.007398687486848865,0.15983606370633638,0.06489266643253112,1.415179702194615,1.0159427181246863e-05,1.1897653598749432e-56,10.970487655742813,0.815,0.0001867770767613039,0.0,0.0,0.0014458464773922186,1.415179702194615,1.0159427181246863e-05,1.1897653598749432e-56,10.970487655742813,0.0910358178140152,0.013961862876157841,0.20438845013168142,0.09449631413325485,2.220085806673649,0.002185147736641301,1.400167295495478e-50,13.802847863310678,0.705,0.0002967928496319664,0.0,0.0,0.001840168243953733,2.220085806673649,0.002185147736641301,1.400167295495478e-50,13.802847863310678,0.12003295809335998,0.0747279044292479,0.21100161832008557,0.12753579372982599,3.2715887261675216,0.1775024844113215,4.981820924228253e-10,16.72166413498822,0.589,0.00042889064143007363,0.0,0.0,0.002234490010515247,3.2715887261675216,0.1775024844113215,4.981820924228253e-10,16.72166413498822
2000-02-27 00:00:00+00:00,inference-2026-08-20T16-49-50Z-2025-06-06,timeseries.json,197.0,2583829.962722908,2952.685835745842,2528.3054430787065,3408.7130345198425,0.6293992088431533,0.5417106260112091,0.7253639031058674,0.9488192725953514,0.8131847164114016,1.0963361089722414,0.17448750042931224,0.029326976000129484,0.40686183724439196,0.18197229631564835,45.8638838228249,2.134451247849883,1.6561012386433145e-63,150.3618098773367,0.451,0.2324822335025381,0.012690355329949238,0.0,0.7667512690355327,45.8638838228249,2.134451247849883,1.6561012386433145e-63,150.3618098773367,0.12887280705878146,0.035607478681888176,0.38035062764382205,0.13609885439853342,37.79076554880048,3.006173510527914,3.652137351680171e-14,148.85606165537516,0.43,0.1926446700507614,0.015228426395939087,0.0,0.7563451776649747,37.79076554880048,3.006173510527914,3.652137351680171e-14,148.85606165537516,0.13370503363630082,0.023977055709291643,0.37040920208095657,0.1408071353717034,33.758548245475666,1.2740275878607878,2.0303011943596764e-20,149.32026022070843,0.471,0.1712690355329949,0.005076142131979695,0.0,0.7563451776649747,33.758548245475666,1.2740275878607878,2.0303011943596764e-20,149.32026022070843,0.15677943872525354,0.011011724342113137,0.40515303787786394,0.16497781849690807,40.56424730599012,1.2377786658477306,4.922031282397161e-46,150.68394399446746,0.477,0.20555329949238577,0.005076142131979695,0.0,0.766497461928934,40.56424730599012,1.2377786658477306,4.922031282397161e-46,150.68394399446746,0.08304674904813689,0.013522600788798163,0.22345261077886178,0.0892191211215947,14.468037402425153,0.3041458554211446,4.1934233492050516e-26,48.12874917803516,0.525,0.07308629441624365,0.0,0.0,0.24873096446700507,14.468037402425153,0.3041458554211446,4.1934233492050516e-26,48.12874917803516,0.06085896779019118,0.007398687486848865,0.15983606370633638,0.06489266643253112,2.9651846268080444,2.522537380627164e-05,5.644573002239958e-73,23.131048548683918,0.785,0.015116751269035533,0.0,0.0,0.12690355329949238,2.9651846268080444,2.522537380627164e-05,5.644573002239958e-73,23.131048548683918,0.0910358178140152,0.013961862876157841,0.20438845013168142,0.09449631413325485,8.512330514727251,0.02409532500276211,5.349731306881553e-43,45.13453949363302,0.612,0.04337563451776649,0.0,0.0,0.22842639593908629,8.512330514727251,0.02409532500276211,5.349731306881553e-43,45.13453949363302,0.12003295809335998,0.0747279044292479,0.21100161832008557,0.12753579372982599,13.077002532948221,0.8910485213122146,2.7695780546936263e-09,46.4109869920637,0.474,0.06647208121827411,0.005076142131979695,0.0,0.23857868020304568,13.077002532948221,0.8910485213122146,2.7695780546936263e-09,46.4109869920637
2000-02-28 00:00:00+00:00,inference-2026-08-20T16-49-50Z-2025-06-06,timeseries.json,142.0,2583829.962722908,2952.685835745842,2528.3054430787065,3408.7130345198425,0.6293992088431533,0.5417106260112091,0.7253639031058674,0.9488192725953514,0.8131847164114016,1.0963361089722414,0.17448750042931224,0.029326976000129484,0.40686183724439196,0.18197229631564835,5.1643698502374225,1.6226732786386866,8.177576362101905e-35,12.32591154548362,0.443,0.03664084507042253,0.007042253521126761,0.0,0.09859154929577464,5.1643698502374225,1.6226732786386866,8.177576362101905e-35,12.32591154548362,0.12887280705878146,0.035607478681888176,0.38035062764382205,0.13609885439853342,11.697646044615235,0.19983341154563455,5.378683334901594e-15,84.84415230308078,0.535,0.08274647887323944,0.0,0.0,0.6126760563380281,11.697646044615235,0.19983341154563455,5.378683334901594e-15,84.84415230308078,0.13370503363630082,0.023977055709291643,0.37040920208095657,0.1408071353717034,18.689939621272764,0.5095988572414503,9.408065978024646e-19,122.21529453187614,0.518,0.13137323943661972,0.0,0.0,0.8380281690140845,18.689939621272764,0.5095988572414503,9.408065978024646e-19,122.21529453187614,0.15677943872525354,0.011011724342113137,0.40515303787786394,0.16497781849690807,10.053666023102252,0.4743258901558426,3.3842700102826e-33,64.90727874895741,0.499,0.07048591549295774,0.007042253521126761,0.0,0.4510563380281687,10.053666023102252,0.4743258901558426,3.3842700102826e-33,64.90727874895741,0.08304674904813689,0.013522600788798163,0.22345261077886178,0.0892191211215947,11.876907054358979,0.0033617409723612763,1.9395355133435922e-36,90.97424453206125,0.658,0.08264788732394367,0.0,0.0,0.6267605633802817,11.876907054358979,0.0033617409723612763,1.9395355133435922e-36,90.97424453206125,0.06085896779019118,0.007398687486848865,0.15983606370633638,0.06489266643253112,15.865958430438651,0.002272162461829113,3.652417257057615e-148,102.64776481219897,0.647,0.11157042253521127,0.0,0.0,0.7183098591549296,15.865958430438651,0.002272162461829113,3.652417257057615e-148,102.64776481219897,0.0910358178140152,0.013961862876157841,0.20438845013168142,0.09449631413325485,30.688796989933497,0.07890720264087471,8.975263283674415e-43,129.4087867173499,0.553,0.21638732394366197,0.0,0.0,0.9084507042253521,30.688796989933497,0.07890720264087471,8.975263283674415e-43,129.4087867173499,0.12003295809335998,0.0747279044292479,0.21100161832008557,0.12753579372982599,37.96271598604122,8.023975759345712,7.022392549815917e-09,130.94811384200636,0.37,0.2681478873239437,0.056338028169014086,0.0,0.9225352112676056,37.96271598604122,8.023975759345712,7.022392549815917e-09,130.94811384200636
2000-02-29 00:00:00+00:00,inference-2026-08-20T16-49-50Z-2025-06-06,timeseries.json,108.0,2583829.962722908,2952.685835745842,2528.3054430787065,3408.7130345198425,0.6293992088431533,0.5417106260112091,0.7253639031058674,0.9488192725953514,0.8131847164114016,1.0963361089722414,0.17448750042931224,0.029326976000129484,0.40686183724439196,0.18197229631564835,5.996846367336238,0.23680431452376352,5.975209711951147e-28,41.56119402029946,0.556,0.05577777777777778,0.0,0.0,0.39814814814814814,5.996846367336238,0.23680431452376352,5.975209711951147e-28,41.56119402029946,0.12887280705878146,0.035607478681888176,0.38035062764382205,0.13609885439853342,10.495006511688723,0.2769865041345484,9.365351877732639e-16,69.38335998043719,0.55,0.09798148148148149,0.0,0.0,0.6666666666666666,10.495006511688723,0.2769865041345484,9.365351877732639e-16,69.38335998043719,0.13370503363630082,0.023977055709291643,0.37040920208095657,0.1408071353717034,13.166627429556764,0.14030922683722608,9.282488917327647e-23,76.45630113895689,0.577,0.1218611111111111,0.0,0.0,0.7222222222222222,13.166627429556764,0.14030922683722608,9.282488917327647e-23,76.45630113895689,0.15677943872525354,0.011011724342113137,0.40515303787786394,0.16497781849690807,10.72933827194038,0.6580468157968038,1.524362300723285e-35,66.27226899154931,0.502,0.09855555555555555,0.0,0.0,0.6296296296296297,10.72933827194038,0.6580468157968038,1.524362300723285e-35,66.27226899154931,0.08304674904813689,0.013522600788798163,0.22345261077886178,0.0892191211215947,12.252258046601067,0.009949690135385379,6.715650420218077e-39,71.79568860858103,0.64,0.11256481481481481,0.0,0.0,0.6490740740740732,12.252258046601067,0.009949690135385379,6.715650420218077e-39,71.79568860858103,0.06085896779019118,0.007398687486848865,0.15983606370633638,0.06489266643253112,8.44207951809079,3.873008979639121e-05,3.8225504946000556e-60,60.322470567001034,0.733,0.07838888888888888,0.0,0.0,0.5555555555555556,8.44207951809079,3.873008979639121e-05,3.8225504946000556e-60,60.322470567001034,0.0910358178140152,0.013961862876157841,0.20438845013168142,0.09449631413325485,17.834902187760285,0.11148794166007645,1.9679787172930713e-36,87.74997338299278,0.555,0.16627777777777777,0.0,0.0,0.8240740740740741,17.834902187760285,0.11148794166007645,1.9679787172930713e-36,87.74997338299278,0.12003295809335998,0.0747279044292479,0.21100161832008557,0.12753579372982599,29.08294166702582,6.247847751102632,4.4010809197782815e-09,100.99896110236685,0.409,0.2685925925925926,0.05555555555555555,0.0,0.9351851851851852,29.08294166702582,6.247847751102632,4.4010809197782815e-09,100.99896110236685
2000-03-01 00:00:00+00:00,inference-2026-08-20T16-49-50Z-2025-06-06,timeseries.json,4141.0,2583829.962722908,2952.685835745842,2528.3054430787065,3408.7130345198425,0.6293992088431533,0.5417106260112091,0.7253639031058674,0.9488192725953514,0.8131847164114016,1.0963361089722414,0.17448750042931224,0.029326976000129484,0.40686183724439196,0.18197229631564835,994.5672112002418,40.98509214797963,1.5255010472173145e-23,3555.2288804557516,0.361,0.24017290509538758,0.009297271190533687,0.0,0.8585003622313451,994.5672112002418,40.98509214797963,1.5255010472173145e-23,3555.2288804557516,0.12887280705878146,0.035607478681888176,0.38035062764382205,0.13609885439853342,927.3696137117439,111.33976169258003,1.2672744056376447e-13,3501.653081585779,0.297,0.2239087177010384,0.026684375754648635,0.0,0.8459430089350398,927.3696137117439,111.33976169258003,1.2672744056376447e-13,3501.653081585779,0.13370503363630082,0.023977055709291643,0.37040920208095657,0.1408071353717034,889.7760382906285,89.97647337660763,9.363908948751291e-24,3537.9062655352677,0.379,0.2149572567012799,0.02052644288819126,0.0,0.8543829992755373,889.7760382906285,89.97647337660763,9.363908948751291e-24,3537.9062655352677,0.15677943872525354,0.011011724342113137,0.40515303787786394,0.16497781849690807,772.9754510916797,4.051144464121876,5.648089095410043e-52,3560.6647639571033,0.442,0.18654213957981164,0.0009659502535619416,0.0,0.8594542381067375,772.9754510916797,4.051144464121876,5.648089095410043e-52,3560.6647639571033,0.08304674904813689,0.013522600788798163,0.22345261077886178,0.0892191211215947,200.6190303728313,2.533747794535716,1.674269384622611e-48,616.5107467205743,0.462,0.04855638734605168,0.0004829751267809708,0.0,0.14829751267809704,200.6190303728313,2.533747794535716,1.674269384622611e-48,616.5107467205743,0.06085896779019118,0.007398687486848865,0.15983606370633638,0.06489266643253112,48.59144903995888,0.00014482287277830787,1.7694798265641408e-74,451.57493220625776,0.672,0.01171480318763584,0.0,0.0,0.10968365129195842,48.59144903995888,0.00014482287277830787,1.7694798265641408e-74,451.57493220625776,0.0910358178140152,0.013961862876157841,0.20438845013168142,0.09449631413325485,144.01527449755042,1.1534377393437203,8.944302107130111e-27,612.8408789022997,0.48,0.03476237623762377,0.0002414875633904854,0.0,0.14803187635836754,144.01527449755042,1.1534377393437203,8.944302107130111e-27,612.8408789022997,0.12003295809335998,0.0747279044292479,0.21100161832008557,0.12753579372982599,163.08593179536356,17.01121403198907,5.708339379893284e-10,584.2042002161788,0.374,0.03938541415117122,0.003984544795943009,0.0,0.140811398212992,163.08593179536356,17.01121403198907,5.708339379893284e-10,584.2042002161788
2000-03-02 00:00:00+00:00,inference-2026-08-20T16-49-50Z-2025-06-06,timeseries.json,4443.0,2583829.962722908,2952.685835745842,2528.3054430787065,3408.7130345198425,0.6293992088431533,0.5417106260112091,0.7253639031058674,0.9488192725953514,0.8131847164114016,1.0963361089722414,0.17448750042931224,0.029326976000129484,0.40686183724439196,0.18197229631564835,1168.4316899318997,330.13934748166605,7.470974944643246e-37,3780.826454832109,0.29,0.26282669367544453,0.07607472428539275,0.0,0.8503376097231601,1168.4316899318997,330.13934748166605,7.470974944643246e-37,3780.826454832109,0.12887280705878146,0.035607478681888176,0.38035062764382205,0.13609885439853342,1058.1611146358048,52.00006874419031,5.4260105779460425e-11,3724.268267390208,0.332,0.23818185910420886,0.012379023182534324,0.0,0.837744767049291,1058.1611146358048,52.00006874419031,5.4260105779460425e-11,3724.268267390208,0.13370503363630082,0.023977055709291643,0.37040920208095657,0.1408071353717034,763.7269183124346,49.47755621326036,4.201907479009446e-22,3738.2713760925553,0.345,0.17190839522844925,0.010578437992347513,0.0,0.841773576412334,763.7269183124346,49.47755621326036,4.201907479009446e-22,3738.2713760925553,0.15677943872525354,0.011011724342113137,0.40515303787786394,0.16497781849690807,809.1167877210993,1.047097200712403,4.656875582963826e-45,3791.7107798752277,0.471,0.18221044339410308,0.00022507314877335134,0.0,0.8537024532973216,809.1167877210993,1.047097200712403,4.656875582963826e-45,3791.7107798752277,0.08304674904813689,0.013522600788798163,0.22345261077886178,0.0892191211215947,195.95070583350358,0.6260725396474811,1.9006435891920744e-30,534.0522045247836,0.498,0.044108710330857524,0.00022507314877335134,0.0,0.12085302723385082,195.95070583350358,0.6260725396474811,1.9006435891920744e-30,534.0522045247836,0.06085896779019118,0.007398687486848865,0.15983606370633638,0.06489266643253112,67.28934698745448,0.013313460924702421,6.743478652785856e-158,398.6551355008109,0.605,0.015155975692099933,0.0,0.0,0.09045689849200972,67.28934698745448,0.013313460924702421,6.743478652785856e-158,398.6551355008109,0.0910358178140152,0.013961862876157841,0.20438845013168142,0.09449631413325485,167.341472903984,0.18281119195433188,1.775721430270367e-27,687.5623195918959,0.537,0.03765946432590592,0.0,0.0,0.15441143371595767,167.341472903984,0.18281119195433188,1.775721430270367e-27,687.5623195918959,0.12003295809335998,0.0747279044292479,0.21100161832008557,0.12753579372982599,212.98196367382013,114.28057318884788,1.0100688477696366e-06,694.99282998911,0.281,0.0479484582489309,0.025433265811388703,0.0,0.15598694575737113,212.98196367382013,114.28057318884788,1.0100688477696366e-06,694.99282998911
2000-03-03 00:00:00+00:00,inference-2026-08-20T16-49-50Z-2025-06-06,timeseries.json,9092.0,2583829.962722908,2952.685835745842,2528.3054430787065,3408.7130345198425,0.6293992088431533,0.5417106260112091,0.7253639031058674,0.9488192725953514,0.8131847164114016,1.0963361089722414,0.17448750042931224,0.029326976000129484,0.40686183724439196,0.18197229631564835,3302.535238817034,19.51191257846395,3.389173938668104e-30,9004.703827975914,0.404,0.36318774747030363,0.002089749230092389,0.0,0.9903211614606248,3302.535238817034,19.51191257846395,3.389173938668104e-30,9004.703827975914,0.12887280705878146,0.035607478681888176,0.38035062764382205,0.13609885439853342,1239.6402251716356,1.251749545857454,1.4079845558745443e-16,8977.16623111549,0.466,0.13631412230532333,0.00010998680158380995,0.0,0.9874615046194457,1239.6402251716356,1.251749545857454,1.4079845558745443e-16,8977.16623111549,0.13370503363630082,0.023977055709291643,0.37040920208095657,0.1408071353717034,1365.7535113602005,2.2700118021355897,1.7789147092318667e-21,8976.550795678857,0.463,0.1502282226132864,0.0002199736031676199,0.0,0.9874670039595249,1365.7535113602005,2.2700118021355897,1.7789147092318667e-21,8976.550795678857,0.15677943872525354,0.011011724342113137,0.40515303787786394,0.16497781849690807,2655.3097437280308,0.7378714550468723,4.2939207890301975e-45,9004.12554548811,0.486,0.29214815222173335,0.00010998680158380995,0.0,0.9903211614606248,2655.3097437280308,0.7378714550468723,4.2939207890301975e-45,9004.12554548811,0.08304674904813689,0.013522600788798163,0.22345261077886178,0.0892191211215947,460.8782432395942,0.024502765259557933,6.765715538757133e-38,624.478681987468,0.582,0.05070193576770787,0.0,0.0,0.0684392872854895,460.8782432395942,0.024502765259557933,6.765715538757133e-38,624.478681987468,0.06085896779019118,0.007398687486848865,0.15983606370633638,0.06489266643253112,16.60244998528766,0.00042294232141674754,3.676739000384183e-107,95.96531835886526,0.662,0.0018194016717993841,0.0,0.0,0.010888693356797185,16.60244998528766,0.00042294232141674754,3.676739000384183e-107,95.96531835886526,0.0910358178140152,0.013961862876157841,0.20438845013168142,0.09449631413325485,21.954827425627627,0.14819560358327366,3.433029419110948e-28,100.29562032100944,0.544,0.002384843818741751,0.0,0.0,0.010668719753629565,21.954827425627627,0.14819560358327366,3.433029419110948e-28,100.29562032100944,0.12003295809335998,0.0747279044292479,0.21100161832008557,0.12753579372982599,29.32576027258439,9.085752066795077,1.3690130851653869e-07,95.44892143412234,0.364,0.0032155741311042673,0.0009898812142542894,0.0,0.010778706555213374,29.32576027258439,9.085752066795077,1.3690130851653869e-07,95.44892143412234
2000-03-04 00:00:00+00:00,inference-2026-08-20T16-49-50Z-2025-06-06,timeseries.json,10675.0,2583829.962722908,2952.685835745842,2528.3054430787065,3408.7130345198425,0.6293992088431533,0.5417106260112091,0.7253639031058674,0.9488192725953514,0.8131847164114016,1.0963361089722414,0.17448750042931224,0.029326976000129484,0.40686183724439196,0.18197229631564835,4252.928130385672,6.6281804488773615,1.3329702477081304e-27,10673.01244209025,0.443,0.39840524590163934,0.0006088992974238876,0.0,0.9998126463700234,4252.928130385672,6.6281804488773615,1.3329702477081304e-27,10673.01244209025,0.12887280705878146,0.035607478681888176,0.38035062764382205,0.13609885439853342,1080.2964503195021,0.15893720917352486,2.5565226712870994e-15,10623.048144802031,0.572,0.10118903981264638,0.0,0.0,0.9952412177985949,1080.2964503195021,0.15893720917352486,2.5565226712870994e-15,10623.048144802031,0.13370503363630082,0.023977055709291643,0.37040920208095657,0.1408071353717034,1600.025416880442,0.09902096627002308,4.098997481287189e-18,10646.981423865589,0.568,0.14990295081967211,0.0,0.0,0.9976627634660421,1600.025416880442,0.09902096627002308,4.098997481287189e-18,10646.981423865589,0.15677943872525354,0.011011724342113137,0.40515303787786394,0.16497781849690807,3198.724769569935,0.10096323738129268,8.466260912046083e-62,10673.078861273498,0.546,0.29963475409836066,0.0,0.0,0.9998126463700234,3198.724769569935,0.10096323738129268,8.466260912046083e-62,10673.078861273498,0.08304674904813689,0.013522600788798163,0.22345261077886178,0.0892191211215947,532.3828591853461,0.00017284167618993046,6.249558905959952e-41,583.2488512581074,0.828,0.04987644028103045,0.0,0.0,0.055391100702531955,532.3828591853461,0.00017284167618993046,6.249558905959952e-41,583.2488512581074,0.06085896779019118,0.007398687486848865,0.15983606370633638,0.06489266643253112,3.3824211159017867,2.392653079437879e-05,5.3013514299296734e-55,23.307711185755526,0.825,0.0003183138173302108,0.0,0.0,0.0022482435597189696,3.3824211159017867,2.392653079437879e-05,5.3013514299296734e-55,23.307711185755526,0.0910358178140152,0.013961862876157841,0.20438845013168142,0.09449631413325485,3.2756763274532137,0.0008821611096762846,9.066675139017708e-37,21.522571310044658,0.765,0.0003113817330210773,0.0,0.0,0.002065573770491799,3.2756763274532137,0.0008821611096762846,9.066675139017708e-37,21.522571310044658,0.12003295809335998,0.0747279044292479,0.21100161832008557,0.12753579372982599,3.9842762157389955,0.050396719679516866,5.587011762535611e-10,27.382876320563042,0.696,0.0003618735362997658,0.0,0.0,0.0024402810304449607,3.9842762157389955,0.050396719679516866,5.587011762535611e-10,27.382876320563042
2000-03-05 00:00:00+00:00,inference-2026-08-20T16-49-50Z-2025-06-06,timeseries.json,9437.0,2583829.962722908,2952.685835745842,2528.3054430787065,3408.7130345198425,0.6293992088431533,0.5417106260112091,0.7253639031058674,0.9488192725953514,0.8131847164114016,1.0963361089722414,0.17448750042931224,0.029326976000129484,0.40686183724439196,0.18197229631564835,3658.3251787289105,24.601512716781052,5.5549433512283e-52,9400.631076351396,0.395,0.3876538094733496,0.0023312493377132563,0.0,0.9963971601144431,3658.3251787289105,24.601512716781052,5.5549433512283e-52,9400.631076351396,0.12887280705878146,0.035607478681888176,0.38035062764382205,0.13609885439853342,1054.8632603424119,0.19217272633690596,3.9236579564897597e-16,9367.163218526153,0.537,0.11179930062519869,0.0,0.0,0.9925823884709124,1054.8632603424119,0.19217272633690596,3.9236579564897597e-16,9367.163218526153,0.13370503363630082,0.023977055709291643,0.37040920208095657,0.1408071353717034,1422.5862421442698,3.0821606859274238,2.0891758316441072e-19,9373.451687770617,0.426,0.15073921797181308,0.0003178976369608986,0.0,0.993536081381795,1422.5862421442698,3.0821606859274238,2.0891758316441072e-19,9373.451687770617,0.15677943872525354,0.011011724342113137,0.40515303787786394,0.16497781849690807,2799.706457089674,2.85429765235809,1.2320558540010593e-32,9396.869149263908,0.44,0.29666652537882804,0.0003178976369608986,0.0,0.9957613648405214,2799.706457089674,2.85429765235809,1.2320558540010593e-32,9396.869149263908,0.08304674904813689,0.013522600788798163,0.22345261077886178,0.0892191211215947,467.4323832040012,0.0010688966231953722,3.3956764470202065e-38,494.06412534703855,0.715,0.04954434672035605,0.0,0.0,0.05328494224855867,467.4323832040012,0.0010688966231953722,3.3956764470202065e-38,494.06412534703855,0.06085896779019118,0.007398687486848865,0.15983606370633638,0.06489266643253112,10.499804760011424,0.0010131761730258404,3.738736246265264e-60,61.91346938877838,0.669,0.001112747695242132,0.0,0.0,0.006363251033167315,10.499804760011424,0.0010131761730258404,3.738736246265264e-60,61.91346938877838,0.0910358178140152,0.013961862876157841,0.20438845013168142,0.09449631413325485,6.806320936225016,0.019062966634866497,5.878018682181126e-25,40.24131101644225,0.636,0.0007168591713468262,0.0,0.0,0.004344601038465614,6.806320936225016,0.019062966634866497,5.878018682181126e-25,40.24131101644225,0.12003295809335998,0.0747279044292479,0.21100161832008557,0.12753579372982599,16.78035279449037,2.6491710501924777,2.6441688053431513e-08,69.07144738037034,0.405,0.0017671929638656352,0.0002649146974674155,0.0,0.0077408074599978755,16.78035279449037,2.6491710501924777,2.6441688053431513e-08,69.07144738037034
2000-03-06 00:00:00+00:00,inference-2026-08-20T16-49-50Z-2025-06-06,timeseries.json,6778.0,2583829.962722908,2952.685835745842,2528.3054430787065,3408.7130345198425,0.6293992088431533,0.5417106260112091,0.7253639031058674,0.9488192725953514,0.8131847164114016,1.0963361089722414,0.17448750042931224,0.029326976000129484,0.40686183724439196,0.18197229631564835,2681.6282397284626,57.5039722972522,6.401529002977843e-22,6745.6356907262225,0.312,0.39569327235172624,0.008704632634995574,0.0,0.9954263794629684,2681.6282397284626,57.5039722972522,6.401529002977843e-22,6745.6356907262225,0.12887280705878146,0.035607478681888176,0.38035062764382205,0.13609885439853342,706.3463554666353,2.2562542396240115,2.879470931585411e-10,6698.49708467479,0.423,0.1042276482738271,0.00029507229271171436,0.0,0.9881971082915314,706.3463554666353,2.2562542396240115,2.879470931585411e-10,6698.49708467479,0.13370503363630082,0.023977055709291643,0.37040920208095657,0.1408071353717034,1012.8140627394919,2.4905344593905507,4.796932470649344e-24,6691.416577480097,0.428,0.1494361168486279,0.00044260843906757157,0.0,0.9876143405134258,1012.8140627394919,2.4905344593905507,4.796932470649344e-24,6691.416577480097,0.15677943872525354,0.011011724342113137,0.40515303787786394,0.16497781849690807,2014.6059868132381,2.290860695083655,1.0886883628853151e-32,6736.286638206849,0.456,0.29716243729713776,0.00029507229271171436,0.0,0.9939510179994099,2014.6059868132381,2.290860695083655,1.0886883628853151e-32,6736.286638206849,0.08304674904813689,0.013522600788798163,0.22345261077886178,0.0892191211215947,331.9333391381822,0.0008555825208059622,1.551479609369924e-38,351.8547240471833,0.735,0.048981853053998235,0.0,0.0,0.05409412806134006,331.9333391381822,0.0008555825208059622,1.551479609369924e-38,351.8547240471833,0.06085896779019118,0.007398687486848865,0.15983606370633638,0.06489266643253112,10.330368984935628,0.012909898981114297,6.615693759956697e-84,58.92555392016434,0.635,0.0015308350545883739,0.0,0.0,0.008999704927707288,10.330368984935628,0.012909898981114297,6.615693759956697e-84,58.92555392016434,0.0910358178140152,0.013961862876157841,0.20438845013168142,0.09449631413325485,8.448408948070377,0.016476560044076684,1.5701803389533718e-34,55.99544386381627,0.647,0.0012350250811448804,0.0,0.0,0.008114488049572145,8.448408948070377,0.016476560044076684,1.5701803389533718e-34,55.99544386381627,0.12003295809335998,0.0747279044292479,0.21100161832008557,0.12753579372982599,11.893238180982982,0.3787247161350167,2.141886085035588e-08,67.259735066963,0.532,0.0017328120389495424,0.0,0.0,0.009597226320448503,11.893238180982982,0.3787247161350167,2.141886085035588e-08,67.259735066963
2000-03-07 00:00:00+00:00,inference-2026-08-20T16-49-50Z-2025-06-06,timeseries.json,203.0,2583829.962722908,2952.685835745842,2528.3054430787065,3408.7130345198425,0.6293992088431533,0.5417106260112091,0.7253639031058674,0.9488192725953514,0.8131847164114016,1.0963361089722414,0.17448750042931224,0.029326976000129484,0.40686183724439196,0.18197229631564835,25.69158471857094,4.6929016920050035,7.254769607657699e-25,72.82860652464858,0.406,0.12701970443349753,0.024630541871921183,0.0,0.35960591133004927,25.69158471857094,4.6929016920050035,7.254769607657699e-25,72.82860652464858,0.12887280705878146,0.035607478681888176,0.38035062764382205,0.13609885439853342,21.665875827279873,0.6867955554795958,1.0930702263668199e-12,73.9341034015438,0.492,0.10654187192118227,0.0049261083743842365,0.0,0.37438423645320196,21.665875827279873,0.6867955554795958,1.0930702263668199e-12,73.9341034015438,0.13370503363630082,0.023977055709291643,0.37040920208095657,0.1408071353717034,36.63604489334254,6.187419511196017,2.878825640347261e-21,130.22809428792954,0.423,0.1807487684729064,0.024630541871921183,0.0,0.6406403940886697,36.63604489334254,6.187419511196017,2.878825640347261e-21,130.22809428792954,0.15677943872525354,0.011011724342113137,0.40515303787786394,0.16497781849690807,16.887776621641915,0.058648115576576856,1.689657594940165e-64,71.83699453617204,0.582,0.08298029556650247,0.0,0.0,0.35467980295566504,16.887776621641915,0.058648115576576856,1.689657594940165e-64,71.83699453617204,0.08304674904813689,0.013522600788798163,0.22345261077886178,0.0892191211215947,19.968166823836167,0.0030725800284156055,4.797663631606043e-39,121.35652342043853,0.649,0.09761576354679803,0.0,0.0,0.5911330049261084,19.968166823836167,0.0030725800284156055,4.797663631606043e-39,121.35652342043853,0.06085896779019118,0.007398687486848865,0.15983606370633638,0.06489266643253112,12.732567346172248,0.00021630937096953152,1.3302125286689547e-93,112.11861712048635,0.702,0.06280788177339902,0.0,0.0,0.5618226600985219,12.732567346172248,0.00021630937096953152,1.3302125286689547e-93,112.11861712048635,0.0910358178140152,0.013961862876157841,0.20438845013168142,0.09449631413325485,35.38690819141348,0.3179674367631813,5.6719317146467516e-31,131.1621286566118,0.517,0.17432512315270934,0.0,0.0,0.645320197044335,35.38690819141348,0.3179674367631813,5.6719317146467516e-31,131.1621286566118,0.12003295809335998,0.0747279044292479,0.21100161832008557,0.12753579372982599,34.03107557774282,3.045841549981114,2.0955224547351617e-09,130.67791030732306,0.413,0.16796059113300493,0.014778325123152709,0.0,0.645320197044335,34.03107557774282,3.045841549981114,2.0955224547351617e-09,130.67791030732306
2000-03-08 00:00:00+00:00,inference-2026-08-20T16-49-50Z-2025-06-06,timeseries.json,109.0,2583829.962722908,2952.685835745842,2528.3054430787065,3408.7130345198425,0.6293992088431533,0.5417106260112091,0.7253639031058674,0.9488192725953514,0.8131847164114016,1.0963361089722414,0.17448750042931224,0.029326976000129484,0.40686183724439196,0.18197229631564835,1.0889417367654142,0.011587893453650605,3.8986027701665035e-36,2.368163656679028,0.744,0.010201834862385323,0.0,0.0,0.027522935779816515,1.0889417367654142,0.011587893453650605,3.8986027701665035e-36,2.368163656679028,0.12887280705878146,0.035607478681888176,0.38035062764382205,0.13609885439853342,6.055584600312259,0.0043031475121651135,7.494368345962768e-20,46.91033471206777,0.771,0.055550458715596336,0.0,0.0,0.43761467889907674,6.055584600312259,0.0043031475121651135,7.494368345962768e-20,46.91033471206777,0.13370503363630082,0.023977055709291643,0.37040920208095657,0.1408071353717034,15.803828881263858,0.0516398211745511,1.3543870762625017e-20,106.54769057866183,0.654,0.1446422018348624,0.0,0.0,0.981651376146789,15.803828881263858,0.0516398211745511,1.3543870762625017e-20,106.54769057866183,0.15677943872525354,0.011011724342113137,0.40515303787786394,0.16497781849690807,1.6226194362879123,0.023475562271301327,1.9579410694986064e-34,5.405949600726154,0.717,0.014688073394495413,0.0,0.0,0.05504587155963303,1.6226194362879123,0.023475562271301327,1.9579410694986064e-34,5.405949600726154,0.08304674904813689,0.013522600788798163,0.22345261077886178,0.0892191211215947,14.615835412790972,0.0015871712643892692,9.994653723467667e-30,106.3351030225419,0.694,0.13432110091743119,0.0,0.0,0.9724770642201835,14.615835412790972,0.0015871712643892692,9.994653723467667e-30,106.3351030225419,0.06085896779019118,0.007398687486848865,0.15983606370633638,0.06489266643253112,11.082451467673492,0.00012359653220667179,4.438947451819835e-65,103.30603750190174,0.763,0.10140366972477065,0.0,0.0,0.9541284403669725,11.082451467673492,0.00012359653220667179,4.438947451819835e-65,103.30603750190174,0.0910358178140152,0.013961862876157841,0.20438845013168142,0.09449631413325485,34.87991813517013,0.32682047201690323,4.607663507692576e-37,107.42263428974317,0.519,0.319651376146789,0.0,0.0,0.9908256880733946,34.87991813517013,0.32682047201690323,4.607663507692576e-37,107.42263428974317,0.12003295809335998,0.0747279044292479,0.21100161832008557,0.12753579372982599,23.850820329735917,0.5780919763473917,5.593234413576929e-09,107.97509084954847,0.503,0.2195412844036697,0.0,0.0,0.9908256880733946,23.850820329735917,0.5780919763473917,5.593234413576929e-09,107.97509084954847
2000-03-09 00:00:00+00:00,inference-2026-08-20T16-49-50Z-2025-06-06,timeseries.json,165.0,2583829.962722908,2952.685835745842,2528.3054430787065,3408.7130345198425,0.6293992088431533,0.5417106260112091,0.7253639031058674,0.9488192725953514,0.8131847164114016,1.0963361089722414,0.17448750042931224,0.029326976000129484,0.40686183724439196,0.18197229631564835,3.661955408391041,0.39160137714605303,6.790798562300635e-26,13.92631142370267,0.516,0.022381818181818183,0.0,0.0,0.09090909090909091,3.661955408391041,0.39160137714605303,6.790798562300635e-26,13.92631142370267,0.12887280705878146,0.035607478681888176,0.38035062764382205,0.13609885439853342,12.081538047509325,0.2514958381173242,3.36657329531398e-19,90.74737943651392,0.546,0.07315757575757575,0.0,0.0,0.5515151515151515,12.081538047509325,0.2514958381173242,3.36657329531398e-19,90.74737943651392,0.13370503363630082,0.023977055709291643,0.37040920208095657,0.1408071353717034,24.516348490640492,0.1996075835539814,1.6396600262836095e-22,154.67240467062965,0.544,0.1485878787878788,0.0,0.0,0.9396969696969695,24.516348490640492,0.1996075835539814,1.6396600262836095e-22,154.67240467062965,0.15677943872525354,0.011011724342113137,0.40515303787786394,0.16497781849690807,8.488621950106992,0.32712858373518977,2.4510364323384764e-35,50.25237397881464,0.555,0.051151515151515156,0.0,0.0,0.3036363636363631,8.488621950106992,0.32712858373518977,2.4510364323384764e-35,50.25237397881464,0.08304674904813689,0.013522600788798163,0.22345261077886178,0.0892191211215947,18.285710836986258,0.0019290757608894928,2.7568461186505616e-40,134.78721718544435,0.642,0.11038181818181818,0.0,0.0,0.8303030303030303,18.285710836986258,0.0019290757608894928,2.7568461186505616e-40,134.78721718544435,0.06085896779019118,0.007398687486848865,0.15983606370633638,0.06489266643253112,15.925427902623024,7.713761448194294e-05,9.19526455714412e-95,130.94153784259993,0.692,0.09715151515151514,0.0,0.0,0.806060606060606,15.925427902623024,7.713761448194294e-05,9.19526455714412e-95,130.94153784259993,0.0910358178140152,0.013961862876157841,0.20438845013168142,0.09449631413325485,43.77796524431636,0.2576918522053532,2.466475930455741e-37,158.14365368321225,0.511,0.26555151515151515,0.0,0.0,0.9575757575757575,43.77796524431636,0.2576918522053532,2.466475930455741e-37,158.14365368321225,0.12003295809335998,0.0747279044292479,0.21100161832008557,0.12753579372982599,38.26243211942647,1.3045157762906079,2.2026773562290292e-11,157.85951267490964,0.457,0.2316363636363636,0.006060606060606061,0.0,0.9575757575757575,38.26243211942647,1.3045157762906079,2.2026773562290292e-11,157.85951267490964
2000-03-10 00:00:00+00:00,inference-2026-08-20T16-49-50Z-2025-06-06,timeseries.json,9455.0,2583829.962722908,2952.685835745842,2528.3054430787065,3408.7130345198425,0.6293992088431533,0.5417106260112091,0.7253639031058674,0.9488192725953514,0.8131847164114016,1.0963361089722414,0.17448750042931224,0.029326976000129484,0.40686183724439196,0.18197229631564835,3452.1673659477683,93.34002588924119,5.6942201730136666e-33,8873.12182350725,0.371,0.3650991010047594,0.010576414595452142,0.0,0.9387678476996298,3452.1673659477683,93.34002588924119,5.6942201730136666e-33,8873.12182350725,0.12887280705878146,0.035607478681888176,0.38035062764382205,0.13609885439853342,992.814207203688,11.99652528995778,1.9411524389895467e-11,8821.47768041938,0.394,0.10497810682178742,0.0014278159703860391,0.0,0.9326282390269699,992.814207203688,11.99652528995778,1.9411524389895467e-11,8821.47768041938,0.13370503363630082,0.023977055709291643,0.37040920208095657,0.1408071353717034,1487.7370542592325,21.511443924988015,2.932673415151097e-23,8845.639840831085,0.392,0.1573118984664199,0.002379693283976732,0.0,0.9350608143839239,1487.7370542592325,21.511443924988015,2.932673415151097e-23,8845.639840831085,0.15677943872525354,0.011011724342113137,0.40515303787786394,0.16497781849690807,2658.2576979106893,1.3732941917062653,7.091926182480899e-31,8859.314168114473,0.484,0.28118392384981494,0.00010576414595452142,0.0,0.9373876255949233,2658.2576979106893,1.3732941917062653,7.091926182480899e-31,8859.314168114473,0.08304674904813689,0.013522600788798163,0.22345261077886178,0.0892191211215947,498.7489912898105,0.01063203426993076,1.04695725853981e-30,963.7887740412775,0.602,0.05276679005817029,0.0,0.0,0.10339502908510748,498.7489912898105,0.01063203426993076,1.04695725853981e-30,963.7887740412775,0.06085896779019118,0.007398687486848865,0.15983606370633638,0.06489266643253112,49.07449156308442,3.570145083892158e-05,2.496599382174724e-72,436.42473844093763,0.695,0.005181068217874141,0.0,0.0,0.04659968270756208,49.07449156308442,3.570145083892158e-05,2.496599382174724e-72,436.42473844093763,0.0910358178140152,0.013961862876157841,0.20438845013168142,0.09449631413325485,150.79504594856965,0.554297768591016,9.338214094581072e-39,592.1313504441335,0.507,0.015984452670544685,0.0,0.0,0.06335272342675832,150.79504594856965,0.554297768591016,9.338214094581072e-39,592.1313504441335,0.12003295809335998,0.0747279044292479,0.21100161832008557,0.12753579372982599,165.4051458771495,28.23136822146217,5.602615442361717e-09,576.2448755420735,0.341,0.017494658910629297,0.003120042305658382,0.0,0.061343204653622425,165.4051458771495,28.23136822146217,5.602615442361717e-09,576.2448755420735
2000-03-11 00:00:00+00:00,inference-2026-08-20T16-49-50Z-2025-06-06,timeseries.json,9557.0,2583829.962722908,2952.685835745842,2528.3054430787065,3408.7130345198425,0.6293992088431533,0.5417106260112091,0.7253639031058674,0.9488192725953514,0.8131847164114016,1.0963361089722414,0.17448750042931224,0.029326976000129484,0.40686183724439196,0.18197229631564835,3804.380645279232,14.718489067304933,4.4074888667977463e-20,9543.434270729627,0.39,0.3980665480799414,0.001569530187297269,0.0,0.9986397405043423,3804.380645279232,14.718489067304933,4.4074888667977463e-20,9543.434270729627,0.12887280705878146,0.035607478681888176,0.38035062764382205,0.13609885439853342,979.6077174143061,1.577325847509543,3.022276810337662e-11,9510.047275131616,0.445,0.10249973841163545,0.00020927069163963587,0.0,0.9950036622371037,979.6077174143061,1.577325847509543,3.022276810337662e-11,9510.047275131616,0.13370503363630082,0.023977055709291643,0.37040920208095657,0.1408071353717034,1437.0958675844283,0.7532882557920149,1.2106873440975137e-24,9505.724942884655,0.498,0.15036141048446167,0.00010463534581981794,0.0,0.994768232709009,1437.0958675844283,0.7532882557920149,1.2106873440975137e-24,9505.724942884655,0.15677943872525354,0.011011724342113137,0.40515303787786394,0.16497781849690807,2846.305694394542,4.1064300405327625,7.975601338871591e-35,9541.944271257538,0.441,0.2978443026054201,0.00041854138327927174,0.0,0.9984357015799937,2846.305694394542,4.1064300405327625,7.975601338871591e-35,9541.944271257538,0.08304674904813689,0.013522600788798163,0.22345261077886178,0.0892191211215947,474.76761085074594,0.0018297044565351904,4.436774373698155e-48,412.09667158804973,0.724,0.049685361515119805,0.0,0.0,0.04443339960235099,474.76761085074594,0.0018297044565351904,4.436774373698155e-48,412.09667158804973,0.06085896779019118,0.007398687486848865,0.15983606370633638,0.06489266643253112,3.303326395713252,5.0863825883704155e-05,1.304616129148725e-53,19.685120542096335,0.744,0.0003480171601967144,0.0,0.0,0.0022025740295071625,3.303326395713252,5.0863825883704155e-05,1.304616129148725e-53,19.685120542096335,0.0910358178140152,0.013961862876157841,0.20438845013168142,0.09449631413325485,4.233420305255825,0.0029624111326059036,1.970196669305792e-34,26.199339379979037,0.69,0.0004417704300512713,0.0,0.0,0.002825154337135084,4.233420305255825,0.0029624111326059036,1.970196669305792e-34,26.199339379979037,0.12003295809335998,0.0747279044292479,0.21100161832008557,0.12753579372982599,7.305717775774155,0.6185477934888228,9.387375675567441e-09,36.48100556180313,0.51,0.0007528513131735899,0.0,0.0,0.0036622371036936275,7.305717775774155,0.6185477934888228,9.387375675567441e-09,36.48100556180313
2000-03-12 00:00:00+00:00,inference-2026-08-20T16-49-50Z-2025-06-06,timeseries.json,5334.0,2583829.962722908,2952.685835745842,2528.3054430787065,3408.7130345198425,0.6293992088431533,0.5417106260112091,0.7253639031058674,0.9488192725953514,0.8131847164114016,1.0963361089722414,0.17448750042931224,0.029326976000129484,0.40686183724439196,0.18197229631564835,1325.5378992597166,116.29300787251869,4.38095926197954e-27,4910.226927923386,0.312,0.2485339332583427,0.02090363704536933,0.0,0.9201443569553805,1325.5378992597166,116.29300787251869,4.38095926197954e-27,4910.226927923386,0.12887280705878146,0.035607478681888176,0.38035062764382205,0.13609885439853342,1396.0144316329352,218.11488343715666,2.5641284185021517e-14,4881.628148863119,0.224,0.26162654668166474,0.04068241469816273,0.0,0.914520059992501,1396.0144316329352,218.11488343715666,2.5641284185021517e-14,4881.628148863119,0.13370503363630082,0.023977055709291643,0.37040920208095657,0.1408071353717034,1031.838358443185,49.880158400650615,1.075351995958552e-23,4893.433205891763,0.378,0.193355455568054,0.008998875140607425,0.0,0.9177165354330707,1031.838358443185,49.880158400650615,1.075351995958552e-23,4893.433205891763,0.15677943872525354,0.011011724342113137,0.40515303787786394,0.16497781849690807,1110.0592999398866,140.68072358905658,1.2585339300057833e-61,4909.134086408891,0.346,0.20816441694788154,0.02662167229096363,0.0,0.9205193100862392,1110.0592999398866,140.68072358905658,1.2585339300057833e-61,4909.134086408891,0.08304674904813689,0.013522600788798163,0.22345261077886178,0.0892191211215947,243.79986088938296,0.08642678812378288,1.985790371112189e-48,395.37396365671407,0.543,0.04572234720659917,0.0,0.0,0.07445631796025477,243.79986088938296,0.08642678812378288,1.985790371112189e-48,395.37396365671407,0.06085896779019118,0.007398687486848865,0.15983606370633638,0.06489266643253112,42.90969206267042,0.017681923002963097,5.537268379501228e-58,232.55275358301213,0.608,0.008022872140982377,0.0,0.0,0.043869516310461196,42.90969206267042,0.017681923002963097,5.537268379501228e-58,232.55275358301213,0.0910358178140152,0.013961862876157841,0.20438845013168142,0.09449631413325485,61.093256943017735,0.1316090875670702,5.536334146821193e-32,309.9454610696566,0.552,0.011475628046494187,0.0,0.0,0.05793963254593175,61.093256943017735,0.1316090875670702,5.536334146821193e-32,309.9454610696566,0.12003295809335998,0.0747279044292479,0.21100161832008557,0.12753579372982599,122.74720082920514,61.11403488569386,1.0137572767258676e-07,380.8119134139048,0.286,0.023098800149981252,0.011061117360329959,0.0,0.07142857142857142,122.74720082920514,61.11403488569386,1.0137572767258676e-07,380.8119134139048
2000-03-13 00:00:00+00:00,inference-2026-08-20T16-49-50Z-2025-06-06,timeseries.json,217.0,2583829.962722908,2952.685835745842,2528.3054430787065,3408.7130345198425,0.6293992088431533,0.5417106260112091,0.7253639031058674,0.9488192725953514,0.8131847164114016,1.0963361089722414,0.17448750042931224,0.029326976000129484,0.40686183724439196,0.18197229631564835,12.537589746320915,0.8839034144713889,2.0049093280954884e-27,99.88962917882158,0.478,0.057350230414746545,0.004608294930875576,0.0,0.45622119815668205,12.537589746320915,0.8839034144713889,2.0049093280954884e-27,99.88962917882158,0.12887280705878146,0.035607478681888176,0.38035062764382205,0.13609885439853342,26.37279875972083,0.22972112264538597,1.024037616697848e-17,143.6994525555983,0.538,0.12130414746543777,0.0,0.0,0.6638248847926266,26.37279875972083,0.22972112264538597,1.024037616697848e-17,143.6994525555983,0.13370503363630082,0.023977055709291643,0.37040920208095657,0.1408071353717034,15.46919883480168,0.06529606678531508,7.234341619167962e-23,113.26133859429534,0.599,0.07131797235023041,0.0,0.0,0.5345622119815668,15.46919883480168,0.06529606678531508,7.234341619167962e-23,113.26133859429534,0.15677943872525354,0.011011724342113137,0.40515303787786394,0.16497781849690807,30.183807146913644,1.275275077804967,3.837325187071957e-57,155.9151077927162,0.471,0.1394377880184332,0.004608294930875576,0.0,0.728110599078341,30.183807146913644,1.275275077804967,3.837325187071957e-57,155.9151077927162,0.08304674904813689,0.013522600788798163,0.22345261077886178,0.0892191211215947,35.175945166237064,0.8072393878413401,1.2274457006294935e-38,170.71235785044357,0.498,0.16217972350230414,0.004608294930875576,0.0,0.7790322580645159,35.175945166237064,0.8072393878413401,1.2274457006294935e-38,170.71235785044357,0.06085896779019118,0.007398687486848865,0.15983606370633638,0.06489266643253112,20.857463821642625,0.00031901219621108663,1.2869618122281565e-69,115.98719923161134,0.647,0.09635944700460829,0.0,0.0,0.5529953917050692,20.857463821642625,0.00031901219621108663,1.2869618122281565e-69,115.98719923161134,0.0910358178140152,0.013961862876157841,0.20438845013168142,0.09449631413325485,30.79029885941058,0.4847919757175752,5.32922238220483e-44,129.64437314408897,0.518,0.14166820276497696,0.0,0.0,0.6082949308755761,30.79029885941058,0.4847919757175752,5.32922238220483e-44,129.64437314408897,0.12003295809335998,0.0747279044292479,0.21100161832008557,0.12753579372982599,45.61289766495274,5.590847063409153,2.4065579331739256e-08,175.23985617609688,0.393,0.21038248847926264,0.027649769585253458,0.0,0.8066820276497694,45.61289766495274,5.590847063409153,2.4065579331739256e-08,175.23985617609688
2000-03-14 00:00:00+00:00,inference-2026-08-20T16-49-50Z-2025-06-06,timeseries.json,188.0,2583829.962722908,2952.685835745842,2528.3054430787065,3408.7130345198425,0.6293992088431533,0.5417106260112091,0.7253639031058674,0.9488192725953514,0.8131847164114016,1.0963361089722414,0.17448750042931224,0.029326976000129484,0.40686183724439196,0.18197229631564835,16.89045871325061,2.639811900920405,2.9176824420641887e-31,71.98040205395681,0.434,0.0893031914893617,0.010638297872340425,0.0,0.38324468085106356,16.89045871325061,2.639811900920405,2.9176824420641887e-31,71.98040205395681,0.12887280705878146,0.035607478681888176,0.38035062764382205,0.13609885439853342,17.368267130602234,1.410515056827609,3.1454026407673414e-17,77.18166916384587,0.463,0.09288829787234042,0.010638297872340425,0.0,0.425531914893617,17.368267130602234,1.410515056827609,3.1454026407673414e-17,77.18166916384587,0.13370503363630082,0.023977055709291643,0.37040920208095657,0.1408071353717034,9.448651257908974,0.07960482445795802,1.402082541328019e-21,41.94049983094522,0.591,0.04979255319148936,0.0,0.0,0.218351063829787,9.448651257908974,0.07960482445795802,1.402082541328019e-21,41.94049983094522,0.15677943872525354,0.011011724342113137,0.40515303787786394,0.16497781849690807,27.597868161512555,21.681472366624725,7.047825481802866e-30,97.24420037142754,0.362,0.14739361702127662,0.11702127659574468,0.0,0.5215425531914891,27.597868161512555,21.681472366624725,7.047825481802866e-30,97.24420037142754,0.08304674904813689,0.013522600788798163,0.22345261077886178,0.0892191211215947,46.691569508778386,30.25275166975898,1.8851650073032447e-36,150.51656473856852,0.311,0.24784574468085108,0.15425531914893617,0.0,0.7978723404255319,46.691569508778386,30.25275166975898,1.8851650073032447e-36,150.51656473856852,0.06085896779019118,0.007398687486848865,0.15983606370633638,0.06489266643253112,11.101307300972499,1.6654031085770405e-05,2.4062921184698505e-64,75.89046587223568,0.726,0.05952659574468085,0.0,0.0,0.4151595744680849,11.101307300972499,1.6654031085770405e-05,2.4062921184698505e-64,75.89046587223568,0.0910358178140152,0.013961862876157841,0.20438845013168142,0.09449631413325485,18.83868034901942,0.05023401142272346,7.6617080881126305e-25,103.09540413323928,0.578,0.10027659574468085,0.0,0.0,0.5319148936170213,18.83868034901942,0.05023401142272346,7.6617080881126305e-25,103.09540413323928,0.12003295809335998,0.0747279044292479,0.21100161832008557,0.12753579372982599,40.063197577955506,2.369889879304888,4.535267078882625e-08,146.68147412331808,0.421,0.21297340425531913,0.010638297872340425,0.0,0.7872340425531915,40.063197577955506,2.369889879304888,4.535267078882625e-08,146.68147412331808
2000-03-15 00:00:00+00:00,inference-2026-08-20T16-49-50Z-2025-06-06,timeseries.json,2998.0,2583829.962722908,2952.685835745842,2528.3054430787065,3408.7130345198425,0.6293992088431533,0.5417106260112091,0.7253639031058674,0.9488192725953514,0.8131847164114016,1.0963361089722414,0.17448750042931224,0.029326976000129484,0.40686183724439196,0.18197229631564835,226.1212356245312,68.8374744511257,2.4655728080735e-23,891.6641871574465,0.324,0.07550567044696464,0.02351567711807872,0.0,0.29104402935290175,226.1212356245312,68.8374744511257,2.4655728080735e-23,891.6641871574465,0.12887280705878146,0.035607478681888176,0.38035062764382205,0.13609885439853342,298.7481557185082,115.51305830800075,1.757319601819454e-17,1077.771431599596,0.291,0.09945463642428286,0.03702468312208139,0.0,0.3605737158105404,298.7481557185082,115.51305830800075,1.757319601819454e-17,1077.771431599596,0.13370503363630082,0.023977055709291643,0.37040920208095657,0.1408071353717034,295.2494368567776,9.274839479302162,9.093591604509974e-19,1610.7826310101814,0.394,0.09841594396264176,0.003002001334222815,0.0,0.5420280186791194,295.2494368567776,9.274839479302162,9.093591604509974e-19,1610.7826310101814,0.15677943872525354,0.011011724342113137,0.40515303787786394,0.16497781849690807,303.98853346167266,218.48459514703694,4.542109966220092e-24,1032.7632225941447,0.3,0.10146264176117412,0.07204803202134756,0.0,0.346981320880587,303.98853346167266,218.48459514703694,4.542109966220092e-24,1032.7632225941447,0.08304674904813689,0.013522600788798163,0.22345261077886178,0.0892191211215947,662.4546410029193,554.3708111938068,3.8646887946587127e-29,1754.2873630731167,0.266,0.22101567711807873,0.1869579719813209,0.0,0.5874749833222148,662.4546410029193,554.3708111938068,3.8646887946587127e-29,1754.2873630731167,0.06085896779019118,0.007398687486848865,0.15983606370633638,0.06489266643253112,137.99006713962603,6.596620297094903e-05,7.517540011290051e-125,792.7748343500996,0.64,0.04577418278852569,0.0,0.0,0.26184122748499,137.99006713962603,6.596620297094903e-05,7.517540011290051e-125,792.7748343500996,0.0910358178140152,0.013961862876157841,0.20438845013168142,0.09449631413325485,376.0278848182416,11.485873248682186,1.2753423007499498e-35,1684.6600274048644,0.438,0.12590960640426951,0.003669112741827885,0.0,0.5610240160106735,376.0278848182416,11.485873248682186,1.2753423007499498e-35,1684.6600274048644,0.12003295809335998,0.0747279044292479,0.21100161832008557,0.12753579372982599,697.420045377724,234.0648605113084,4.572447088859317e-06,2365.129473180324,0.242,0.23246164109406273,0.07721814543028685,0.0,0.7929619746497665,697.420045377724,234.0648605113084,4.572447088859317e-06,2365.129473180324
2000-03-16 00:00:00+00:00,inference-2026-08-20T16-49-50Z-2025-06-06,timeseries.json,6303.0,2583829.962722908,2952.685835745842,2528.3054430787065,3408.7130345198425,0.6293992088431533,0.5417106260112091,0.7253639031058674,0.9488192725953514,0.8131847164114016,1.0963361089722414,0.17448750042931224,0.029326976000129484,0.40686183724439196,0.18197229631564835,2345.886250855099,472.3182440775624,5.360622253821873e-31,5838.039189361737,0.373,0.37218086625416463,0.0752022846263684,0.0,0.9265508488021578,2345.886250855099,472.3182440775624,5.360622253821873e-31,5838.039189361737,0.12887280705878146,0.035607478681888176,0.38035062764382205,0.13609885439853342,715.4673584737433,4.1821693472872115,2.365543555448358e-07,5806.352397611177,0.404,0.11345533872759003,0.0006346184356655561,0.0,0.920521973663335,715.4673584737433,4.1821693472872115,2.365543555448358e-07,5806.352397611177,0.13370503363630082,0.023977055709291643,0.37040920208095657,0.1408071353717034,931.6983613974587,1.7558262553484316,1.2213599062896238e-18,5797.98613086499,0.443,0.14788053307948595,0.00031730921783277807,0.0,0.9191020149135332,931.6983613974587,1.7558262553484316,1.2213599062896238e-18,5797.98613086499,0.15677943872525354,0.011011724342113137,0.40515303787786394,0.16497781849690807,1740.932488502122,0.2793309243916129,6.210378292211419e-44,5828.954634384736,0.525,0.2762817705854355,0.0,0.0,0.9257496430271299,1740.932488502122,0.2793309243916129,6.210378292211419e-44,5828.954634384736,0.08304674904813689,0.013522600788798163,0.22345261077886178,0.0892191211215947,310.7821380612079,0.0002422270879755728,4.60046767259574e-27,744.1088054546248,0.766,0.049292876408059655,0.0,0.0,0.11815008726000162,310.7821380612079,0.0002422270879755728,4.60046767259574e-27,744.1088054546248,0.06085896779019118,0.007398687486848865,0.15983606370633638,0.06489266643253112,79.43672681591913,0.00018251347537935413,1.1898007170614248e-88,536.2817573749584,0.722,0.012581310487069649,0.0,0.0,0.08679993653815642,79.43672681591913,0.00018251347537935413,1.1898007170614248e-88,536.2817573749584,0.0910358178140152,0.013961862876157841,0.20438845013168142,0.09449631413325485,104.56966558655229,0.033983941989324556,2.2186171866131714e-36,543.8590494847625,0.625,0.01656734888148501,0.0,0.0,0.086950658416627,104.56966558655229,0.033983941989324556,2.2186171866131714e-36,543.8590494847625,0.12003295809335998,0.0747279044292479,0.21100161832008557,0.12753579372982599,74.22701030789966,0.10677460869223515,1.205380546610924e-10,483.1015443189717,0.623,0.011759955576709504,0.0,0.0,0.07663017610661589,74.22701030789966,0.10677460869223515,1.205380546610924e-10,483.1015443189717
2000-03-17 00:00:00+00:00,inference-2026-08-20T16-49-50Z-2025-06-06,timeseries.json,6758.0,2583829.962722908,2952.685835745842,2528.3054430787065,3408.7130345198425,0.6293992088431533,0.5417106260112091,0.7253639031058674,0.9488192725953514,0.8131847164114016,1.0963361089722414,0.17448750042931224,0.029326976000129484,0.40686183724439196,0.18197229631564835,2663.0464963786476,99.91704796778521,1.6830317690497393e-36,6670.700290126802,0.395,0.3940711749038177,0.014205386208937555,0.0,0.9874297129328203,2663.0464963786476,99.91704796778521,1.6830317690497393e-36,6670.700290126802,0.12887280705878146,0.035607478681888176,0.38035062764382205,0.13609885439853342,699.651016484269,1.7129363274535891,1.3699223202911448e-09,6638.817725860301,0.441,0.10354779520568216,0.0002959455460195324,0.0,0.9818067475584493,699.651016484269,1.7129363274535891,1.3699223202911448e-09,6638.817725860301,0.13370503363630082,0.023977055709291643,0.37040920208095657,0.1408071353717034,1009.6876602993381,0.2796406283573121,5.172628350627785e-21,6635.189836880438,0.544,0.14941136430896718,0.0,0.0,0.9816661734240899,1009.6876602993381,0.2796406283573121,5.172628350627785e-21,6635.189836880438,0.15677943872525354,0.011011724342113137,0.40515303787786394,0.16497781849690807,1996.1738101667722,0.04623195654488742,3.693826473128777e-40,6669.252724119787,0.572,0.2953967150044392,0.0,0.0,0.9866898490677716,1996.1738101667722,0.04623195654488742,3.693826473128777e-40,6669.252724119787,0.08304674904813689,0.013522600788798163,0.22345261077886178,0.0892191211215947,333.21376138876906,0.0006073586584016432,3.3361881128333456e-30,414.7785632068485,0.795,0.049278484758804385,0.0,0.0,0.06387984610828032,333.21376138876906,0.0006073586584016432,3.3361881128333456e-30,414.7785632068485,0.06085896779019118,0.007398687486848865,0.15983606370633638,0.06489266643253112,16.757540158974376,8.057101142747004e-05,8.803776463168313e-68,129.4066070228441,0.769,0.0024712932820361052,0.0,0.0,0.018947913583900557,16.757540158974376,8.057101142747004e-05,8.803776463168313e-68,129.4066070228441,0.0910358178140152,0.013961862876157841,0.20438845013168142,0.09449631413325485,22.95665597808976,0.01944041751158123,5.178317550554814e-20,126.87934512058754,0.68,0.0033896123113347147,0.0,0.0,0.018947913583900557,22.95665597808976,0.01944041751158123,5.178317550554814e-20,126.87934512058754,0.12003295809335998,0.0747279044292479,0.21100161832008557,0.12753579372982599,16.513059145140655,0.047699925889696175,5.398123823594361e-11,113.62487862580335,0.694,0.0024335602249186154,0.0,0.0,0.016868896123113347,16.513059145140655,0.047699925889696175,5.398123823594361e-11,113.62487862580335
2000-03-18 00:00:00+00:00,inference-2026-08-20T16-49-50Z-2025-06-06,timeseries.json,6276.0,2583829.962722908,2952.685835745842,2528.3054430787065,3408.7130345198425,0.6293992088431533,0.5417106260112091,0.7253639031058674,0.9488192725953514,0.8131847164114016,1.0963361089722414,0.17448750042931224,0.029326976000129484,0.40686183724439196,0.18197229631564835,2377.6205518712504,3.916153055073738,6.983795946487638e-41,6274.732820651568,0.43,0.3788100701083493,0.0007170172084130018,0.0,0.9998406628425749,2377.6205518712504,3.916153055073738,6.983795946487638e-41,6274.732820651568,0.12887280705878146,0.035607478681888176,0.38035062764382205,0.13609885439853342,791.211072166698,0.3254877187101194,1.2603919134534473e-15,6270.6282063503095,0.533,0.12611998087954113,0.0,0.0,0.9993626513702996,791.211072166698,0.3254877187101194,1.2603919134534473e-15,6270.6282063503095,0.13370503363630082,0.023977055709291643,0.37040920208095657,0.1408071353717034,957.8775051508767,0.03865058790741845,1.1541049919152256e-22,6272.368206964298,0.618,0.15262460165710645,0.0,0.0,0.9993626513702996,957.8775051508767,0.03865058790741845,1.1541049919152256e-22,6272.368206964298,0.15677943872525354,0.011011724342113137,0.40515303787786394,0.16497781849690807,1840.817911388715,0.032403623300672424,7.146921093637544e-51,6274.938123909624,0.585,0.2933014659018483,0.0,0.0,0.9998406628425749,1840.817911388715,0.032403623300672424,7.146921093637544e-51,6274.938123909624,0.08304674904813689,0.013522600788798163,0.22345261077886178,0.0892191211215947,307.29741450014023,0.00010870833142437341,4.616730047845204e-33,252.75072123524694,0.849,0.048959528362014025,0.0,0.0,0.04057520713827094,307.29741450014023,0.00010870833142437341,4.616730047845204e-33,252.75072123524694,0.06085896779019118,0.007398687486848865,0.15983606370633638,0.06489266643253112,0.28662947479017586,2.977201406565995e-08,2.3804498642115962e-70,1.488486395785228,0.907,4.541108986615679e-05,0.0,0.0,0.00031867431485022306,0.28662947479017586,2.977201406565995e-08,2.3804498642115962e-70,1.488486395785228,0.0910358178140152,0.013961862876157841,0.20438845013168142,0.09449631413325485,0.3172373348681191,0.0005579208500250466,2.877389335229715e-30,1.8658877912257046,0.866,4.7641810070108344e-05,0.0,0.0,0.00031867431485022306,0.3172373348681191,0.0005579208500250466,2.877389335229715e-30,1.8658877912257046,0.12003295809335998,0.0747279044292479,0.21100161832008557,0.12753579372982599,0.5716781126569911,0.011220511151633058,2.6148988498502353e-11,3.174814956383291,0.779,9.13001912045889e-05,0.0,0.0,0.0004780114722753346,0.5716781126569911,0.011220511151633058,2.6148988498502353e-11,3.174814956383291
2000-03-19 00:00:00+00:00,inference-2026-08-20T16-49-50Z-2025-06-06,timeseries.json,126.0,2583829.962722908,2952.685835745842,2528.3054430787065,3408.7130345198425,0.6293992088431533,0.5417106260112091,0.7253639031058674,0.9488192725953514,0.8131847164114016,1.0963361089722414,0.17448750042931224,0.029326976000129484,0.40686183724439196,0.18197229631564835,10.266489825601655,1.670099541251437,1.4389890087832974e-30,61.20712244145283,0.469,0.08133333333333331,0.007936507936507936,0.0,0.5158730158730159,10.266489825601655,1.670099541251437,1.4389890087832974e-30,61.20712244145283,0.12887280705878146,0.035607478681888176,0.38035062764382205,0.13609885439853342,11.279873149464375,0.14821289484129485,2.9634246464344315e-16,69.50514379194335,0.557,0.0905952380952381,0.0,0.0,0.5642857142857136,11.279873149464375,0.14821289484129485,2.9634246464344315e-16,69.50514379194335,0.13370503363630082,0.023977055709291643,0.37040920208095657,0.1408071353717034,8.564923906990133,0.4652761506034949,1.3566155566020964e-18,47.918380488673776,0.511,0.06817460317460318,0.0,0.0,0.37341269841269803,8.564923906990133,0.4652761506034949,1.3566155566020964e-18,47.918380488673776,0.15677943872525354,0.011011724342113137,0.40515303787786394,0.16497781849690807,14.33591918946525,2.9524389119075414,1.5004988084030355e-38,69.83892574930528,0.435,0.11426190476190476,0.023809523809523808,0.0,0.5714285714285714,14.33591918946525,2.9524389119075414,1.5004988084030355e-38,69.83892574930528,0.08304674904813689,0.013522600788798163,0.22345261077886178,0.0892191211215947,27.766250349494953,9.362099382951733,1.305412390450639e-22,104.71925254227077,0.383,0.21998412698412698,0.07142857142857142,0.0,0.8337301587301584,27.766250349494953,9.362099382951733,1.305412390450639e-22,104.71925254227077,0.06085896779019118,0.007398687486848865,0.15983606370633638,0.06489266643253112,7.759384104299723,7.026767424988408e-05,1.0538787104072934e-56,58.439159407607875,0.735,0.06080952380952381,0.0,0.0,0.4527777777777774,7.759384104299723,7.026767424988408e-05,1.0538787104072934e-56,58.439159407607875,0.0910358178140152,0.013961862876157841,0.20438845013168142,0.09449631413325485,13.470844471981916,0.005212260598986014,9.473556957243412e-29,87.85004610443346,0.649,0.10696031746031745,0.0,0.0,0.7146825396825394,13.470844471981916,0.005212260598986014,9.473556957243412e-29,87.85004610443346,0.12003295809335998,0.0747279044292479,0.21100161832008557,0.12753579372982599,32.55631500270201,2.87373380704308,5.992034284514206e-08,108.59710342948068,0.431,0.25788095238095243,0.023809523809523808,0.0,0.8575396825396822,32.55631500270201,2.87373380704308,5.992034284514206e-08,108.59710342948068
2000-03-20 00:00:00+00:00,inference-2026-08-20T16-49-50Z-2025-06-06,timeseries.json,184.0,2583829.962722908,2952.685835745842,2528.3054430787065,3408.7130345198425,0.6293992088431533,0.5417106260112091,0.7253639031058674,0.9488192725953514,0.8131847164114016,1.0963361089722414,0.17448750042931224,0.029326976000129484,0.40686183724439196,0.18197229631564835,54.65352910173466,2.647185179425007,3.863861703676681e-35,169.51055281484417,0.441,0.29666847826086956,0.016304347826086956,0.0,0.9239130434782609,54.65352910173466,2.647185179425007,3.863861703676681e-35,169.51055281484417,0.12887280705878146,0.035607478681888176,0.38035062764382205,0.13609885439853342,33.80920145602509,1.968745683534332,2.791914045646178e-14,167.66127930564514,0.446,0.18340760869565217,0.010869565217391304,0.0,0.907608695652174,33.80920145602509,1.968745683534332,2.791914045646178e-14,167.66127930564514,0.13370503363630082,0.023977055709291643,0.37040920208095657,0.1408071353717034,33.89560654371814,1.4325289758091226,1.8187247419513227e-23,167.86436869473866,0.471,0.18439130434782608,0.005434782608695652,0.0,0.9130434782608695,33.89560654371814,1.4325289758091226,1.8187247419513227e-23,167.86436869473866,0.15677943872525354,0.011011724342113137,0.40515303787786394,0.16497781849690807,46.42505277366996,1.230118059827725,4.310540689130308e-29,169.23249315020269,0.48,0.2527445652173913,0.005434782608695652,0.0,0.9239130434782609,46.42505277366996,1.230118059827725,4.310540689130308e-29,169.23249315020269,0.08304674904813689,0.013522600788798163,0.22345261077886178,0.0892191211215947,6.342561204008637,0.00020449624440846095,5.664400013800904e-45,15.729387379307095,0.75,0.034407608695652174,0.0,0.0,0.08695652173913043,6.342561204008637,0.00020449624440846095,5.664400013800904e-45,15.729387379307095,0.06085896779019118,0.007398687486848865,0.15983606370633638,0.06489266643253112,2.4345047426357436,0.0037501845435622587,2.1772067793006007e-103,14.089588389348945,0.679,0.013222826086956522,0.0,0.0,0.07608695652173914,2.4345047426357436,0.0037501845435622587,2.1772067793006007e-103,14.089588389348945,0.0910358178140152,0.013961862876157841,0.20438845013168142,0.09449631413325485,2.5227408371275595,0.03148096390983632,1.1773771368259051e-23,13.678262036000836,0.641,0.013755434782608695,0.0,0.0,0.07608695652173914,2.5227408371275595,0.03148096390983632,1.1773771368259051e-23,13.678262036000836,0.12003295809335998,0.0747279044292479,0.21100161832008557,0.12753579372982599,3.9168033410802336,0.35408019258217166,3.3598789766869925e-09,15.11761902160442,0.536,0.021402173913043478,0.0,0.0,0.08695652173913043,3.9168033410802336,0.35408019258217166,3.3598789766869925e-09,15.11761902160442
2000-03-21 00:00:00+00:00,inference-2026-08-20T16-49-50Z-2025-06-06,timeseries.json,128.0,2583829.962722908,2952.685835745842,2528.3054430787065,3408.7130345198425,0.6293992088431533,0.5417106260112091,0.7253639031058674,0.9488192725953514,0.8131847164114016,1.0963361089722414,0.17448750042931224,0.029326976000129484,0.40686183724439196,0.18197229631564835,7.4192855689119295,1.6088320018088043,6.341967601406883e-26,28.793724540911214,0.457,0.057296875,0.0078125,0.0,0.265625,7.4192855689119295,1.6088320018088043,6.341967601406883e-26,28.793724540911214,0.12887280705878146,0.035607478681888176,0.38035062764382205,0.13609885439853342,9.131828636471685,0.2782489847580977,8.541989277105714e-15,62.915972064891655,0.551,0.0713515625,0.0,0.0,0.5003906249999996,9.131828636471685,0.2782489847580977,8.541989277105714e-15,62.915972064891655,0.13370503363630082,0.023977055709291643,0.37040920208095657,0.1408071353717034,16.614626738906473,0.2644003870209697,6.290879682086614e-23,113.20354388290333,0.529,0.130078125,0.0,0.0,0.8910156249999996,16.614626738906473,0.2644003870209697,6.290879682086614e-23,113.20354388290333,0.15677943872525354,0.011011724342113137,0.40515303787786394,0.16497781849690807,7.565294683877396,0.26878102191947356,1.5699236124544022e-43,34.50364128686201,0.524,0.05909375,0.0,0.0,0.26601562499999964,7.565294683877396,0.26878102191947356,1.5699236124544022e-43,34.50364128686201,0.08304674904813689,0.013522600788798163,0.22345261077886178,0.0892191211215947,16.792848275989574,0.005039824936615039,4.13343411797773e-33,109.09197759738329,0.624,0.1314765625,0.0,0.0,0.8515625,16.792848275989574,0.005039824936615039,4.13343411797773e-33,109.09197759738329,0.06085896779019118,0.007398687486848865,0.15983606370633638,0.06489266643253112,9.111216439891644,0.0001268055941098426,4.9979775446384236e-59,72.60103342873782,0.742,0.071234375,0.0,0.0,0.5625,9.111216439891644,0.0001268055941098426,4.9979775446384236e-59,72.60103342873782,0.0910358178140152,0.013961862876157841,0.20438845013168142,0.09449631413325485,20.784977764412126,0.02076651743147007,1.1741113422619538e-27,113.33629021132207,0.597,0.1624453125,0.0,0.0,0.8753906249999996,20.784977764412126,0.02076651743147007,1.1741113422619538e-27,113.33629021132207,0.12003295809335998,0.0747279044292479,0.21100161832008557,0.12753579372982599,40.5799218915392,15.9585970268364,1.9155286210095946e-09,117.54712716354275,0.318,0.3170234375,0.125,0.0,0.921875,40.5799218915392,15.9585970268364,1.9155286210095946e-09,117.54712716354275
2000-03-22 00:00:00+00:00,inference-2026-08-20T16-49-50Z-2025-06-06,timeseries.json,4373.0,2583829.962722908,2952.685835745842,2528.3054430787065,3408.7130345198425,0.6293992088431533,0.5417106260112091,0.7253639031058674,0.9488192725953514,0.8131847164114016,1.0963361089722414,0.17448750042931224,0.029326976000129484,0.40686183724439196,0.18197229631564835,407.7032497900464,88.34210909482361,6.598993403009269e-27,1705.4209940978376,0.299,0.0932750971872856,0.02138120283558198,0.0,0.3893093985822089,407.7032497900464,88.34210909482361,6.598993403009269e-27,1705.4209940978376,0.12887280705878146,0.035607478681888176,0.38035062764382205,0.13609885439853342,511.47739207763885,187.0219341911264,8.826660552554038e-12,1810.7772384595878,0.294,0.11692956780242396,0.0431054196203979,0.0,0.4143722844729019,511.47739207763885,187.0219341911264,8.826660552554038e-12,1810.7772384595878,0.13370503363630082,0.023977055709291643,0.37040920208095657,0.1408071353717034,378.28843755579913,37.84083917071729,3.129541114222342e-19,1742.3873341710641,0.38,0.08650034301394924,0.008117996798536475,0.0,0.39652412531442943,378.28843755579913,37.84083917071729,3.129541114222342e-19,1742.3873341710641,0.15677943872525354,0.011011724342113137,0.40515303787786394,0.16497781849690807,597.4336561415187,478.4411009053898,1.4212461418857566e-36,1976.31659553449,0.302,0.1365001143379831,0.10873542190715756,0.0,0.45120054882231875,597.4336561415187,478.4411009053898,1.4212461418857566e-36,1976.31659553449,0.08304674904813689,0.013522600788798163,0.22345261077886178,0.0892191211215947,787.1072028130624,672.4187987353632,1.2078883729309675e-21,2020.3101834357585,0.22,0.18023485021724217,0.15344157329064717,0.0,0.4608621083924079,787.1072028130624,672.4187987353632,1.2078883729309675e-21,2020.3101834357585,0.06085896779019118,0.007398687486848865,0.15983606370633638,0.06489266643253112,279.0807557410621,0.22892952581082157,2.432883539358586e-42,1525.379578502472,0.528,0.0637502858449577,0.0,0.0,0.3463297507431968,279.0807557410621,0.22892952581082157,2.432883539358586e-42,1525.379578502472,0.0910358178140152,0.013961862876157841,0.20438845013168142,0.09449631413325485,553.5974428470736,12.54625975074692,1.9952702349652066e-39,2249.5339647643596,0.403,0.12641550423050535,0.0029727875600274413,0.0,0.5173450720329292,553.5974428470736,12.54625975074692,1.9952702349652066e-39,2249.5339647643596,0.12003295809335998,0.0747279044292479,0.21100161832008557,0.12753579372982599,858.3118630338008,158.93844697049255,9.996166455729964e-09,3191.0572672219873,0.286,0.19639423736565287,0.03567345072032929,0.0,0.7321632746398351,858.3118630338008,158.93844697049255,9.996166455729964e-09,3191.0572672219873
2000-03-23 00:00:00+00:00,inference-2026-08-20T16-49-50Z-2025-06-06,timeseries.json,9826.0,2583829.962722908,2952.685835745842,2528.3054430787065,3408.7130345198425,0.6293992088431533,0.5417106260112091,0.7253639031058674,0.9488192725953514,0.8131847164114016,1.0963361089722414,0.17448750042931224,0.029326976000129484,0.40686183724439196,0.18197229631564835,3060.75758023486,1252.5563858591922,1.0177461131463789e-29,8458.175060345846,0.326,0.31164502340728684,0.12527986973336047,0.0,0.8622939141054345,3060.75758023486,1252.5563858591922,1.0177461131463789e-29,8458.175060345846,0.12887280705878146,0.035607478681888176,0.38035062764382205,0.13609885439853342,2024.1281861300506,1164.841778980247,8.739889860952787e-11,8711.718916526048,0.267,0.20578699369020967,0.11449216364746591,0.0,0.8829991858335027,2024.1281861300506,1164.841778980247,8.739889860952787e-11,8711.718916526048,0.13370503363630082,0.023977055709291643,0.37040920208095657,0.1408071353717034,1872.6378768615439,4.269633924360628,4.412679751271956e-31,9770.849494997272,0.444,0.19066212090372484,0.0004070832485243232,0.0,0.9942041522491349,1872.6378768615439,4.269633924360628,4.412679751271956e-31,9770.849494997272,0.15677943872525354,0.011011724342113137,0.40515303787786394,0.16497781849690807,2427.19542753598,2.6922930296068746,2.1290027221701516e-42,8430.83255751338,0.463,0.24702920822308164,0.0003053124363932424,0.0,0.8578923264807652,2427.19542753598,2.6922930296068746,2.1290027221701516e-42,8430.83255751338,0.08304674904813689,0.013522600788798163,0.22345261077886178,0.0892191211215947,431.6854767062204,0.00419988994164929,7.874328066232544e-28,252.80724728661025,0.71,0.04390230002035416,0.0,0.0,0.026267046611012323,431.6854767062204,0.00419988994164929,7.874328066232544e-28,252.80724728661025,0.06085896779019118,0.007398687486848865,0.15983606370633638,0.06489266643253112,2.203893594739027,7.841935354068201e-05,1.83054150183139e-99,13.925134685589134,0.769,0.00022399755750050884,0.0,0.0,0.001526562181966212,2.203893594739027,7.841935354068201e-05,1.83054150183139e-99,13.925134685589134,0.0910358178140152,0.013961862876157841,0.20438845013168142,0.09449631413325485,2.543722525878471,0.00813656176579835,1.3350047861977644e-28,15.740221410163919,0.726,0.0002611439039283533,0.0,0.0,0.0017301038062283738,2.543722525878471,0.00813656176579835,1.3350047861977644e-28,15.740221410163919,0.12003295809335998,0.0747279044292479,0.21100161832008557,0.12753579372982599,4.847836410717674,0.2554820715483189,1.0887646908805879e-10,24.4223774209698,0.568,0.0004892122939141054,0.0,0.0,0.0024424994911459393,4.847836410717674,0.2554820715483189,1.0887646908805879e-10,24.4223774209698
2000-03-24 00:00:00+00:00,inference-2026-08-20T16-49-50Z-2025-06-06,timeseries.json,8819.0,2583829.962722908,2952.685835745842,2528.3054430787065,3408.7130345198425,0.6293992088431533,0.5417106260112091,0.7253639031058674,0.9488192725953514,0.8131847164114016,1.0963361089722414,0.17448750042931224,0.029326976000129484,0.40686183724439196,0.18197229631564835,2391.751146963161,1666.7079749739748,5.7314943864894496e-30,8500.526950150646,0.267,0.271165098083683,0.19066787617643724,0.0,0.9655629890010204,2391.751146963161,1666.7079749739748,5.7314943864894496e-30,8500.526950150646,0.12887280705878146,0.035607478681888176,0.38035062764382205,0.13609885439853342,2711.1290804605696,296.34172317513264,6.659078249802798e-09,8025.507109508701,0.163,0.3074708016781948,0.034130853838303665,0.0,0.9119174509581586,2711.1290804605696,296.34172317513264,6.659078249802798e-09,8025.507109508701,0.13370503363630082,0.023977055709291643,0.37040920208095657,0.1408071353717034,2361.3119688247893,45.38783043477848,1.5227736994976402e-19,8562.21453896463,0.345,0.2677693616056242,0.005102619344596893,0.0,0.9718335412178251,2361.3119688247893,45.38783043477848,1.5227736994976402e-19,8562.21453896463,0.15677943872525354,0.011011724342113137,0.40515303787786394,0.16497781849690807,1129.061879379802,166.00064412962712,2.0967490649137782e-33,5228.428884146853,0.316,0.12806633405147977,0.018596212722530897,0.0,0.5939165438258306,1129.061879379802,166.00064412962712,2.0967490649137782e-33,5228.428884146853,0.08304674904813689,0.013522600788798163,0.22345261077886178,0.0892191211215947,135.4378935442816,0.022825497246816127,2.595908779759766e-41,261.6841847510247,0.598,0.015344937067694749,0.0,0.0,0.029617870506860166,135.4378935442816,0.022825497246816127,2.595908779759766e-41,261.6841847510247,0.06085896779019118,0.007398687486848865,0.15983606370633638,0.06489266643253112,31.49472916847843,0.00025265105967815397,6.734964346684378e-106,202.00609607152558,0.686,0.00357013266810296,0.0,0.0,0.02268397777525796,31.49472916847843,0.00025265105967815397,6.734964346684378e-106,202.00609607152558,0.0910358178140152,0.013961862876157841,0.20438845013168142,0.09449631413325485,21.538866946938274,0.08123287550074167,1.9953934817257203e-28,141.5976384531286,0.58,0.0024173942623880256,0.0,0.0,0.015551649846921404,21.538866946938274,0.08123287550074167,1.9953934817257203e-28,141.5976384531286,0.12003295809335998,0.0747279044292479,0.21100161832008557,0.12753579372982599,37.27443471197932,1.7646374489254888,4.477008042711499e-09,230.578113054537,0.454,0.004195940582832521,0.00022678308198208414,0.0,0.025399705181993422,37.27443471197932,1.7646374489254888,4.477008042711499e-09,230.578113054537
2000-03-25 00:00:00+00:00,inference-2026-08-20T16-49-50Z-2025-06-06,timeseries.json,5267.0,2583829.962722908,2952.685835745842,2528.3054430787065,3408.7130345198425,0.6293992088431533,0.5417106260112091,0.7253639031058674,0.9488192725953514,0.8131847164114016,1.0963361089722414,0.17448750042931224,0.029326976000129484,0.40686183724439196,0.18197229631564835,1463.154307285717,361.26084542060573,8.977418876290405e-27,4369.7074832162225,0.226,0.27794095310423395,0.06891968862730208,0.0,0.8298936776153407,1463.154307285717,361.26084542060573,8.977418876290405e-27,4369.7074832162225,0.12887280705878146,0.035607478681888176,0.38035062764382205,0.13609885439853342,1189.9891982571382,480.0829120807528,2.761573619078218e-15,4275.346440885193,0.256,0.22593829504461743,0.0912284032656161,0.0,0.8128061515093981,1189.9891982571382,480.0829120807528,2.761573619078218e-15,4275.346440885193,0.13370503363630082,0.023977055709291643,0.37040920208095657,0.1408071353717034,905.8975986764686,95.21520679718454,3.416054698658789e-30,4339.4005493087725,0.376,0.17191741029048796,0.017562179608885516,0.0,0.8238086197076134,905.8975986764686,95.21520679718454,3.416054698658789e-30,4339.4005493087725,0.15677943872525354,0.011011724342113137,0.40515303787786394,0.16497781849690807,1137.9539616041538,356.1515869252575,1.181597558439216e-37,4368.498771669459,0.319,0.21597626732485287,0.06797038162141636,0.0,0.8296943231441049,1137.9539616041538,356.1515869252575,1.181597558439216e-37,4368.498771669459,0.08304674904813689,0.013522600788798163,0.22345261077886178,0.0892191211215947,147.09218297908865,0.43435177706181527,4.7967681006006355e-109,569.3598547386714,0.505,0.02792158724131384,0.0,0.0,0.10845832542244158,147.09218297908865,0.43435177706181527,4.7967681006006355e-109,569.3598547386714,0.06085896779019118,0.007398687486848865,0.15983606370633638,0.06489266643253112,76.56840506622638,0.0003566360904545383,1.3018445536716847e-76,477.3599839429076,0.649,0.014566166698310233,0.0,0.0,0.09132333396620466,76.56840506622638,0.0003566360904545383,1.3018445536716847e-76,477.3599839429076,0.0910358178140152,0.013961862876157841,0.20438845013168142,0.09449631413325485,124.07858346717396,0.2610140345446684,1.0997876673191681e-40,526.2602081510688,0.518,0.023544142775773685,0.0,0.0,0.09987659008923484,124.07858346717396,0.2610140345446684,1.0997876673191681e-40,526.2602081510688,0.12003295809335998,0.0747279044292479,0.21100161832008557,0.12753579372982599,222.2657626640308,101.74022787281828,2.9618370379415776e-08,594.4826980455987,0.301,0.042195177520410104,0.020694892728308337,0.0,0.11354661097398898,222.2657626640308,101.74022787281828,2.9618370379415776e-08,594.4826980455987
2000-03-26 00:00:00+00:00,inference-2026-08-20T16-49-50Z-2025-06-06,timeseries.json,208.0,2583829.962722908,2952.685835745842,2528.3054430787065,3408.7130345198425,0.6293992088431533,0.5417106260112091,0.7253639031058674,0.9488192725953514,0.8131847164114016,1.0963361089722414,0.17448750042931224,0.029326976000129484,0.40686183724439196,0.18197229631564835,10.703950946179681,2.488621066306674,4.6561309113347226e-20,50.21324020602485,0.434,0.05150480769230769,0.014423076923076924,0.0,0.23100961538461517,10.703950946179681,2.488621066306674,4.6561309113347226e-20,50.21324020602485,0.12887280705878146,0.035607478681888176,0.38035062764382205,0.13609885439853342,22.89818996817171,4.606170609707264,2.3738930035011893e-09,113.54988459814501,0.382,0.11041346153846154,0.02403846153846154,0.0,0.5483173076923076,22.89818996817171,4.606170609707264,2.3738930035011893e-09,113.54988459814501,0.13370503363630082,0.023977055709291643,0.37040920208095657,0.1408071353717034,30.96914490514585,1.6113183038939967,1.1025765285667748e-23,177.6686093096122,0.459,0.14841346153846155,0.004807692307692308,0.0,0.8557692307692307,30.96914490514585,1.6113183038939967,1.1025765285667748e-23,177.6686093096122,0.15677943872525354,0.011011724342113137,0.40515303787786394,0.16497781849690807,18.459883402420797,1.1940090178997542,1.0784081527318534e-34,99.08194623182932,0.469,0.08911057692307692,0.004807692307692308,0.0,0.46225961538461474,18.459883402420797,1.1940090178997542,1.0784081527318534e-34,99.08194623182932,0.08304674904813689,0.013522600788798163,0.22345261077886178,0.0892191211215947,19.671336341194344,0.004270653391098033,5.324431150124015e-53,115.95646350276029,0.625,0.09411538461538461,0.0,0.0,0.5483173076923076,19.671336341194344,0.004270653391098033,5.324431150124015e-53,115.95646350276029,0.06085896779019118,0.007398687486848865,0.15983606370633638,0.06489266643253112,19.379090223594773,0.0004001355554959973,2.9672624758995163e-70,136.51949593957505,0.665,0.09389423076923077,0.0,0.0,0.6442307692307693,19.379090223594773,0.0004001355554959973,2.9672624758995163e-70,136.51949593957505,0.0910358178140152,0.013961862876157841,0.20438845013168142,0.09449631413325485,45.05698015538727,2.6718368235876735,3.159153553085905e-26,184.06522512009406,0.453,0.2166298076923077,0.014423076923076924,0.0,0.8798076923076923,45.05698015538727,2.6718368235876735,3.159153553085905e-26,184.06522512009406,0.12003295809335998,0.0747279044292479,0.21100161832008557,0.12753579372982599,40.86142405790546,5.205499416802489,1.9451015317322587e-09,171.5178291770299,0.396,0.19591826923076922,0.02403846153846154,0.0,0.8274038461538457,40.86142405790546,5.205499416802489,1.9451015317322587e-09,171.5178291770299
2000-03-27 00:00:00+00:00,inference-2026-08-20T16-49-50Z-2025-06-06,timeseries.json,302.0,2583829.962722908,2952.685835745842,2528.3054430787065,3408.7130345198425,0.6293992088431533,0.5417106260112091,0.7253639031058674,0.9488192725953514,0.8131847164114016,1.0963361089722414,0.17448750042931224,0.029326976000129484,0.40686183724439196,0.18197229631564835,22.5477452898575,4.494890559667982,1.2065912800875694e-54,61.79462156208184,0.411,0.07471192052980132,0.016556291390728478,0.0,0.20860927152317882,22.5477452898575,4.494890559667982,1.2065912800875694e-54,61.79462156208184,0.12887280705878146,0.035607478681888176,0.38035062764382205,0.13609885439853342,25.843400748259086,0.5599369624634256,4.0119332979898065e-16,174.02937111658764,0.511,0.08561589403973512,0.0,0.0,0.5372516556291352,25.843400748259086,0.5599369624634256,4.0119332979898065e-16,174.02937111658764,0.13370503363630082,0.023977055709291643,0.37040920208095657,0.1408071353717034,47.59696909316931,1.787639235674134,2.3133733948056138e-23,238.7795543747749,0.475,0.15769205298013245,0.006622516556291391,0.0,0.7880794701986755,47.59696909316931,1.787639235674134,2.3133733948056138e-23,238.7795543747749,0.15677943872525354,0.011011724342113137,0.40515303787786394,0.16497781849690807,21.169014800530448,0.23270066292250238,3.369286198395833e-26,62.24744988898322,0.529,0.06999337748344371,0.0,0.0,0.2119205298013245,21.169014800530448,0.23270066292250238,3.369286198395833e-26,62.24744988898322,0.08304674904813689,0.013522600788798163,0.22345261077886178,0.0892191211215947,31.66597793077314,0.012190641352167518,2.3868092607381663e-51,230.34416085147598,0.613,0.10520198675496686,0.0,0.0,0.7615894039735099,31.66597793077314,0.012190641352167518,2.3868092607381663e-51,230.34416085147598,0.06085896779019118,0.007398687486848865,0.15983606370633638,0.06489266643253112,23.58437862917112,5.670542649814211e-06,9.040113079487641e-72,213.8862337132567,0.735,0.07759602649006622,0.0,0.0,0.7052980132450332,23.58437862917112,5.670542649814211e-06,9.040113079487641e-72,213.8862337132567,0.0910358178140152,0.013961862876157841,0.20438845013168142,0.09449631413325485,71.6989987451272,0.2008728462823246,3.383468500440504e-40,240.2445251752117,0.523,0.2371291390728477,0.0,0.0,0.7980132450331126,71.6989987451272,0.2008728462823246,3.383468500440504e-40,240.2445251752117,0.12003295809335998,0.0747279044292479,0.21100161832008557,0.12753579372982599,57.893514763112115,2.7874414120414372,4.435494672606209e-08,240.95028186179,0.425,0.1920596026490066,0.006622516556291391,0.0,0.7980132450331126,57.893514763112115,2.7874414120414372,4.435494672606209e-08,240.95028186179
2000-03-28 00:00:00+00:00,inference-2026-08-20T16-49-50Z-2025-06-06,timeseries.json,215.0,2583829.962722908,2952.685835745842,2528.3054430787065,3408.7130345198425,0.6293992088431533,0.5417106260112091,0.7253639031058674,0.9488192725953514,0.8131847164114016,1.0963361089722414,0.17448750042931224,0.029326976000129484,0.40686183724439196,0.18197229631564835,13.70391425211723,0.11133411746235164,4.523158473177193e-39,117.2303362576718,0.62,0.06429302325581396,0.0,0.0,0.5720930232558139,13.70391425211723,0.11133411746235164,4.523158473177193e-39,117.2303362576718,0.12887280705878146,0.035607478681888176,0.38035062764382205,0.13609885439853342,30.18735321019219,0.14711019390483285,4.152013413874003e-16,158.03334433192836,0.571,0.13981395348837208,0.0,0.0,0.7260465116279066,30.18735321019219,0.14711019390483285,4.152013413874003e-16,158.03334433192836,0.13370503363630082,0.023977055709291643,0.37040920208095657,0.1408071353717034,19.381481439743457,0.09216943803284453,1.9015115312626582e-23,112.94139450002186,0.608,0.0896046511627907,0.0,0.0,0.5258139534883719,19.381481439743457,0.09216943803284453,1.9015115312626582e-23,112.94139450002186,0.15677943872525354,0.011011724342113137,0.40515303787786394,0.16497781849690807,27.291957717667774,0.3547962267680477,8.858196647313282e-46,138.18151824589052,0.552,0.12745116279069768,0.0,0.0,0.6423255813953483,27.291957717667774,0.3547962267680477,8.858196647313282e-46,138.18151824589052,0.08304674904813689,0.013522600788798163,0.22345261077886178,0.0892191211215947,24.812195485691547,0.3984001408890201,3.6156085765319984e-52,117.21296257853781,0.521,0.11597209302325583,0.0,0.0,0.539767441860465,24.812195485691547,0.3984001408890201,3.6156085765319984e-52,117.21296257853781,0.06085896779019118,0.007398687486848865,0.15983606370633638,0.06489266643253112,21.697910387325777,3.215661181598822e-05,2.5478342897350263e-80,124.55173096930548,0.7,0.10125581395348837,0.0,0.0,0.5818604651162786,21.697910387325777,3.215661181598822e-05,2.5478342897350263e-80,124.55173096930548,0.0910358178140152,0.013961862876157841,0.20438845013168142,0.09449631413325485,33.8853831475865,0.836883493055518,1.354938756740111e-25,128.1743346776617,0.487,0.15733488372093024,0.004651162790697674,0.0,0.5865116279069763,33.8853831475865,0.836883493055518,1.354938756740111e-25,128.1743346776617,0.12003295809335998,0.0747279044292479,0.21100161832008557,0.12753579372982599,44.03980435967551,6.536270441550721,8.275923620949295e-09,158.32275275547872,0.379,0.20427441860465118,0.03255813953488372,0.0,0.7402325581395343,44.03980435967551,6.536270441550721,8.275923620949295e-09,158.32275275547872
2000-03-29 00:00:00+00:00,inference-2026-08-20T16-49-50Z-2025-06-06,timeseries.json,629.0,2583829.962722908,2952.685835745842,2528.3054430787065,3408.7130345198425,0.6293992088431533,0.5417106260112091,0.7253639031058674,0.9488192725953514,0.8131847164114016,1.0963361089722414,0.17448750042931224,0.029326976000129484,0.40686183724439196,0.18197229631564835,31.490262152373425,7.372962536044541,5.327764539722747e-53,184.86226427671886,0.391,0.05012718600953894,0.012718600953895072,0.0,0.28942766295707467,31.490262152373425,7.372962536044541,5.327764539722747e-53,184.86226427671886,0.12887280705878146,0.035607478681888176,0.38035062764382205,0.13609885439853342,43.83722160888047,5.745680277698862,2.0902873105335425e-12,213.82945878393522,0.404,0.06991891891891892,0.011128775834658187,0.0,0.3449920508744038,43.83722160888047,5.745680277698862,2.0902873105335425e-12,213.82945878393522,0.13370503363630082,0.023977055709291643,0.37040920208095657,0.1408071353717034,86.08079546481616,3.6824119751879376,3.007702831086138e-20,477.61409864780626,0.424,0.13656120826709062,0.006359300476947536,0.0,0.7505564387917328,86.08079546481616,3.6824119751879376,3.007702831086138e-20,477.61409864780626,0.15677943872525354,0.011011724342113137,0.40515303787786394,0.16497781849690807,63.525232156821104,12.600074088162858,3.964604134347937e-44,324.88860282519175,0.412,0.10121144674085851,0.01987281399046105,0.0,0.524721780604132,63.525232156821104,12.600074088162858,3.964604134347937e-44,324.88860282519175,0.08304674904813689,0.013522600788798163,0.22345261077886178,0.0892191211215947,66.26446236381933,0.0922568693215137,2.4300184711420567e-37,383.677522662689,0.551,0.10486009538950715,0.0,0.0,0.6137519872813989,66.26446236381933,0.0922568693215137,2.4300184711420567e-37,383.677522662689,0.06085896779019118,0.007398687486848865,0.15983606370633638,0.06489266643253112,57.05006705944908,9.718530926281681e-05,1.2309221516129213e-106,401.06693907755124,0.659,0.09060254372019078,0.0,0.0,0.6406995230524642,57.05006705944908,9.718530926281681e-05,1.2309221516129213e-106,401.06693907755124,0.0910358178140152,0.013961862876157841,0.20438845013168142,0.09449631413325485,156.49792232256885,14.812885240829088,1.2331212315825186e-38,501.16066502918227,0.407,0.24919713831478538,0.022257551669316374,0.0,0.8029411764705882,156.49792232256885,14.812885240829088,1.2331212315825186e-38,501.16066502918227,0.12003295809335998,0.0747279044292479,0.21100161832008557,0.12753579372982599,124.25403687127117,11.878260651866217,8.604122615748541e-09,492.03781533131854,0.373,0.1975214626391097,0.019077901430842606,0.0,0.78060413354531,124.25403687127117,11.878260651866217,8.604122615748541e-09,492.03781533131854
2000-03-30 00:00:00+00:00,inference-2026-08-20T16-49-50Z-2025-06-06,timeseries.json,10934.0,2583829.962722908,2952.685835745842,2528.3054430787065,3408.7130345198425,0.6293992088431533,0.5417106260112091,0.7253639031058674,0.9488192725953514,0.8131847164114016,1.0963361089722414,0.17448750042931224,0.029326976000129484,0.40686183724439196,0.18197229631564835,3323.4189969987137,3357.214493012085,3.338791808928518e-34,8341.016255120563,0.253,0.3040305469178709,0.3053777208706786,0.0,0.7625480153649167,3323.4189969987137,3357.214493012085,3.338791808928518e-34,8341.016255120563,0.12887280705878146,0.035607478681888176,0.38035062764382205,0.13609885439853342,2797.2614205028626,2429.5117103883576,1.4277377627359485e-09,8889.120205758354,0.281,0.25575672215108836,0.220550576184379,0.0,0.8148298884214377,2797.2614205028626,2429.5117103883576,1.4277377627359485e-09,8889.120205758354,0.13370503363630082,0.023977055709291643,0.37040920208095657,0.1408071353717034,2085.665293636837,4.735956374495405,4.844630324697698e-26,8783.320743984987,0.447,0.19074748490945673,0.0003658313517468447,0.0,0.803804646058167,2085.665293636837,4.735956374495405,4.844630324697698e-26,8783.320743984987,0.15677943872525354,0.011011724342113137,0.40515303787786394,0.16497781849690807,2394.0366587569133,0.5486947528322178,5.796072152129547e-40,8119.42229528547,0.502,0.2189264678982989,0.0,0.0,0.7429165904518017,2394.0366587569133,0.5486947528322178,5.796072152129547e-40,8119.42229528547,0.08304674904813689,0.013522600788798163,0.22345261077886178,0.0892191211215947,319.36747455836246,0.0011344668334594252,3.71153293161792e-30,281.016007168178,0.71,0.029215566124016826,0.0,0.0,0.024730199378070365,319.36747455836246,0.0011344668334594252,3.71153293161792e-30,281.016007168178,0.06085896779019118,0.007398687486848865,0.15983606370633638,0.06489266643253112,3.521641699730425,3.6554280793498495e-05,1.4050889687841218e-80,24.3209625617024,0.73,0.00033336381927931224,0.0,0.0,0.002382476678251322,3.521641699730425,3.6554280793498495e-05,1.4050889687841218e-80,24.3209625617024,0.0910358178140152,0.013961862876157841,0.20438845013168142,0.09449631413325485,4.5756448781574175,0.0026914209264009264,3.1705449702676315e-37,28.515947514495288,0.687,0.0004212548015364916,0.0,0.0,0.002469361624291202,4.5756448781574175,0.0026914209264009264,3.1705449702676315e-37,28.515947514495288,0.12003295809335998,0.0747279044292479,0.21100161832008557,0.12753579372982599,6.152868968417794,0.31870230330059995,1.3521244729318963e-10,29.838613459156665,0.546,0.0005685933784525335,0.0,0.0,0.0030181086519114686,6.152868968417794,0.31870230330059995,1.3521244729318963e-10,29.838613459156665
2000-03-31 00:00:00+00:00,inference-2026-08-20T16-49-50Z-2025-06-06,timeseries.json,10915.0,2583829.962722908,2952.685835745842,2528.3054430787065,3408.7130345198425,0.6293992088431533,0.5417106260112091,0.7253639031058674,0.9488192725953514,0.8131847164114016,1.0963361089722414,0.17448750042931224,0.029326976000129484,0.40686183724439196,0.18197229631564835,3405.2677499436604,2963.3451192089915,6.889937823536396e-28,8584.88069641298,0.33,0.31194118185982594,0.27031607879065506,0.0,0.7863628034814475,3405.2677499436604,2963.3451192089915,6.889937823536396e-28,8584.88069641298,0.12887280705878146,0.035607478681888176,0.38035062764382205,0.13609885439853342,2595.0355128230917,2208.0592434980563,6.9013239144832905e-12,9029.5670091928,0.367,0.23774209803023363,0.20412276683463124,0.0,0.8273522675217589,2595.0355128230917,2208.0592434980563,6.9013239144832905e-12,9029.5670091928,0.13370503363630082,0.023977055709291643,0.37040920208095657,0.1408071353717034,2005.9688800414278,2.79416550946386,1.1652378211953727e-24,9280.082824294535,0.443,0.18379862574438846,0.00027485112230874945,0.0,0.8490884104443425,2005.9688800414278,2.79416550946386,1.1652378211953727e-24,9280.082824294535,0.15677943872525354,0.011011724342113137,0.40515303787786394,0.16497781849690807,2544.2497411356303,0.07364235111893744,9.046649941198599e-38,8648.277753073056,0.555,0.23312954649564818,0.0,0.0,0.7935639028859367,2544.2497411356303,0.07364235111893744,9.046649941198599e-38,8648.277753073056,0.08304674904813689,0.013522600788798163,0.22345261077886178,0.0892191211215947,360.3209187711104,0.0005095255241908235,4.795813419357383e-28,272.03013285291905,0.762,0.03300622995877233,0.0,0.0,0.02494732020153747,360.3209187711104,0.0005095255241908235,4.795813419357383e-28,272.03013285291905,0.06085896779019118,0.007398687486848865,0.15983606370633638,0.06489266643253112,0.9276445177710858,6.00307923619188e-05,1.0458505807010788e-76,5.34484350668701,0.835,8.447091158955567e-05,0.0,0.0,0.0005497022446174989,0.9276445177710858,6.00307923619188e-05,1.0458505807010788e-76,5.34484350668701,0.0910358178140152,0.013961862876157841,0.20438845013168142,0.09449631413325485,1.370038565148234,0.0012140458481068332,3.019935779348746e-39,8.224094963827136,0.753,0.0001265231333027943,0.0,0.0,0.0007329363261566652,1.370038565148234,0.0012140458481068332,3.019935779348746e-39,8.224094963827136,0.12003295809335998,0.0747279044292479,0.21100161832008557,0.12753579372982599,1.8595142021586692,0.03464484718467652,2.1514397990092578e-11,11.023212710905394,0.697,0.0001713238662391205,0.0,0.0,0.0010077874484654145,1.8595142021586692,0.03464484718467652,2.1514397990092578e-11,11.023212710905394
2000-04-01 00:00:00+00:00,inference-2026-08-20T16-49-50Z-2025-06-06,timeseries.json,8870.0,2583829.962722908,2952.685835745842,2528.3054430787065,3408.7130345198425,0.6293992088431533,0.5417106260112091,0.7253639031058674,0.9488192725953514,0.8131847164114016,1.0963361089722414,0.17448750042931224,0.029326976000129484,0.40686183724439196,0.18197229631564835,2855.6064135826127,1378.9495905722542,2.82366445623981e-27,7592.117255302752,0.318,0.32182502818489284,0.15496054114994362,0.0,0.8559751972942501,2855.6064135826127,1378.9495905722542,2.82366445623981e-27,7592.117255302752,0.12887280705878146,0.035607478681888176,0.38035062764382205,0.13609885439853342,1730.9848418768293,116.81291542135425,3.165491714858693e-13,7885.390889934065,0.363,0.19535569334836528,0.013923337091319054,0.0,0.886803833145434,1730.9848418768293,116.81291542135425,3.165491714858693e-13,7885.390889934065,0.13370503363630082,0.023977055709291643,0.37040920208095657,0.1408071353717034,1714.4919918978544,2.3661807358901767,1.6126893284200333e-20,8848.58148981291,0.468,0.19331386696730557,0.00022547914317925591,0.0,0.9975197294250282,1714.4919918978544,2.3661807358901767,1.6126893284200333e-20,8848.58148981291,0.15677943872525354,0.011011724342113137,0.40515303787786394,0.16497781849690807,2216.3912873947997,0.9045524581179025,1.8111347111193155e-33,8059.401862746713,0.481,0.24979278466741822,0.00011273957158962796,0.0,0.9128748590755352,2216.3912873947997,0.9045524581179025,1.8111347111193155e-33,8059.401862746713,0.08304674904813689,0.013522600788798163,0.22345261077886178,0.0892191211215947,347.1986491664189,0.00027074659540736576,3.33849007367058e-37,257.58689747823297,0.775,0.039113866967305524,0.0,0.0,0.028855693348343543,347.1986491664189,0.00027074659540736576,3.33849007367058e-37,257.58689747823297,0.06085896779019118,0.007398687486848865,0.15983606370633638,0.06489266643253112,1.4274668858313733,5.327471096759391e-06,2.4245483875880302e-79,10.266131442921345,0.806,0.0001653889515219842,0.0,0.0,0.0011330326944757557,1.4274668858313733,5.327471096759391e-06,2.4245483875880302e-79,10.266131442921345,0.0910358178140152,0.013961862876157841,0.20438845013168142,0.09449631413325485,1.797649157849654,0.0020497261254450996,4.072994407362508e-59,11.907328184145992,0.734,0.00019988726042841036,0.0,0.0,0.0013528748590755355,1.797649157849654,0.0020497261254450996,4.072994407362508e-59,11.907328184145992,0.12003295809335998,0.0747279044292479,0.21100161832008557,0.12753579372982599,2.1017000378084325,0.05254378925700083,1.801611093961907e-09,12.100761790987205,0.661,0.00023348365276211946,0.0,0.0,0.0013585118376550117,2.1017000378084325,0.05254378925700083,1.801611093961907e-09,12.100761790987205
2000-04-02 00:00:00+00:00,inference-2026-08-20T16-49-50Z-2025-06-06,timeseries.json,848.0,2583829.962722908,2952.685835745842,2528.3054430787065,3408.7130345198425,0.6293992088431533,0.5417106260112091,0.7253639031058674,0.9488192725953514,0.8131847164114016,1.0963361089722414,0.17448750042931224,0.029326976000129484,0.40686183724439196,0.18197229631564835,203.823741527812,12.606606261708489,1.0199308386296662e-22,829.2732649473306,0.373,0.24012264150943397,0.015330188679245283,0.0,0.9776533018867924,203.823741527812,12.606606261708489,1.0199308386296662e-22,829.2732649473306,0.12887280705878146,0.035607478681888176,0.38035062764382205,0.13609885439853342,290.89117495301207,13.90014912421589,9.59760127843266e-12,838.3881820110805,0.385,0.3431957547169811,0.014150943396226415,0.0,0.9893867924528302,290.89117495301207,13.90014912421589,9.59760127843266e-12,838.3881820110805,0.13370503363630082,0.023977055709291643,0.37040920208095657,0.1408071353717034,202.7903917716342,0.49982652486125895,1.2045907098876941e-24,844.180629193506,0.515,0.23931485849056605,0.0,0.0,0.9952830188679245,202.7903917716342,0.49982652486125895,1.2045907098876941e-24,844.180629193506,0.15677943872525354,0.011011724342113137,0.40515303787786394,0.16497781849690807,126.50156557384521,0.08551677025137774,7.139178710879551e-27,842.0647812198199,0.573,0.14888915094339622,0.0,0.0,0.9917452830188679,126.50156557384521,0.08551677025137774,7.139178710879551e-27,842.0647812198199,0.08304674904813689,0.013522600788798163,0.22345261077886178,0.0892191211215947,22.543665817055434,0.00014933766129503578,3.805566715255101e-46,6.358250710568954,0.795,0.026712264150943393,0.0,0.0,0.008254716981132075,22.543665817055434,0.00014933766129503578,3.805566715255101e-46,6.358250710568954,0.06085896779019118,0.007398687486848865,0.15983606370633638,0.06489266643253112,0.3070999710811544,8.552361035968535e-07,1.1605371716784925e-75,2.004720548222926,0.887,0.00038797169811320757,0.0,0.0,0.0023584905660377358,0.3070999710811544,8.552361035968535e-07,1.1605371716784925e-75,2.004720548222926,0.0910358178140152,0.013961862876157841,0.20438845013168142,0.09449631413325485,0.4982786813393132,0.0007188272547598852,1.8563180332092086e-29,3.1049843278194387,0.806,0.0005813679245283018,0.0,0.0,0.003537735849056604,0.4982786813393132,0.0007188272547598852,1.8563180332092086e-29,3.1049843278194387,0.12003295809335998,0.0747279044292479,0.21100161832008557,0.12753579372982599,0.6440817042201301,0.013765491573650937,1.0111899221716927e-10,3.4801565028080432,0.755,0.0007959905660377359,0.0,0.0,0.0047169811320754715,0.6440817042201301,0.013765491573650937,1.0111899221716927e-10,3.4801565028080432
2000-04-03 00:00:00+00:00,inference-2026-08-20T16-49-50Z-2025-06-06,timeseries.json,244.0,2583829.962722908,2952.685835745842,2528.3054430787065,3408.7130345198425,0.6293992088431533,0.5417106260112091,0.7253639031058674,0.9488192725953514,0.8131847164114016,1.0963361089722414,0.17448750042931224,0.029326976000129484,0.40686183724439196,0.18197229631564835,11.125798091605784,1.1131285604077683,8.37096471980964e-37,23.569804732134422,0.473,0.045868852459016396,0.004098360655737705,0.0,0.10245901639344263,11.125798091605784,1.1131285604077683,8.37096471980964e-37,23.569804732134422,0.12887280705878146,0.035607478681888176,0.38035062764382205,0.13609885439853342,6.854974492614377,0.3274015944377323,2.0898224053039853e-13,23.711184895591316,0.552,0.02801229508196721,0.0,0.0,0.10245901639344263,6.854974492614377,0.3274015944377323,2.0898224053039853e-13,23.711184895591316,0.13370503363630082,0.023977055709291643,0.37040920208095657,0.1408071353717034,21.51219221603308,0.28555804561739473,9.049797265255764e-23,198.35936734270302,0.534,0.08747950819672132,0.0,0.0,0.8034836065573768,21.51219221603308,0.28555804561739473,9.049797265255764e-23,198.35936734270302,0.15677943872525354,0.011011724342113137,0.40515303787786394,0.16497781849690807,7.07117871931917,0.17173159478751712,4.806476661733822e-41,23.658721161039065,0.546,0.02859016393442623,0.0,0.0,0.10245901639344263,7.07117871931917,0.17173159478751712,4.806476661733822e-41,23.658721161039065,0.08304674904813689,0.013522600788798163,0.22345261077886178,0.0892191211215947,84.92092527542206,29.53636511741042,6.468592774964897e-25,231.45123474524712,0.322,0.3490409836065574,0.11270491803278689,0.0,0.9549180327868853,84.92092527542206,29.53636511741042,6.468592774964897e-25,231.45123474524712,0.06085896779019118,0.007398687486848865,0.15983606370633638,0.06489266643253112,9.406631218529498,5.490420665569511e-05,1.0390233386059523e-46,71.53531948559781,0.76,0.03851229508196721,0.0,0.0,0.30799180327868797,9.406631218529498,5.490420665569511e-05,1.0390233386059523e-46,71.53531948559781,0.0910358178140152,0.013961862876157841,0.20438845013168142,0.09449631413325485,42.16547336230905,0.09151021442561533,4.984789555785471e-30,210.26845102158927,0.556,0.17304508196721313,0.0,0.0,0.8649590163934424,42.16547336230905,0.09151021442561533,4.984789555785471e-30,210.26845102158927,0.12003295809335998,0.0747279044292479,0.21100161832008557,0.12753579372982599,60.942826624167004,4.7948158517320945,4.613809030445747e-08,221.56001254395278,0.395,0.24945081967213117,0.01639344262295082,0.0,0.9098360655737705,60.942826624167004,4.7948158517320945,4.613809030445747e-08,221.56001254395278
2000-04-04 00:00:00+00:00,inference-2026-08-20T16-49-50Z-2025-06-06,timeseries.json,254.0,2583829.962722908,2952.685835745842,2528.3054430787065,3408.7130345198425,0.6293992088431533,0.5417106260112091,0.7253639031058674,0.9488192725953514,0.8131847164114016,1.0963361089722414,0.17448750042931224,0.029326976000129484,0.40686183724439196,0.18197229631564835,14.057120791279214,2.4585707803342967,3.5097141961584823e-47,73.32649953382034,0.43,0.05505118110236219,0.007874015748031496,0.0,0.2954724409448817,14.057120791279214,2.4585707803342967,3.5097141961584823e-47,73.32649953382034,0.12887280705878146,0.035607478681888176,0.38035062764382205,0.13609885439853342,15.9646293820585,0.4594782450495517,2.1034215520688786e-25,96.34076055987862,0.516,0.06251574803149607,0.0,0.0,0.3746062992125979,15.9646293820585,0.4594782450495517,2.1034215520688786e-25,96.34076055987862,0.13370503363630082,0.023977055709291643,0.37040920208095657,0.1408071353717034,28.39987331366628,0.8179345304979796,9.089164718885032e-22,199.4797265861079,0.493,0.1117283464566929,0.003937007874015748,0.0,0.7834645669291339,28.39987331366628,0.8179345304979796,9.089164718885032e-22,199.4797265861079,0.15677943872525354,0.011011724342113137,0.40515303787786394,0.16497781849690807,17.12258266664327,1.095892563906598,4.949932619631621e-33,91.07656019707613,0.482,0.06735039370078741,0.003937007874015748,0.0,0.3545275590551179,17.12258266664327,1.095892563906598,4.949932619631621e-33,91.07656019707613,0.08304674904813689,0.013522600788798163,0.22345261077886178,0.0892191211215947,50.01863538305022,3.051526662056334,1.458527735973462e-27,208.5337996726721,0.455,0.19682283464566927,0.011811023622047244,0.0,0.8309055118110235,50.01863538305022,3.051526662056334,1.458527735973462e-27,208.5337996726721,0.06085896779019118,0.007398687486848865,0.15983606370633638,0.06489266643253112,13.713918987290532,6.502148035576706e-05,1.98842547615428e-54,98.58802929038201,0.736,0.05444488188976378,0.0,0.0,0.394094488188976,13.713918987290532,6.502148035576706e-05,1.98842547615428e-54,98.58802929038201,0.0910358178140152,0.013961862876157841,0.20438845013168142,0.09449631413325485,42.26586227275859,0.3708149331105149,2.8310263330519076e-34,208.5680097506725,0.528,0.1655314960629921,0.0,0.0,0.8114173228346453,42.26586227275859,0.3708149331105149,2.8310263330519076e-34,208.5680097506725,0.12003295809335998,0.0747279044292479,0.21100161832008557,0.12753579372982599,72.45737720325329,13.856949594967421,4.82961698819368e-10,234.47505347262845,0.371,0.2865551181102362,0.05905511811023622,0.0,0.9214566929133857,72.45737720325329,13.856949594967421,4.82961698819368e-10,234.47505347262845
2000-04-05 00:00:00+00:00,inference-2026-08-20T16-49-50Z-2025-06-06,timeseries.json,304.0,2583829.962722908,2952.685835745842,2528.3054430787065,3408.7130345198425,0.6293992088431533,0.5417106260112091,0.7253639031058674,0.9488192725953514,0.8131847164114016,1.0963361089722414,0.17448750042931224,0.029326976000129484,0.40686183724439196,0.18197229631564835,1.8493622086526715,0.019659296484436525,3.0010227933946287e-47,3.2757345067804944,0.8,0.00625,0.0,0.0,0.013157894736842105,1.8493622086526715,0.019659296484436525,3.0010227933946287e-47,3.2757345067804944,0.12887280705878146,0.035607478681888176,0.38035062764382205,0.13609885439853342,16.28115429283789,0.013647632124143298,4.117175660885589e-15,132.67493044054018,0.715,0.053226973684210525,0.0,0.0,0.409539473684209,16.28115429283789,0.013647632124143298,4.117175660885589e-15,132.67493044054018,0.13370503363630082,0.023977055709291643,0.37040920208095657,0.1408071353717034,47.701427627127664,0.06563946472932965,1.4184158525539305e-36,301.7727024291111,0.637,0.15720723684210525,0.0,0.0,0.9901315789473685,47.701427627127664,0.06563946472932965,1.4184158525539305e-36,301.7727024291111,0.15677943872525354,0.011011724342113137,0.40515303787786394,0.16497781849690807,2.592002496783855,0.008123128077294373,3.9636536133204084e-39,10.949945069503293,0.759,0.008450657894736842,0.0,0.0,0.03963815789473669,2.592002496783855,0.008123128077294373,3.9636536133204084e-39,10.949945069503293,0.08304674904813689,0.013522600788798163,0.22345261077886178,0.0892191211215947,31.665111095143946,0.012753471543238089,7.868766993291226e-37,260.49070150955527,0.652,0.10411842105263157,0.0,0.0,0.8587171052631577,31.665111095143946,0.012753471543238089,7.868766993291226e-37,260.49070150955527,0.06085896779019118,0.007398687486848865,0.15983606370633638,0.06489266643253112,33.377909676491115,0.0001617370357652206,9.935132638092839e-66,286.2963390901237,0.709,0.10923026315789473,0.0,0.0,0.9473684210526315,33.377909676491115,0.0001617370357652206,9.935132638092839e-66,286.2963390901237,0.0910358178140152,0.013961862876157841,0.20438845013168142,0.09449631413325485,63.711074121262655,0.011571026782347796,7.694351886210945e-32,298.8825142065847,0.599,0.2096611842105263,0.0,0.0,0.9835526315789473,63.711074121262655,0.011571026782347796,7.694351886210945e-32,298.8825142065847,0.12003295809335998,0.0747279044292479,0.21100161832008557,0.12753579372982599,106.82195848170021,26.11885510215942,1.4772289153105063e-08,303.0824710813984,0.362,0.3518552631578947,0.08388157894736842,0.0,0.9967105263157895,106.82195848170021,26.11885510215942,1.4772289153105063e-08,303.0824710813984
2000-04-06 00:00:00+00:00,inference-2026-08-20T16-49-50Z-2025-06-06,timeseries.json,6761.0,2583829.962722908,2952.685835745842,2528.3054430787065,3408.7130345198425,0.6293992088431533,0.5417106260112091,0.7253639031058674,0.9488192725953514,0.8131847164114016,1.0963361089722414,0.17448750042931224,0.029326976000129484,0.40686183724439196,0.18197229631564835,1592.4375222169979,430.3350355237911,4.554001646782989e-40,4217.8445041997265,0.297,0.23556751959769265,0.06389587339151014,0.0,0.6237243011388848,1592.4375222169979,430.3350355237911,4.554001646782989e-40,4217.8445041997265,0.12887280705878146,0.035607478681888176,0.38035062764382205,0.13609885439853342,864.8827171577494,30.600391308843285,7.346619199287805e-12,4166.201328784977,0.362,0.1278989794409111,0.004659074101464281,0.0,0.6160627126164768,864.8827171577494,30.600391308843285,7.346619199287805e-12,4166.201328784977,0.13370503363630082,0.023977055709291643,0.37040920208095657,0.1408071353717034,891.806798251409,45.82115819688974,9.160748803127838e-24,3943.8533463706567,0.377,0.13186037568407039,0.006951634373613371,0.0,0.5815042153527583,891.806798251409,45.82115819688974,9.160748803127838e-24,3943.8533463706567,0.15677943872525354,0.011011724342113137,0.40515303787786394,0.16497781849690807,1088.3174208143025,213.36644304306623,9.945174361807555e-45,4248.563899026583,0.326,0.1609471971601834,0.03091258689542967,0.0,0.6287605383818962,1088.3174208143025,213.36644304306623,9.945174361807555e-45,4248.563899026583,0.08304674904813689,0.013522600788798163,0.22345261077886178,0.0892191211215947,1179.218804598793,413.6924809275788,1.553892967558592e-11,2877.5062210734113,0.184,0.1744838041709806,0.060789823990533946,0.0,0.42617216388108264,1179.218804598793,413.6924809275788,1.553892967558592e-11,2877.5062210734113,0.06085896779019118,0.007398687486848865,0.15983606370633638,0.06489266643253112,38.87751558021229,0.006025766171813928,6.090733758664798e-72,321.16179639833655,0.649,0.005733915101316374,0.0,0.0,0.047382044076320025,38.87751558021229,0.006025766171813928,6.090733758664798e-72,321.16179639833655,0.0910358178140152,0.013961862876157841,0.20438845013168142,0.09449631413325485,561.9572604564759,3.638801397939325,9.667922289469478e-29,2957.663336444711,0.433,0.08315204851353351,0.0005916284573287975,0.0,0.440482177192723,561.9572604564759,3.638801397939325,9.667922289469478e-29,2957.663336444711,0.12003295809335998,0.0747279044292479,0.21100161832008557,0.12753579372982599,543.5019609240588,8.29946131894672,1.0220968871336113e-08,2457.5082918423823,0.374,0.08035616033131195,0.001183256914657595,0.0,0.3629936399940837,543.5019609240588,8.29946131894672,1.0220968871336113e-08,2457.5082918423823
2000-04-07 00:00:00+00:00,inference-2026-08-20T16-49-50Z-2025-06-06,timeseries.json,10542.0,2583829.962722908,2952.685835745842,2528.3054430787065,3408.7130345198425,0.6293992088431533,0.5417106260112091,0.7253639031058674,0.9488192725953514,0.8131847164114016,1.0963361089722414,0.17448750042931224,0.029326976000129484,0.40686183724439196,0.18197229631564835,3699.2114031265232,267.5528367118679,5.286933434092932e-33,10296.39525109998,0.391,0.3509000189717322,0.025374691709353067,0.0,0.9753699487763232,3699.2114031265232,267.5528367118679,5.286933434092932e-33,10296.39525109998,0.12887280705878146,0.035607478681888176,0.38035062764382205,0.13609885439853342,1652.318035450899,10.169543509398924,4.842814652506179e-12,10524.357557510139,0.418,0.15674454562701573,0.0010434452665528363,0.0,0.9983874027698729,1652.318035450899,10.169543509398924,4.842814652506179e-12,10524.357557510139,0.13370503363630082,0.023977055709291643,0.37040920208095657,0.1408071353717034,1702.085838063131,0.053081290799099706,4.103851151974528e-18,10539.273450308548,0.577,0.16149250616581293,0.0,0.0,0.9998102826788086,1702.085838063131,0.053081290799099706,4.103851151974528e-18,10539.273450308548,0.15677943872525354,0.011011724342113137,0.40515303787786394,0.16497781849690807,3018.0406309113027,0.13447367809431765,1.5685978665129287e-31,10534.782339662981,0.535,0.28623060140390816,0.0,0.0,0.9992411307152343,3018.0406309113027,0.13447367809431765,1.5685978665129287e-31,10534.782339662981,0.08304674904813689,0.013522600788798163,0.22345261077886178,0.0892191211215947,466.3640813514102,0.00113030276578734,4.6185444690803917e-36,339.24229312316356,0.779,0.044249098842724335,0.0,0.0,0.032531777651271784,466.3640813514102,0.00113030276578734,4.6185444690803917e-36,339.24229312316356,0.06085896779019118,0.007398687486848865,0.15983606370633638,0.06489266643253112,0.5583091050250607,2.826322885823095e-06,9.501117824379531e-55,2.8074293631275626,0.881,5.1033959400493265e-05,0.0,0.0,0.0002845759817871372,0.5583091050250607,2.826322885823095e-06,9.501117824379531e-55,2.8074293631275626,0.0910358178140152,0.013961862876157841,0.20438845013168142,0.09449631413325485,1.639627153009914,0.0035105601410695053,1.192340825351697e-25,11.086227245291049,0.727,0.0001585088218554354,0.0,0.0,0.0010434452665528363,1.639627153009914,0.0035105601410695053,1.192340825351697e-25,11.086227245291049,0.12003295809335998,0.0747279044292479,0.21100161832008557,0.12753579372982599,1.7820748386979994,0.01555989300866356,4.322846877962222e-11,10.304154688172327,0.703,0.0001736862075507494,0.0,0.0,0.0010434452665528363,1.7820748386979994,0.01555989300866356,4.322846877962222e-11,10.304154688172327
2000-04-08 00:00:00+00:00,inference-2026-08-20T16-49-50Z-2025-06-06,timeseries.json,4836.0,2583829.962722908,2952.685835745842,2528.3054430787065,3408.7130345198425,0.6293992088431533,0.5417106260112091,0.7253639031058674,0.9488192725953514,0.8131847164114016,1.0963361089722414,0.17448750042931224,0.029326976000129484,0.40686183724439196,0.18197229631564835,1856.1339277701536,198.57012682244434,8.680177963115083e-54,4640.476027124749,0.394,0.38379880066170385,0.04052936311000827,0.0,0.9602977667493796,1856.1339277701536,198.57012682244434,8.680177963115083e-54,4640.476027124749,0.12887280705878146,0.035607478681888176,0.38035062764382205,0.13609885439853342,509.8725424669348,0.35648316686017584,1.9475327527430056e-11,4615.541066421121,0.515,0.1053881306865178,0.0,0.0,0.9537117452440033,509.8725424669348,0.35648316686017584,1.9475327527430056e-11,4615.541066421121,0.13370503363630082,0.023977055709291643,0.37040920208095657,0.1408071353717034,729.2385947926626,0.8146774324906758,6.591244836121618e-23,4608.76174497784,0.475,0.1507733664185277,0.00020678246484698098,0.0,0.952667493796526,729.2385947926626,0.8146774324906758,6.591244836121618e-23,4608.76174497784,0.15677943872525354,0.011011724342113137,0.40515303787786394,0.16497781849690807,1387.485393441262,0.08958145939314753,4.3168673834508014e-38,4629.507620257866,0.56,0.2869737386269644,0.0,0.0,0.9578267162944583,1387.485393441262,0.08958145939314753,4.3168673834508014e-38,4629.507620257866,0.08304674904813689,0.013522600788798163,0.22345261077886178,0.0892191211215947,240.00462339450175,0.0008136652965613298,1.9226995445120726e-56,420.6905787254396,0.728,0.049649503722084376,0.0,0.0,0.09181141439202194,240.00462339450175,0.0008136652965613298,1.9226995445120726e-56,420.6905787254396,0.06085896779019118,0.007398687486848865,0.15983606370633638,0.06489266643253112,34.883660136015635,0.0002359721308790175,4.431255217561889e-71,236.02255817663877,0.733,0.007203060380479735,0.0,0.0,0.04943134822167079,34.883660136015635,0.0002359721308790175,4.431255217561889e-71,236.02255817663877,0.0910358178140152,0.013961862876157841,0.20438845013168142,0.09449631413325485,45.58256700529951,0.03634006992363426,3.718909796586801e-26,244.97938540969412,0.627,0.009368693134822166,0.0,0.0,0.04962779156327544,45.58256700529951,0.03634006992363426,3.718909796586801e-26,244.97938540969412,0.12003295809335998,0.0747279044292479,0.21100161832008557,0.12753579372982599,32.798690993168506,0.18100370923676917,2.148556500907845e-09,213.3513814849654,0.588,0.0068447063688999174,0.0,0.0,0.0456989247311828,32.798690993168506,0.18100370923676917,2.148556500907845e-09,213.3513814849654
2000-04-09 00:00:00+00:00,inference-2026-08-20T16-49-50Z-2025-06-06,timeseries.json,408.0,2583829.962722908,2952.685835745842,2528.3054430787065,3408.7130345198425,0.6293992088431533,0.5417106260112091,0.7253639031058674,0.9488192725953514,0.8131847164114016,1.0963361089722414,0.17448750042931224,0.029326976000129484,0.40686183724439196,0.18197229631564835,18.17336059584766,8.002409709894525,6.103722387828909e-30,55.63307492129723,0.384,0.04456862745098039,0.01838235294117647,0.0,0.13492647058823518,18.17336059584766,8.002409709894525,6.103722387828909e-30,55.63307492129723,0.12887280705878146,0.035607478681888176,0.38035062764382205,0.13609885439853342,35.92780938389519,3.6062316048946492,3.6582819249848906e-12,247.1097957004322,0.378,0.08840686274509804,0.00980392156862745,0.0,0.6155637254901936,35.92780938389519,3.6062316048946492,3.6582819249848906e-12,247.1097957004322,0.13370503363630082,0.023977055709291643,0.37040920208095657,0.1408071353717034,65.06495840117292,7.524417796781685,1.396695629759536e-17,347.69957290755383,0.411,0.16007598039215684,0.0196078431372549,0.0,0.8481617647058822,65.06495840117292,7.524417796781685,1.396695629759536e-17,347.69957290755383,0.15677943872525354,0.011011724342113137,0.40515303787786394,0.16497781849690807,26.081783588488143,1.859740207963453,8.812827824244527e-47,94.7457794478865,0.463,0.0640563725490196,0.004901960784313725,0.0,0.24080882352941121,26.081783588488143,1.859740207963453,8.812827824244527e-47,94.7457794478865,0.08304674904813689,0.013522600788798163,0.22345261077886178,0.0892191211215947,39.38144691599916,0.029960437078628752,9.473462971240845e-31,302.0469342103621,0.59,0.09637745098039215,0.0,0.0,0.7305147058823528,39.38144691599916,0.029960437078628752,9.473462971240845e-31,302.0469342103621,0.06085896779019118,0.007398687486848865,0.15983606370633638,0.06489266643253112,35.39293039325837,0.00015041440020391948,1.945194317284639e-91,270.92122442975347,0.69,0.08679901960784314,0.0,0.0,0.6715686274509803,35.39293039325837,0.00015041440020391948,1.945194317284639e-91,270.92122442975347,0.0910358178140152,0.013961862876157841,0.20438845013168142,0.09449631413325485,88.90834751021147,0.5918181924518945,3.606609537523348e-35,363.10276022081086,0.501,0.21799509803921568,0.0,0.0,0.8872549019607843,88.90834751021147,0.5918181924518945,3.606609537523348e-35,363.10276022081086,0.12003295809335998,0.0747279044292479,0.21100161832008557,0.12753579372982599,99.06936321112707,17.996930070721973,3.697919955860858e-09,366.8520569560874,0.344,0.2417205882352941,0.04411764705882353,0.0,0.8947303921568627,99.06936321112707,17.996930070721973,3.697919955860858e-09,366.8520569560874
2000-04-10 00:00:00+00:00,inference-2026-08-20T16-49-50Z-2025-06-06,timeseries.json,397.0,2583829.962722908,2952.685835745842,2528.3054430787065,3408.7130345198425,0.6293992088431533,0.5417106260112091,0.7253639031058674,0.9488192725953514,0.8131847164114016,1.0963361089722414,0.17448750042931224,0.029326976000129484,0.40686183724439196,0.18197229631564835,7.715460625309463,0.09927490268022252,8.53477453943776e-34,56.4722147845485,0.645,0.019501259445843827,0.0,0.0,0.14609571788413098,7.715460625309463,0.09927490268022252,8.53477453943776e-34,56.4722147845485,0.12887280705878146,0.035607478681888176,0.38035062764382205,0.13609885439853342,23.131722722208185,0.017489958883370786,9.080233486668516e-12,149.20877058535166,0.699,0.05840806045340051,0.0,0.0,0.3947103274559155,23.131722722208185,0.017489958883370786,9.080233486668516e-12,149.20877058535166,0.13370503363630082,0.023977055709291643,0.37040920208095657,0.1408071353717034,61.74361544091686,0.07975633687325903,1.0516343301485272e-16,384.3522079827311,0.599,0.15601511335012594,0.0,0.0,0.9649874055415615,61.74361544091686,0.07975633687325903,1.0516343301485272e-16,384.3522079827311,0.15677943872525354,0.011011724342113137,0.40515303787786394,0.16497781849690807,3.724039020161904,0.03244912110101735,5.414541327558108e-28,16.27941194605955,0.698,0.009501259445843829,0.0,0.0,0.04030226700251889,3.724039020161904,0.03244912110101735,5.414541327558108e-28,16.27941194605955,0.08304674904813689,0.013522600788798163,0.22345261077886178,0.0892191211215947,40.348991223742225,0.0011821070403054315,4.5197607354803544e-32,376.70731250359313,0.694,0.10141813602015114,0.0,0.0,0.9445843828715366,40.348991223742225,0.0011821070403054315,4.5197607354803544e-32,376.70731250359313,0.06085896779019118,0.007398687486848865,0.15983606370633638,0.06489266643253112,41.61524781734426,0.00030455795423417985,3.688327461280956e-67,378.41627510266693,0.702,0.10452644836272042,0.0,0.0,0.9496221662468514,41.61524781734426,0.00030455795423417985,3.688327461280956e-67,378.41627510266693,0.0910358178140152,0.013961862876157841,0.20438845013168142,0.09449631413325485,122.82688140327586,0.6744672923868473,1.3958689745891076e-40,393.5999662972128,0.498,0.3090302267002519,0.0025188916876574307,0.0,0.9924433249370277,122.82688140327586,0.6744672923868473,1.3958689745891076e-40,393.5999662972128,0.12003295809335998,0.0747279044292479,0.21100161832008557,0.12753579372982599,95.8940417470412,4.13220315210669,2.6786263484498697e-09,394.4418099358261,0.421,0.2415994962216625,0.010075566750629723,0.0,0.9949622166246851,95.8940417470412,4.13220315210669,2.6786263484498697e-09,394.4418099358261
2000-04-11 00:00:00+00:00,inference-2026-08-20T16-49-50Z-2025-06-06,timeseries.json,472.0,2583829.962722908,2952.685835745842,2528.3054430787065,3408.7130345198425,0.6293992088431533,0.5417106260112091,0.7253639031058674,0.9488192725953514,0.8131847164114016,1.0963361089722414,0.17448750042931224,0.029326976000129484,0.40686183724439196,0.18197229631564835,23.16236848674738,4.788469817030179,2.1039172502677183e-40,70.23428096093372,0.407,0.04959322033898305,0.01059322033898305,0.0,0.15677966101694915,23.16236848674738,4.788469817030179,2.1039172502677183e-40,70.23428096093372,0.12887280705878146,0.035607478681888176,0.38035062764382205,0.13609885439853342,35.413300347129535,2.27627544150819,2.984963852082838e-14,205.89179974430542,0.438,0.07534110169491524,0.00423728813559322,0.0,0.44078389830508274,35.413300347129535,2.27627544150819,2.984963852082838e-14,205.89179974430542,0.13370503363630082,0.023977055709291643,0.37040920208095657,0.1408071353717034,68.89265360671997,3.818884438367677,1.75511541801972e-18,420.9011799520774,0.448,0.14530084745762714,0.00847457627118644,0.0,0.8877118644067796,68.89265360671997,3.818884438367677,1.75511541801972e-18,420.9011799520774,0.15677943872525354,0.011011724342113137,0.40515303787786394,0.16497781849690807,29.589786010665502,1.8214131840300687,1.5609230078843637e-38,92.00727177030082,0.476,0.06282415254237288,0.00423728813559322,0.0,0.18940677966101618,29.589786010665502,1.8214131840300687,1.5609230078843637e-38,92.00727177030082,0.08304674904813689,0.013522600788798163,0.22345261077886178,0.0892191211215947,41.81161648273089,0.005842356592113228,8.017794012527638e-37,346.2522168029537,0.613,0.08835593220338984,0.0,0.0,0.7162076271186439,41.81161648273089,0.005842356592113228,8.017794012527638e-37,346.2522168029537,0.06085896779019118,0.007398687486848865,0.15983606370633638,0.06489266643253112,50.01773257433657,0.0017284708289736221,1.0339584754330531e-82,367.7285630612864,0.637,0.10568644067796612,0.0,0.0,0.7818855932203389,50.01773257433657,0.0017284708289736221,1.0339584754330531e-82,367.7285630612864,0.0910358178140152,0.013961862876157841,0.20438845013168142,0.09449631413325485,119.20090567022923,2.383229573638057,5.659217265203762e-35,415.3258722017423,0.462,0.2524957627118644,0.00423728813559322,0.0,0.8792372881355932,119.20090567022923,2.383229573638057,5.659217265203762e-35,415.3258722017423,0.12003295809335998,0.0747279044292479,0.21100161832008557,0.12753579372982599,103.91163682144085,12.89226408321904,1.0113345920393746e-06,402.6686565768517,0.36,0.22040254237288137,0.026483050847457626,0.0,0.8496822033898304,103.91163682144085,12.89226408321904,1.0113345920393746e-06,402.6686565768517
2000-04-12 00:00:00+00:00,inference-2026-08-20T16-49-50Z-2025-06-06,timeseries.json,2600.0,2583829.962722908,2952.685835745842,2528.3054430787065,3408.7130345198425,0.6293992088431533,0.5417106260112091,0.7253639031058674,0.9488192725953514,0.8131847164114016,1.0963361089722414,0.17448750042931224,0.029326976000129484,0.40686183724439196,0.18197229631564835,619.6417930399849,54.57996789806853,1.771314924228263e-49,1882.1133018550254,0.345,0.23830692307692308,0.020384615384615383,0.0,0.7246153846153847,619.6417930399849,54.57996789806853,1.771314924228263e-49,1882.1133018550254,0.12887280705878146,0.035607478681888176,0.38035062764382205,0.13609885439853342,315.9285495747497,1.4372615008177836,7.506138916147548e-16,1808.9028847296554,0.471,0.12144307692307692,0.0003846153846153846,0.0,0.6965769230769231,315.9285495747497,1.4372615008177836,7.506138916147548e-16,1808.9028847296554,0.13370503363630082,0.023977055709291643,0.37040920208095657,0.1408071353717034,401.21059444252376,3.954617486408501,1.1521111734814756e-25,1799.912936165898,0.447,0.15453500000000003,0.0015384615384615385,0.0,0.6923653846153845,401.21059444252376,3.954617486408501,1.1521111734814756e-25,1799.912936165898,0.15677943872525354,0.011011724342113137,0.40515303787786394,0.16497781849690807,563.1823374069835,6.983906686080902,4.023339039594491e-96,1887.4814756694786,0.436,0.21651692307692308,0.003076923076923077,0.0,0.7257692307692307,563.1823374069835,6.983906686080902,4.023339039594491e-96,1887.4814756694786,0.08304674904813689,0.013522600788798163,0.22345261077886178,0.0892191211215947,329.0453651786825,138.35517094217315,1.29660481949966e-17,789.1084215739677,0.23,0.1267415384615385,0.0525,0.0,0.3034807692307692,329.0453651786825,138.35517094217315,1.29660481949966e-17,789.1084215739677,0.06085896779019118,0.007398687486848865,0.15983606370633638,0.06489266643253112,14.039651468497697,0.00264961365378382,4.832094095252042e-53,90.22634640779525,0.679,0.005373461538461538,0.0,0.0,0.035019230769230754,14.039651468497697,0.00264961365378382,4.832094095252042e-53,90.22634640779525,0.0910358178140152,0.013961862876157841,0.20438845013168142,0.09449631413325485,193.84022164830142,2.331444831943938,1.0927822410127103e-21,843.3508117262884,0.464,0.07443346153846153,0.0007692307692307692,0.0,0.32544230769230764,193.84022164830142,2.331444831943938,1.0927822410127103e-21,843.3508117262884,0.12003295809335998,0.0747279044292479,0.21100161832008557,0.12753579372982599,163.111487240276,7.829541667102939,9.455124195924465e-09,715.829690212302,0.384,0.06264961538461539,0.003076923076923077,0.0,0.2753846153846154,163.111487240276,7.829541667102939,9.455124195924465e-09,715.829690212302
2000-04-13 00:00:00+00:00,inference-2026-08-20T16-49-50Z-2025-06-06,timeseries.json,5344.0,2583829.962722908,2952.685835745842,2528.3054430787065,3408.7130345198425,0.6293992088431533,0.5417106260112091,0.7253639031058674,0.9488192725953514,0.8131847164114016,1.0963361089722414,0.17448750042931224,0.029326976000129484,0.40686183724439196,0.18197229631564835,422.37982757307884,12.379305646149337,9.00259954869755e-36,3337.510397166243,0.374,0.07890456586826346,0.002245508982035928,0.0,0.6230258233532934,422.37982757307884,12.379305646149337,9.00259954869755e-36,3337.510397166243,0.12887280705878146,0.035607478681888176,0.38035062764382205,0.13609885439853342,817.6376988854598,5.13835857893307,2.994865328201354e-12,4231.833186125602,0.399,0.15281699101796406,0.0009356287425149701,0.0,0.7941991017964071,817.6376988854598,5.13835857893307,2.994865328201354e-12,4231.833186125602,0.13370503363630082,0.023977055709291643,0.37040920208095657,0.1408071353717034,375.59452407866235,3.3709183921753874,1.3869926060086317e-22,2341.4675194142173,0.43,0.07034880239520959,0.0007485029940119761,0.0,0.4348053892215518,375.59452407866235,3.3709183921753874,1.3869926060086317e-22,2341.4675194142173,0.15677943872525354,0.011011724342113137,0.40515303787786394,0.16497781849690807,1018.9974552708234,105.60224310705905,1.4415842344264007e-29,3822.6291349816997,0.265,0.1908020209580838,0.019461077844311378,0.0,0.7160086077844311,1018.9974552708234,105.60224310705905,1.4415842344264007e-29,3822.6291349816997,0.08304674904813689,0.013522600788798163,0.22345261077886178,0.0892191211215947,514.893185980137,0.07356565303801185,3.196826035514887e-30,3707.0813851615117,0.569,0.09650112275449102,0.0,0.0,0.6946669161676595,514.893185980137,0.07356565303801185,3.196826035514887e-30,3707.0813851615117,0.06085896779019118,0.007398687486848865,0.15983606370633638,0.06489266643253112,900.2139929659282,14.492729960162066,5.6725754732767634e-83,3384.846246476631,0.439,0.16828630239520959,0.0029004491017964075,0.0,0.6321856287425149,900.2139929659282,14.492729960162066,5.6725754732767634e-83,3384.846246476631,0.0910358178140152,0.013961862876157841,0.20438845013168142,0.09449631413325485,573.9457153674429,1.2378238521117426,1.319208075776321e-28,3636.9635223401738,0.478,0.10747604790419163,0.00018712574850299402,0.0,0.6810535179640617,573.9457153674429,1.2378238521117426,1.319208075776321e-28,3636.9635223401738,0.12003295809335998,0.0747279044292479,0.21100161832008557,0.12753579372982599,720.3375998784664,10.470329757712797,4.772938227055402e-09,3771.442407714785,0.345,0.13486414670658683,0.0020583832335329343,0.0,0.7060628742514969,720.3375998784664,10.470329757712797,4.772938227055402e-09,3771.442407714785
2000-04-14 00:00:00+00:00,inference-2026-08-20T16-49-50Z-2025-06-06,timeseries.json,1700.0,2583829.962722908,2952.685835745842,2528.3054430787065,3408.7130345198425,0.6293992088431533,0.5417106260112091,0.7253639031058674,0.9488192725953514,0.8131847164114016,1.0963361089722414,0.17448750042931224,0.029326976000129484,0.40686183724439196,0.18197229631564835,656.3210292244272,4.1631292819309245,1.1619226833450892e-22,1696.3920921606154,0.443,0.38602,0.002352941176470588,0.0,0.9982352941176471,656.3210292244272,4.1631292819309245,1.1619226833450892e-22,1696.3920921606154,0.12887280705878146,0.035607478681888176,0.38035062764382205,0.13609885439853342,188.64351324428253,0.234354548585808,7.346166600383129e-14,1687.279580189026,0.554,0.11105294117647059,0.0,0.0,0.991764705882353,188.64351324428253,0.234354548585808,7.346166600383129e-14,1687.279580189026,0.13370503363630082,0.023977055709291643,0.37040920208095657,0.1408071353717034,257.02031228944935,0.15787824546063992,1.7848652613736326e-16,1689.7702450353313,0.552,0.1511094117647059,0.0,0.0,0.9947058823529412,257.02031228944935,0.15787824546063992,1.7848652613736326e-16,1689.7702450353313,0.15677943872525354,0.011011724342113137,0.40515303787786394,0.16497781849690807,507.38924127835577,0.35267043829271116,7.415567630340483e-34,1695.57756342774,0.521,0.2985423529411765,0.0,0.0,0.9976470588235294,507.38924127835577,0.35267043829271116,7.415567630340483e-34,1695.57756342774,0.08304674904813689,0.013522600788798163,0.22345261077886178,0.0892191211215947,84.56380968220834,0.0006828856508779554,5.013732336126448e-35,91.76973315289837,0.74,0.04974470588235294,0.0,0.0,0.05670588235290565,84.56380968220834,0.0006828856508779554,5.013732336126448e-35,91.76973315289837,0.06085896779019118,0.007398687486848865,0.15983606370633638,0.06489266643253112,1.762538554372446,1.2292643277647369e-05,7.725044188764956e-78,12.429093652264108,0.781,0.001015294117647059,0.0,0.0,0.006470588235294118,1.762538554372446,1.2292643277647369e-05,7.725044188764956e-78,12.429093652264108,0.0910358178140152,0.013961862876157841,0.20438845013168142,0.09449631413325485,1.5517596369877569,0.0024091461789348574,4.843276752448923e-36,10.257652430510968,0.719,0.0009070588235294118,0.0,0.0,0.0059117647058823265,1.5517596369877569,0.0024091461789348574,4.843276752448923e-36,10.257652430510968,0.12003295809335998,0.0747279044292479,0.21100161832008557,0.12753579372982599,2.7477960899159304,0.17091361431786478,9.95611476296283e-10,13.934342158603299,0.589,0.001608235294117647,0.0,0.0,0.008823529411764706,2.7477960899159304,0.17091361431786478,9.95611476296283e-10,13.934342158603299
2000-04-15 00:00:00+00:00,inference-2026-08-20T16-49-50Z-2025-06-06,timeseries.json,376.0,2583829.962722908,2952.685835745842,2528.3054430787065,3408.7130345198425,0.6293992088431533,0.5417106260112091,0.7253639031058674,0.9488192725953514,0.8131847164114016,1.0963361089722414,0.17448750042931224,0.029326976000129484,0.40686183724439196,0.18197229631564835,33.3238641660844,5.378419319273451,1.874732463647965e-27,226.42976897976143,0.403,0.08836968085106384,0.013297872340425532,0.0,0.6011968085106382,33.3238641660844,5.378419319273451,1.874732463647965e-27,226.42976897976143,0.12887280705878146,0.035607478681888176,0.38035062764382205,0.13609885439853342,64.300071144689,4.055357525764439,1.5611181533157493e-20,332.8485749051474,0.398,0.17121010638297873,0.010638297872340425,0.0,0.8777925531914892,64.300071144689,4.055357525764439,1.5611181533157493e-20,332.8485749051474,0.13370503363630082,0.023977055709291643,0.37040920208095657,0.1408071353717034,26.345717046988792,1.2327956999960334,7.505596322478101e-22,169.41628752842044,0.467,0.06994148936170211,0.0026595744680851063,0.0,0.45505319148936146,26.345717046988792,1.2327956999960334,7.505596322478101e-22,169.41628752842044,0.15677943872525354,0.011011724342113137,0.40515303787786394,0.16497781849690807,72.75350854869151,23.535777223059668,3.0996463910699078e-28,298.31155518214337,0.325,0.19259574468085106,0.061170212765957445,0.0,0.7926861702127658,72.75350854869151,23.535777223059668,3.0996463910699078e-28,298.31155518214337,0.08304674904813689,0.013522600788798163,0.22345261077886178,0.0892191211215947,36.60600812440772,0.006642104355905976,2.2097803394280977e-34,304.0260344520799,0.628,0.0972313829787234,0.0,0.0,0.7957446808510633,36.60600812440772,0.006642104355905976,2.2097803394280977e-34,304.0260344520799,0.06085896779019118,0.007398687486848865,0.15983606370633638,0.06489266643253112,54.031366952604714,0.1515884858017325,4.924943738177116e-50,238.2508611257879,0.537,0.1447313829787234,0.0,0.0,0.651595744680851,54.031366952604714,0.1515884858017325,4.924943738177116e-50,238.2508611257879,0.0910358178140152,0.013961862876157841,0.20438845013168142,0.09449631413325485,38.29106429687379,0.20214501954801534,3.9137942717130985e-51,282.611579018423,0.547,0.10155319148936169,0.0,0.0,0.7476063829787232,38.29106429687379,0.20214501954801534,3.9137942717130985e-51,282.611579018423,0.12003295809335998,0.0747279044292479,0.21100161832008557,0.12753579372982599,50.348399719660186,1.799603097274702,9.931816721710646e-10,294.22957526002335,0.443,0.13436702127659572,0.005319148936170213,0.0,0.7900265957446807,50.348399719660186,1.799603097274702,9.931816721710646e-10,294.22957526002335
2000-04-16 00:00:00+00:00,inference-2026-08-20T16-49-50Z-2025-06-06,timeseries.json,326.0,2583829.962722908,2952.685835745842,2528.3054430787065,3408.7130345198425,0.6293992088431533,0.5417106260112091,0.7253639031058674,0.9488192725953514,0.8131847164114016,1.0963361089722414,0.17448750042931224,0.029326976000129484,0.40686183724439196,0.18197229631564835,26.078707336888595,5.18592974594865,2.553315913595637e-38,173.51505639569245,0.378,0.08001840490797546,0.015337423312883436,0.0,0.5276073619631901,26.078707336888595,5.18592974594865,2.553315913595637e-38,173.51505639569245,0.12887280705878146,0.035607478681888176,0.38035062764382205,0.13609885439853342,52.54437770971944,5.715724518515646,7.590861915206317e-11,250.06829456378293,0.403,0.16107668711656442,0.018404907975460124,0.0,0.7639570552147238,52.54437770971944,5.715724518515646,7.590861915206317e-11,250.06829456378293,0.13370503363630082,0.023977055709291643,0.37040920208095657,0.1408071353717034,30.222188861195615,3.003330921785748,9.035569331048442e-27,149.07276874574828,0.427,0.09277607361963192,0.009202453987730062,0.0,0.4723926380368098,30.222188861195615,3.003330921785748,9.035569331048442e-27,149.07276874574828,0.15677943872525354,0.011011724342113137,0.40515303787786394,0.16497781849690807,60.766012784086406,15.46214281037387,2.1320612399342988e-44,260.627798597878,0.353,0.18671165644171778,0.046012269938650305,0.0,0.8069018404907974,60.766012784086406,15.46214281037387,2.1320612399342988e-44,260.627798597878,0.08304674904813689,0.013522600788798163,0.22345261077886178,0.0892191211215947,31.782351763511876,0.010738829939120582,3.599941887254773e-38,216.7118902421855,0.612,0.09763803680981596,0.0,0.0,0.650613496932515,31.782351763511876,0.010738829939120582,3.599941887254773e-38,216.7118902421855,0.06085896779019118,0.007398687486848865,0.15983606370633638,0.06489266643253112,32.91312738016693,0.0010027272395701993,2.9945033811821643e-99,167.17089697205498,0.596,0.10057361963190184,0.0,0.0,0.5032208588957053,32.91312738016693,0.0010027272395701993,2.9945033811821643e-99,167.17089697205498,0.0910358178140152,0.013961862876157841,0.20438845013168142,0.09449631413325485,43.21040562041509,1.182523638210502,4.506412609642582e-24,211.24866293680995,0.483,0.13232208588957056,0.003067484662576687,0.0,0.6441717791411042,43.21040562041509,1.182523638210502,4.506412609642582e-24,211.24866293680995,0.12003295809335998,0.0747279044292479,0.21100161832008557,0.12753579372982599,48.482828544016,13.855556581208564,1.0295576998429825e-06,214.68121613512898,0.326,0.14888343558282208,0.03987730061349693,0.0,0.6565950920245397,48.482828544016,13.855556581208564,1.0295576998429825e-06,214.68121613512898
2000-04-17 00:00:00+00:00,inference-2026-08-20T16-49-50Z-2025-06-06,timeseries.json,2251.0,2583829.962722908,2952.685835745842,2528.3054430787065,3408.7130345198425,0.6293992088431533,0.5417106260112091,0.7253639031058674,0.9488192725953514,0.8131847164114016,1.0963361089722414,0.17448750042931224,0.029326976000129484,0.40686183724439196,0.18197229631564835,241.13007582413348,137.68557420393705,4.749850654492082e-22,1206.8854970631278,0.316,0.10686228342958685,0.060417592181252776,0.0,0.5300088849400266,241.13007582413348,137.68557420393705,4.749850654492082e-22,1206.8854970631278,0.12887280705878146,0.035607478681888176,0.38035062764382205,0.13609885439853342,348.455318842779,21.871054793687815,9.129304341481033e-13,1528.2772545746582,0.357,0.1548698356286095,0.009329187027987561,0.0,0.6841848067525543,348.455318842779,21.871054793687815,9.129304341481033e-13,1528.2772545746582,0.13370503363630082,0.023977055709291643,0.37040920208095657,0.1408071353717034,194.7123835105866,5.845332696062595,6.076648973056206e-20,954.7902686001132,0.414,0.08633451799200355,0.0026654820079964462,0.0,0.42674366948022996,194.7123835105866,5.845332696062595,6.076648973056206e-20,954.7902686001132,0.15677943872525354,0.011011724342113137,0.40515303787786394,0.16497781849690807,429.8514181564664,257.08427121032554,1.1583885546408242e-36,1381.8838362892436,0.309,0.19118302976454907,0.11417147934251444,0.0,0.616215015548645,429.8514181564664,257.08427121032554,1.1583885546408242e-36,1381.8838362892436,0.08304674904813689,0.013522600788798163,0.22345261077886178,0.0892191211215947,204.14592518811855,0.01148007954640826,9.393764684123873e-45,1297.0964072634292,0.645,0.0907965348733896,0.0,0.0,0.573745002221232,204.14592518811855,0.01148007954640826,9.393764684123873e-45,1297.0964072634292,0.06085896779019118,0.007398687486848865,0.15983606370633638,0.06489266643253112,344.15305822626874,2.274132019111862,8.491403574997403e-78,1221.6113959011952,0.466,0.15298223011994672,0.000888494002665482,0.0,0.5420035539760106,344.15305822626874,2.274132019111862,8.491403574997403e-78,1221.6113959011952,0.0910358178140152,0.013961862876157841,0.20438845013168142,0.09449631413325485,212.37672238217786,0.08064214630111602,3.3044379780517215e-31,1340.7935765114405,0.578,0.09433096401599289,0.0,0.0,0.6161039537983051,212.37672238217786,0.08064214630111602,3.3044379780517215e-31,1340.7935765114405,0.12003295809335998,0.0747279044292479,0.21100161832008557,0.12753579372982599,276.1750978694695,2.541348006447535,1.830682045576402e-07,1358.810077457431,0.425,0.1226406041759218,0.0013327410039982231,0.0,0.6069302532207906,276.1750978694695,2.541348006447535,1.830682045576402e-07,1358.810077457431
2000-04-18 00:00:00+00:00,inference-2026-08-20T16-49-50Z-2025-06-06,timeseries.json,6650.0,2583829.962722908,2952.685835745842,2528.3054430787065,3408.7130345198425,0.6293992088431533,0.5417106260112091,0.7253639031058674,0.9488192725953514,0.8131847164114016,1.0963361089722414,0.17448750042931224,0.029326976000129484,0.40686183724439196,0.18197229631564835,1398.286713191829,259.56330793062864,7.005814391917459e-57,4905.078333582457,0.33,0.21020135338345863,0.039022556390977445,0.0,0.7374511278195488,1398.286713191829,259.56330793062864,7.005814391917459e-57,4905.078333582457,0.12887280705878146,0.035607478681888176,0.38035062764382205,0.13609885439853342,1424.5260231144389,528.2364960516204,6.984333861957308e-12,4896.223614874897,0.279,0.2142721804511278,0.08127819548872181,0.0,0.7358045112781955,1424.5260231144389,528.2364960516204,6.984333861957308e-12,4896.223614874897,0.13370503363630082,0.023977055709291643,0.37040920208095657,0.1408071353717034,1013.3057527823468,14.726798666451153,1.7091755070645495e-19,4896.097158771644,0.382,0.15230390977443609,0.002255639097744361,0.0,0.7360977443609023,1013.3057527823468,14.726798666451153,1.7091755070645495e-19,4896.097158771644,0.15677943872525354,0.011011724342113137,0.40515303787786394,0.16497781849690807,1694.7859537299476,1021.8188369426439,1.6495355961420759e-34,4907.898501075321,0.248,0.2548723308270677,0.1531578947368421,0.0,0.7384962406015038,1694.7859537299476,1021.8188369426439,1.6495355961420759e-34,4907.898501075321,0.08304674904813689,0.013522600788798163,0.22345261077886178,0.0892191211215947,376.79797319970754,0.002651810235151359,1.9159065937830913e-36,1783.260681368064,0.637,0.05668496240601503,0.0,0.0,0.2707067669172932,376.79797319970754,0.002651810235151359,1.9159065937830913e-36,1783.260681368064,0.06085896779019118,0.007398687486848865,0.15983606370633638,0.06489266643253112,306.71128149106727,3.5604173883817785,4.802328183309334e-84,1140.4428352904213,0.462,0.04607218045112782,0.0006015037593984962,0.0,0.17067669172932332,306.71128149106727,3.5604173883817785,4.802328183309334e-84,1140.4428352904213,0.0910358178140152,0.013961862876157841,0.20438845013168142,0.09449631413325485,193.45175119427856,0.39385186040556436,2.094465666944332e-18,1198.5251647378275,0.523,0.02915052631578947,0.0,0.0,0.18249624060150121,193.45175119427856,0.39385186040556436,2.094465666944332e-18,1198.5251647378275,0.12003295809335998,0.0747279044292479,0.21100161832008557,0.12753579372982599,242.13455129638575,3.622202098039346,4.231029903634663e-09,1284.565870643316,0.414,0.036442556390977446,0.0006015037593984962,0.0,0.19489473684210526,242.13455129638575,3.622202098039346,4.231029903634663e-09,1284.565870643316
2000-04-19 00:00:00+00:00,inference-2026-08-20T16-49-50Z-2025-06-06,timeseries.json,5428.0,2583829.962722908,2952.685835745842,2528.3054430787065,3408.7130345198425,0.6293992088431533,0.5417106260112091,0.7253639031058674,0.9488192725953514,0.8131847164114016,1.0963361089722414,0.17448750042931224,0.029326976000129484,0.40686183724439196,0.18197229631564835,2004.7288174778967,125.36749017537221,3.995967362302733e-56,5265.473010330671,0.318,0.36944988946204865,0.023673544583640384,0.0,0.9703389830508474,2004.7288174778967,125.36749017537221,3.995967362302733e-56,5265.473010330671,0.12887280705878146,0.035607478681888176,0.38035062764382205,0.13609885439853342,677.1765268223359,25.064783978882264,1.1119311153705446e-15,5239.524514201297,0.361,0.12466801768607223,0.004882092851879145,0.0,0.964084377302874,677.1765268223359,25.064783978882264,1.1119311153705446e-15,5239.524514201297,0.13370503363630082,0.023977055709291643,0.37040920208095657,0.1408071353717034,790.3530050001989,3.9348567945956847,9.168916839473795e-22,5245.045306428327,0.432,0.1455589535740604,0.0007369196757553427,0.0,0.9661016949152542,790.3530050001989,3.9348567945956847,9.168916839473795e-22,5245.045306428327,0.15677943872525354,0.011011724342113137,0.40515303787786394,0.16497781849690807,1604.9587356008587,105.1806358830043,8.039833931864496e-61,5261.04241788292,0.324,0.2956757553426677,0.019620486366986,0.0,0.9692336035372144,1604.9587356008587,105.1806358830043,8.039833931864496e-61,5261.04241788292,0.08304674904813689,0.013522600788798163,0.22345261077886178,0.0892191211215947,275.2348155872268,0.003471595570629853,2.6989054114049027e-28,378.7934631516522,0.612,0.05071352247605011,0.0,0.0,0.07065217391301123,275.2348155872268,0.003471595570629853,2.6989054114049027e-28,378.7934631516522,0.06085896779019118,0.007398687486848865,0.15983606370633638,0.06489266643253112,20.32531623161485,0.0004725256083209568,1.995569103548993e-62,120.44003279763842,0.651,0.0037464996315401625,0.0,0.0,0.022126013264554146,20.32531623161485,0.0004725256083209568,1.995569103548993e-62,120.44003279763842,0.0910358178140152,0.013961862876157841,0.20438845013168142,0.09449631413325485,24.263188894765502,0.16657753747311976,6.390705924404782e-33,137.35873995880047,0.541,0.004469049373618275,0.0,0.0,0.025801400147383927,24.263188894765502,0.16657753747311976,6.390705924404782e-33,137.35873995880047,0.12003295809335998,0.0747279044292479,0.21100161832008557,0.12753579372982599,30.959594385103482,5.789289440577271,1.3174565891655655e-09,145.8355736140165,0.382,0.00571831245394252,0.0009211495946941784,0.0,0.02653831982313927,30.959594385103482,5.789289440577271,1.3174565891655655e-09,145.8355736140165
2000-04-20 00:00:00+00:00,inference-2026-08-20T16-49-50Z-2025-06-06,timeseries.json,371.0,2583829.962722908,2952.685835745842,2528.3054430787065,3408.7130345198425,0.6293992088431533,0.5417106260112091,0.7253639031058674,0.9488192725953514,0.8131847164114016,1.0963361089722414,0.17448750042931224,0.029326976000129484,0.40686183724439196,0.18197229631564835,32.94458587185829,6.602259219382238,6.0005553479355905e-27,151.84707944238647,0.389,0.08896495956873315,0.018867924528301886,0.0,0.40714285714285703,32.94458587185829,6.602259219382238,6.0005553479355905e-27,151.84707944238647,0.12887280705878146,0.035607478681888176,0.38035062764382205,0.13609885439853342,59.333354747085956,27.041408805749256,1.8975093427145228e-08,223.0064101034057,0.302,0.16056603773584904,0.07008086253369272,0.0,0.6092991913746629,59.333354747085956,27.041408805749256,1.8975093427145228e-08,223.0064101034057,0.13370503363630082,0.023977055709291643,0.37040920208095657,0.1408071353717034,28.115346522606366,1.2770845533974464,4.341144114636453e-28,137.6945879491725,0.47,0.07557142857142857,0.0026954177897574125,0.0,0.36401617250673846,28.115346522606366,1.2770845533974464,4.341144114636453e-28,137.6945879491725,0.15677943872525354,0.011011724342113137,0.40515303787786394,0.16497781849690807,64.06111243806811,37.33800109163682,2.0568163693310587e-21,240.44309768969305,0.295,0.17226684636118597,0.09973045822102426,0.0,0.6394878706199455,64.06111243806811,37.33800109163682,2.0568163693310587e-21,240.44309768969305,0.08304674904813689,0.013522600788798163,0.22345261077886178,0.0892191211215947,30.73667638642249,0.022370555429979913,5.262535639165977e-32,172.01426925442522,0.564,0.0829299191374663,0.0,0.0,0.46630727762803237,30.73667638642249,0.022370555429979913,5.262535639165977e-32,172.01426925442522,0.06085896779019118,0.007398687486848865,0.15983606370633638,0.06489266643253112,47.883227461558434,0.3273738796886512,1.50837284216547e-81,182.08682159286087,0.513,0.12915363881401618,0.0,0.0,0.49892183288409675,47.883227461558434,0.3273738796886512,1.50837284216547e-81,182.08682159286087,0.0910358178140152,0.013961862876157841,0.20438845013168142,0.09449631413325485,43.48717425134944,2.001975366109064,6.187340244235433e-41,176.89021237946986,0.468,0.11754716981132075,0.005390835579514825,0.0,0.47452830188679235,43.48717425134944,2.001975366109064,6.187340244235433e-41,176.89021237946986,0.12003295809335998,0.0747279044292479,0.21100161832008557,0.12753579372982599,64.43852232105108,31.772712715621992,3.299207171511696e-08,210.42770244235834,0.3,0.173,0.08221024258760107,0.0,0.5716981132075469,64.43852232105108,31.772712715621992,3.299207171511696e-08,210.42770244235834
2000-04-21 00:00:00+00:00,inference-2026-08-20T16-49-50Z-2025-06-06,timeseries.json,329.0,2583829.962722908,2952.685835745842,2528.3054430787065,3408.7130345198425,0.6293992088431533,0.5417106260112091,0.7253639031058674,0.9488192725953514,0.8131847164114016,1.0963361089722414,0.17448750042931224,0.029326976000129484,0.40686183724439196,0.18197229631564835,6.500531259904615,0.01654482654307298,1.1976366053016819e-32,44.34667033105757,0.738,0.01998480243161094,0.0,0.0,0.12796352583586598,6.500531259904615,0.01654482654307298,1.1976366053016819e-32,44.34667033105757,0.12887280705878146,0.035607478681888176,0.38035062764382205,0.13609885439853342,48.55273407101289,0.07497799647923634,1.0159190606582981e-16,229.14971738150126,0.608,0.1469452887537994,0.0,0.0,0.7022796352583586,48.55273407101289,0.07497799647923634,1.0159190606582981e-16,229.14971738150126,0.13370503363630082,0.023977055709291643,0.37040920208095657,0.1408071353717034,34.8973103360837,0.144178454450473,1.895900793683539e-18,198.24313337056512,0.582,0.1052310030395137,0.0,0.0,0.593313069908814,34.8973103360837,0.144178454450473,1.895900793683539e-18,198.24313337056512,0.15677943872525354,0.011011724342113137,0.40515303787786394,0.16497781849690807,28.876773301704304,0.38406101215191735,1.7218071306354794e-52,148.3142436151711,0.542,0.08827963525835865,0.0,0.0,0.44999999999999984,28.876773301704304,0.38406101215191735,1.7218071306354794e-52,148.3142436151711,0.08304674904813689,0.013522600788798163,0.22345261077886178,0.0892191211215947,30.906680724571743,0.005133608523003872,1.9808868647557714e-32,184.833155608784,0.659,0.09413069908814589,0.0,0.0,0.5653495440729484,30.906680724571743,0.005133608523003872,1.9808868647557714e-32,184.833155608784,0.06085896779019118,0.007398687486848865,0.15983606370633638,0.06489266643253112,41.78508034356186,0.028428202142918253,1.7944319153576627e-73,165.84913837908462,0.542,0.12750759878419451,0.0,0.0,0.5080547112462002,41.78508034356186,0.028428202142918253,1.7944319153576627e-73,165.84913837908462,0.0910358178140152,0.013961862876157841,0.20438845013168142,0.09449631413325485,51.22012416375226,1.076158004617037,1.1882180896787078e-47,221.03859761103416,0.485,0.15554407294832828,0.00303951367781155,0.0,0.6688449848024315,51.22012416375226,1.076158004617037,1.1882180896787078e-47,221.03859761103416,0.12003295809335998,0.0747279044292479,0.21100161832008557,0.12753579372982599,86.26076579940843,56.936773498437645,1.7427993198279048e-08,305.4219189003232,0.266,0.26237689969604866,0.1641337386018237,0.0,0.9303951367781151,86.26076579940843,56.936773498437645,1.7427993198279048e-08,305.4219189003232
2000-04-22 00:00:00+00:00,inference-2026-08-20T16-49-50Z-2025-06-06,timeseries.json,3268.0,2583829.962722908,2952.685835745842,2528.3054430787065,3408.7130345198425,0.6293992088431533,0.5417106260112091,0.7253639031058674,0.9488192725953514,0.8131847164114016,1.0963361089722414,0.17448750042931224,0.029326976000129484,0.40686183724439196,0.18197229631564835,475.6439800709983,370.2027222778324,5.375898208861538e-32,1241.0470694750225,0.279,0.14563984088127296,0.11337209302325582,0.0,0.3806915544675642,475.6439800709983,370.2027222778324,5.375898208861538e-32,1241.0470694750225,0.12887280705878146,0.035607478681888176,0.38035062764382205,0.13609885439853342,524.9557770859152,166.9488040785022,5.519369431207621e-12,1695.582295194863,0.315,0.16054345165238676,0.050489596083231336,0.0,0.5229498164014688,524.9557770859152,166.9488040785022,5.519369431207621e-12,1695.582295194863,0.13370503363630082,0.023977055709291643,0.37040920208095657,0.1408071353717034,374.88339858949627,279.8042209832938,3.5753056281989722e-25,1020.4273328985084,0.315,0.11458170134638922,0.0852203182374541,0.0,0.3102662178702568,374.88339858949627,279.8042209832938,3.5753056281989722e-25,1020.4273328985084,0.15677943872525354,0.011011724342113137,0.40515303787786394,0.16497781849690807,590.3944125887862,530.6870339223733,1.4614972279478742e-26,1524.7791546006822,0.241,0.1805168298653611,0.15973072215422277,0.0,0.4688035495716034,590.3944125887862,530.6870339223733,1.4614972279478742e-26,1524.7791546006822,0.08304674904813689,0.013522600788798163,0.22345261077886178,0.0892191211215947,279.67028286201327,0.6035477629645516,2.791913348241921e-32,1553.478081258531,0.504,0.08572368421052631,0.0,0.0,0.48249694002447957,279.67028286201327,0.6035477629645516,2.791913348241921e-32,1553.478081258531,0.06085896779019118,0.007398687486848865,0.15983606370633638,0.06489266643253112,321.88241782155774,6.516646903067391,2.9510411131356603e-62,1273.6064419111765,0.471,0.09856425948592411,0.0024479804161566705,0.0,0.3875305997552018,321.88241782155774,6.516646903067391,2.9510411131356603e-62,1273.6064419111765,0.0910358178140152,0.013961862876157841,0.20438845013168142,0.09449631413325485,339.7082627580287,96.19554059036066,4.1945653019535756e-38,1459.9304723679315,0.372,0.10410495716034271,0.030752753977968176,0.0,0.44251835985311916,339.7082627580287,96.19554059036066,4.1945653019535756e-38,1459.9304723679315,0.12003295809335998,0.0747279044292479,0.21100161832008557,0.12753579372982599,360.86146822320336,198.86513133653568,6.061076871527666e-08,1499.9389166238525,0.25,0.11032527539779681,0.06074051407588739,0.0,0.46023561811505503,360.86146822320336,198.86513133653568,6.061076871527666e-08,1499.9389166238525
2000-04-23 00:00:00+00:00,inference-2026-08-20T16-49-50Z-2025-06-06,timeseries.json,7352.0,2583829.962722908,2952.685835745842,2528.3054430787065,3408.7130345198425,0.6293992088431533,0.5417106260112091,0.7253639031058674,0.9488192725953514,0.8131847164114016,1.0963361089722414,0.17448750042931224,0.029326976000129484,0.40686183724439196,0.18197229631564835,1559.8678116423955,973.208340676957,2.0728550574865775e-18,3670.598143251748,0.232,0.2122338139281828,0.13336507072905332,0.0,0.4998707834602829,1559.8678116423955,973.208340676957,2.0728550574865775e-18,3670.598143251748,0.12887280705878146,0.035607478681888176,0.38035062764382205,0.13609885439853342,1098.8057852505717,791.1557907732226,2.7299854579936886e-17,3534.077728916044,0.229,0.14946776387377586,0.10758977149075082,0.0,0.48137921653971705,1098.8057852505717,791.1557907732226,2.7299854579936886e-17,3534.077728916044,0.13370503363630082,0.023977055709291643,0.37040920208095657,0.1408071353717034,960.9681744337727,17.679529543442207,2.70313651193722e-19,3640.730984850438,0.434,0.13066158868335148,0.002312295973884657,0.0,0.49455930359085964,960.9681744337727,17.679529543442207,2.70313651193722e-19,3640.730984850438,0.15677943872525354,0.011011724342113137,0.40515303787786394,0.16497781849690807,1350.9598044460506,669.9749759763151,3.1487958780314617e-40,3689.8052824017504,0.344,0.18374727965179546,0.09079162132752992,0.0,0.5024551142546246,1350.9598044460506,669.9749759763151,3.1487958780314617e-40,3689.8052824017504,0.08304674904813689,0.013522600788798163,0.22345261077886178,0.0892191211215947,478.06326758663187,0.16772732285305642,8.231859003720663e-44,2340.7699579529717,0.534,0.06506215995647444,0.0,0.0,0.3175054406964091,478.06326758663187,0.16772732285305642,8.231859003720663e-44,2340.7699579529717,0.06085896779019118,0.007398687486848865,0.15983606370633638,0.06489266643253112,315.9268116893018,0.00542253155569927,1.1089710213739142e-57,2133.142760781107,0.603,0.0429737486398259,0.0,0.0,0.2886561479869423,315.9268116893018,0.00542253155569927,1.1089710213739142e-57,2133.142760781107,0.0910358178140152,0.013961862876157841,0.20438845013168142,0.09449631413325485,766.5068369829185,29.090931415545512,8.728292035565403e-33,2784.340441615186,0.405,0.10420361806311208,0.0042165397170837865,0.0,0.3792301414581065,766.5068369829185,29.090931415545512,8.728292035565403e-33,2784.340441615186,0.12003295809335998,0.0747279044292479,0.21100161832008557,0.12753579372982599,820.9015079683566,263.4141631796037,4.0585417910330376e-08,2867.5946141488316,0.273,0.11165002720348204,0.03570457018498367,0.0,0.3912200761697497,820.9015079683566,263.4141631796037,4.0585417910330376e-08,2867.5946141488316
2000-04-24 00:00:00+00:00,inference-2026-08-20T16-49-50Z-2025-06-06,timeseries.json,6048.0,2583829.962722908,2952.685835745842,2528.3054430787065,3408.7130345198425,0.6293992088431533,0.5417106260112091,0.7253639031058674,0.9488192725953514,0.8131847164114016,1.0963361089722414,0.17448750042931224,0.029326976000129484,0.40686183724439196,0.18197229631564835,1125.4469265736273,246.55136343762825,1.2833906767882525e-56,3159.30353104715,0.312,0.1858675595238095,0.04332010582010582,0.0,0.5228174603174603,1125.4469265736273,246.55136343762825,1.2833906767882525e-56,3159.30353104715,0.12887280705878146,0.035607478681888176,0.38035062764382205,0.13609885439853342,621.2033196992893,8.857320344409867,5.732497182649401e-13,3082.5891028032975,0.388,0.10271296296296296,0.001488095238095238,0.0,0.5096230158730158,621.2033196992893,8.857320344409867,5.732497182649401e-13,3082.5891028032975,0.13370503363630082,0.023977055709291643,0.37040920208095657,0.1408071353717034,765.8416121279697,25.171232174839098,4.0412646678196164e-18,2894.676485614721,0.403,0.12657142857142856,0.0038855820105820104,0.0,0.48049768518518515,765.8416121279697,25.171232174839098,4.0412646678196164e-18,2894.676485614721,0.15677943872525354,0.011011724342113137,0.40515303787786394,0.16497781849690807,872.6871776148074,24.99475848222803,1.8250897863934915e-27,3181.815659269727,0.384,0.1443141534391534,0.0038029100529100527,0.0,0.526140873015873,872.6871776148074,24.99475848222803,1.8250897863934915e-27,3181.815659269727,0.08304674904813689,0.013522600788798163,0.22345261077886178,0.0892191211215947,1172.710628141493,915.6033302697505,6.963108476954869e-14,3083.41074417415,0.181,0.19402099867724865,0.15186838624338622,0.0,0.5113095238095238,1172.710628141493,915.6033302697505,6.963108476954869e-14,3083.41074417415,0.06085896779019118,0.007398687486848865,0.15983606370633638,0.06489266643253112,90.62456338229914,0.011374256095925439,3.500098406559555e-87,524.6662509168235,0.608,0.01500760582010582,0.0,0.0,0.08933531746031742,90.62456338229914,0.011374256095925439,3.500098406559555e-87,524.6662509168235,0.0910358178140152,0.013961862876157841,0.20438845013168142,0.09449631413325485,829.7074650359032,10.493750492734538,1.0007642624757572e-60,3056.7901270553225,0.43,0.13725016534391535,0.0018187830687830687,0.0,0.5027529761904761,829.7074650359032,10.493750492734538,1.0007642624757572e-60,3056.7901270553225,0.12003295809335998,0.0747279044292479,0.21100161832008557,0.12753579372982599,569.7783074246104,10.273706671848146,2.085346633084476e-08,2750.655045110583,0.363,0.09425512566137564,0.0016534391534391533,0.0,0.4558614417989418,569.7783074246104,10.273706671848146,2.085346633084476e-08,2750.655045110583
2000-04-25 00:00:00+00:00,inference-2026-08-20T16-49-50Z-2025-06-06,timeseries.json,10224.0,2583829.962722908,2952.685835745842,2528.3054430787065,3408.7130345198425,0.6293992088431533,0.5417106260112091,0.7253639031058674,0.9488192725953514,0.8131847164114016,1.0963361089722414,0.17448750042931224,0.029326976000129484,0.40686183724439196,0.18197229631564835,2982.302715289869,165.4769469253236,2.512322501978406e-28,9841.333056433348,0.31,0.2917785602503912,0.016285211267605633,0.0,0.9626369327073553,2982.302715289869,165.4769469253236,2.512322501978406e-28,9841.333056433348,0.12887280705878146,0.035607478681888176,0.38035062764382205,0.13609885439853342,2205.8408917467646,206.6278797184864,3.4363508946388606e-08,9799.809862347623,0.187,0.21570510563380282,0.020588810641627542,0.0,0.9580447965571205,2205.8408917467646,206.6278797184864,3.4363508946388606e-08,9799.809862347623,0.13370503363630082,0.023977055709291643,0.37040920208095657,0.1408071353717034,1640.056336881713,19.77275616980547,6.486848434390486e-20,9811.000018445658,0.384,0.16047075508607195,0.0019561815336463224,0.0,0.9590179968701096,1640.056336881713,19.77275616980547,6.486848434390486e-20,9811.000018445658,0.15677943872525354,0.011011724342113137,0.40515303787786394,0.16497781849690807,2725.6642405821453,54.46854315327603,2.767750561395032e-41,9857.345283977236,0.39,0.26654880672926445,0.0051838810641627545,0.0,0.9644953051643192,2725.6642405821453,54.46854315327603,2.767750561395032e-41,9857.345283977236,0.08304674904813689,0.013522600788798163,0.22345261077886178,0.0892191211215947,447.61809263276797,0.053070619257965454,3.3757756169333407e-29,522.1518247356983,0.61,0.043768974960876374,0.0,0.0,0.053281494522679725,447.61809263276797,0.053070619257965454,3.3757756169333407e-29,522.1518247356983,0.06085896779019118,0.007398687486848865,0.15983606370633638,0.06489266643253112,46.40778807908942,0.004238009373478286,6.099501482265396e-71,303.0370286102093,0.612,0.00453804773082942,0.0,0.0,0.030242566510172125,46.40778807908942,0.004238009373478286,6.099501482265396e-71,303.0370286102093,0.0910358178140152,0.013961862876157841,0.20438845013168142,0.09449631413325485,60.44569703073498,0.07751650119280017,3.868137351053755e-35,333.5208425148758,0.554,0.005924491392801251,0.0,0.0,0.03316705790297339,60.44569703073498,0.07751650119280017,3.868137351053755e-35,333.5208425148758,0.12003295809335998,0.0747279044292479,0.21100161832008557,0.12753579372982599,115.66423775691922,40.18012680456106,7.801925103795844e-09,379.2063026083049,0.34,0.011265258215962443,0.004107981220657277,0.0,0.036776212832550864,115.66423775691922,40.18012680456106,7.801925103795844e-09,379.2063026083049
2000-04-26 00:00:00+00:00,inference-2026-08-20T16-49-50Z-2025-06-06,timeseries.json,1933.0,2583829.962722908,2952.685835745842,2528.3054430787065,3408.7130345198425,0.6293992088431533,0.5417106260112091,0.7253639031058674,0.9488192725953514,0.8131847164114016,1.0963361089722414,0.17448750042931224,0.029326976000129484,0.40686183724439196,0.18197229631564835,585.7097913803316,48.06925098921571,1.2709379044015757e-17,1678.3138491444292,0.34,0.3032452146921883,0.024831867563372995,0.0,0.8691153647180548,585.7097913803316,48.06925098921571,1.2709379044015757e-17,1678.3138491444292,0.12887280705878146,0.035607478681888176,0.38035062764382205,0.13609885439853342,372.262049638438,3.610668806105716,1.0796574072290898e-13,1670.148792486002,0.431,0.19243404035178474,0.0015519917227108122,0.0,0.8623900672529746,372.262049638438,3.610668806105716,1.0796574072290898e-13,1670.148792486002,0.13370503363630082,0.023977055709291643,0.37040920208095657,0.1408071353717034,321.34797965354124,6.841524620409184,2.6253153533754847e-23,1645.9703085563956,0.444,0.16625038799793068,0.003362648732540093,0.0,0.8515519917227108,321.34797965354124,6.841524620409184,2.6253153533754847e-23,1645.9703085563956,0.15677943872525354,0.011011724342113137,0.40515303787786394,0.16497781849690807,365.09662025123123,1.9431338712360386,7.51861930103376e-42,1676.3640333837632,0.462,0.18891205380237971,0.0010346611484738748,0.0,0.8670719089498189,365.09662025123123,1.9431338712360386,7.51861930103376e-42,1676.3640333837632,0.08304674904813689,0.013522600788798163,0.22345261077886178,0.0892191211215947,134.21984301437146,3.3877515025149956,1.1340599310935214e-63,305.505939118417,0.456,0.0693404035178479,0.0015519917227108122,0.0,0.15380237972064134,134.21984301437146,3.3877515025149956,1.1340599310935214e-63,305.505939118417,0.06085896779019118,0.007398687486848865,0.15983606370633638,0.06489266643253112,18.202812036118846,1.9400442847145284e-05,1.4552285644104398e-120,137.3046217463737,0.724,0.009425763062596997,0.0,0.0,0.07250387997930671,18.202812036118846,1.9400442847145284e-05,1.4552285644104398e-120,137.3046217463737,0.0910358178140152,0.013961862876157841,0.20438845013168142,0.09449631413325485,55.85260745039222,0.2760206760177724,6.577553270972604e-43,255.1233749642018,0.52,0.02880910501810657,0.0,0.0,0.13142783238489392,55.85260745039222,0.2760206760177724,6.577553270972604e-43,255.1233749642018,0.12003295809335998,0.0747279044292479,0.21100161832008557,0.12753579372982599,80.30829657557373,6.55806606554006,3.469530843819719e-08,266.41688893693856,0.395,0.04158303155716503,0.003362648732540093,0.0,0.13711846870150024,80.30829657557373,6.55806606554006,3.469530843819719e-08,266.41688893693856
2000-04-27 00:00:00+00:00,inference-2026-08-20T16-49-50Z-2025-06-06,timeseries.json,2204.0,2583829.962722908,2952.685835745842,2528.3054430787065,3408.7130345198425,0.6293992088431533,0.5417106260112091,0.7253639031058674,0.9488192725953514,0.8131847164114016,1.0963361089722414,0.17448750042931224,0.029326976000129484,0.40686183724439196,0.18197229631564835,803.129765876752,451.9565768350102,3.9759024432752493e-19,1702.2081205422694,0.183,0.3647100725952813,0.1971415607985481,0.0,0.7745009074410163,803.129765876752,451.9565768350102,3.9759024432752493e-19,1702.2081205422694,0.12887280705878146,0.035607478681888176,0.38035062764382205,0.13609885439853342,285.02110636770993,28.047857937017938,2.412139235880549e-11,1678.0221261748704,0.362,0.12913747731397462,0.01338475499092559,0.0,0.7558983666061706,285.02110636770993,28.047857937017938,2.412139235880549e-11,1678.0221261748704,0.13370503363630082,0.023977055709291643,0.37040920208095657,0.1408071353717034,359.8907965586314,35.42593772640197,1.478660647153949e-15,1688.9577147901323,0.325,0.16341560798548094,0.014972776769509982,0.0,0.7654491833030853,359.8907965586314,35.42593772640197,1.478660647153949e-15,1688.9577147901323,0.15677943872525354,0.011011724342113137,0.40515303787786394,0.16497781849690807,463.6321742029401,216.39747880200565,2.749312231265808e-27,1696.4041811657412,0.267,0.21016969147005446,0.10027223230490018,0.0,0.7690789473684211,463.6321742029401,216.39747880200565,2.749312231265808e-27,1696.4041811657412,0.08304674904813689,0.013522600788798163,0.22345261077886178,0.0892191211215947,58.06318786538194,0.030562097896051223,3.2874482318439287e-28,356.2048022629631,0.609,0.026312159709618872,0.0,0.0,0.16113883847549904,58.06318786538194,0.030562097896051223,3.2874482318439287e-28,356.2048022629631,0.06085896779019118,0.007398687486848865,0.15983606370633638,0.06489266643253112,88.55825375792186,10.64399899243805,3.331297645074311e-101,269.4487760648283,0.436,0.04018194192377496,0.0054446460980036296,0.0,0.12386569872958257,88.55825375792186,10.64399899243805,3.331297645074311e-101,269.4487760648283,0.0910358178140152,0.013961862876157841,0.20438845013168142,0.09449631413325485,57.9278996560408,0.3722379130679935,4.2191247572805345e-32,318.70254943100923,0.511,0.02621324863883848,0.0,0.0,0.14258166969146996,57.9278996560408,0.3722379130679935,4.2191247572805345e-32,318.70254943100923,0.12003295809335998,0.0747279044292479,0.21100161832008557,0.12753579372982599,87.77681571462179,23.127304766856774,1.5761564770150736e-06,306.68799021024756,0.325,0.0398598003629764,0.009528130671506351,0.0,0.1397459165154265,87.77681571462179,23.127304766856774,1.5761564770150736e-06,306.68799021024756
2000-04-28 00:00:00+00:00,inference-2026-08-20T16-49-50Z-2025-06-06,timeseries.json,3221.0,2583829.962722908,2952.685835745842,2528.3054430787065,3408.7130345198425,0.6293992088431533,0.5417106260112091,0.7253639031058674,0.9488192725953514,0.8131847164114016,1.0963361089722414,0.17448750042931224,0.029326976000129484,0.40686183724439196,0.18197229631564835,711.960937941859,274.9248769916896,5.211344375928129e-31,2245.1723663175976,0.294,0.2208205526234089,0.08491151816206147,0.0,0.6985408258304874,711.960937941859,274.9248769916896,5.211344375928129e-31,2245.1723663175976,0.12887280705878146,0.035607478681888176,0.38035062764382205,0.13609885439853342,524.9573861171052,116.7726497300787,5.870272997664501e-09,2234.395467489537,0.308,0.16317820552623408,0.03694504812170134,0.0,0.6932629618131015,524.9573861171052,116.7726497300787,5.870272997664501e-09,2234.395467489537,0.13370503363630082,0.023977055709291643,0.37040920208095657,0.1408071353717034,662.8595007166339,159.80628828322148,1.0179636077943775e-14,2241.1009961326263,0.272,0.20552033529959637,0.04765600745110214,0.0,0.6957466625271654,662.8595007166339,159.80628828322148,1.0179636077943775e-14,2241.1009961326263,0.15677943872525354,0.011011724342113137,0.40515303787786394,0.16497781849690807,648.4719450516377,367.2148419287696,2.2062237851569345e-23,2245.2555456225446,0.232,0.20154734554486184,0.11425023284694194,0.0,0.6982303632412294,648.4719450516377,367.2148419287696,2.2062237851569345e-23,2245.2555456225446,0.08304674904813689,0.013522600788798163,0.22345261077886178,0.0892191211215947,179.66642791468408,0.022188638254105324,1.2899081723536292e-37,726.5647591449922,0.573,0.055772120459484625,0.0,0.0,0.2188606022974229,179.66642791468408,0.022188638254105324,1.2899081723536292e-37,726.5647591449922,0.06085896779019118,0.007398687486848865,0.15983606370633638,0.06489266643253112,217.5354934400875,16.853284626085056,4.779191408858438e-65,625.243072237527,0.446,0.0675166097485253,0.0048121701334989135,0.0,0.19591741695125736,217.5354934400875,16.853284626085056,4.779191408858438e-65,625.243072237527,0.0910358178140152,0.013961862876157841,0.20438845013168142,0.09449631413325485,108.76331520001037,1.4364539922766997,7.551907461328009e-24,573.382024010451,0.468,0.03381775846010556,0.0003104625892579944,0.0,0.1819466004346476,108.76331520001037,1.4364539922766997,7.551907461328009e-24,573.382024010451,0.12003295809335998,0.0747279044292479,0.21100161832008557,0.12753579372982599,166.78499361798296,14.604904805375575,3.339695296830275e-08,622.0042584121467,0.355,0.051827072337783296,0.0046569388388699165,0.0,0.1931232536479354,166.78499361798296,14.604904805375575,3.339695296830275e-08,622.0042584121467
2000-04-29 00:00:00+00:00,inference-2026-08-20T16-49-50Z-2025-06-06,timeseries.json,3761.0,2583829.962722908,2952.685835745842,2528.3054430787065,3408.7130345198425,0.6293992088431533,0.5417106260112091,0.7253639031058674,0.9488192725953514,0.8131847164114016,1.0963361089722414,0.17448750042931224,0.029326976000129484,0.40686183724439196,0.18197229631564835,702.9574602358963,126.95992497354659,2.341374264645499e-39,2393.2821854594936,0.323,0.18677957989896304,0.03416644509438979,0.0,0.6373304972081894,702.9574602358963,126.95992497354659,2.341374264645499e-39,2393.2821854594936,0.12887280705878146,0.035607478681888176,0.38035062764382205,0.13609885439853342,690.6563478232395,329.37252777980393,1.2587155880065647e-12,2388.543895775012,0.278,0.18363440574315343,0.0881414517415581,0.0,0.6344057431534167,690.6563478232395,329.37252777980393,1.2587155880065647e-12,2388.543895775012,0.13370503363630082,0.023977055709291643,0.37040920208095657,0.1408071353717034,543.685287534634,108.56602968648126,6.839023620580225e-17,2391.4149230742264,0.291,0.14464956128689177,0.028316936984844457,0.0,0.636001063546929,543.685287534634,108.56602968648126,6.839023620580225e-17,2391.4149230742264,0.15677943872525354,0.011011724342113137,0.40515303787786394,0.16497781849690807,918.6429900963767,621.6053189281422,2.7628185335118293e-25,2399.4099014129397,0.243,0.24393432597713377,0.1657803775591598,0.0,0.6383940441371976,918.6429900963767,621.6053189281422,2.7628185335118293e-25,2399.4099014129397,0.08304674904813689,0.013522600788798163,0.22345261077886178,0.0892191211215947,233.50678977738625,0.2521244393920008,1.4783863113597216e-28,1037.2252431532675,0.527,0.062111672427545866,0.0,0.0,0.271550119649022,233.50678977738625,0.2521244393920008,1.4783863113597216e-28,1037.2252431532675,0.06085896779019118,0.007398687486848865,0.15983606370633638,0.06489266643253112,280.97887823236135,43.54653037470247,2.0591950955508086e-66,792.4120939333797,0.434,0.07481068864663654,0.01262961978197288,0.0,0.21192501994150492,280.97887823236135,43.54653037470247,2.0591950955508086e-66,792.4120939333797,0.0910358178140152,0.013961862876157841,0.20438845013168142,0.09449631413325485,159.19762364509236,19.47623395213208,7.588787293064445e-27,751.7058393567426,0.399,0.04237038021802712,0.00425418771603297,0.0,0.19945493219888322,159.19762364509236,19.47623395213208,7.588787293064445e-27,751.7058393567426,0.12003295809335998,0.0747279044292479,0.21100161832008557,0.12753579372982599,231.37462265501432,72.99133168116632,6.826978387586231e-07,751.4797029875746,0.255,0.061709385801648496,0.019143844722148366,0.0,0.1999468226535496,231.37462265501432,72.99133168116632,6.826978387586231e-07,751.4797029875746
2000-04-30 00:00:00+00:00,inference-2026-08-20T16-49-50Z-2025-06-06,timeseries.json,3469.0,2583829.962722908,2952.685835745842,2528.3054430787065,3408.7130345198425,0.6293992088431533,0.5417106260112091,0.7253639031058674,0.9488192725953514,0.8131847164114016,1.0963361089722414,0.17448750042931224,0.029326976000129484,0.40686183724439196,0.18197229631564835,1361.6080789509938,34.24499010946563,2.9195992531188797e-28,3445.2183423783063,0.325,0.392424329778034,0.009801095416546555,0.0,0.9933698472182185,1361.6080789509938,34.24499010946563,2.9195992531188797e-28,3445.2183423783063,0.12887280705878146,0.035607478681888176,0.38035062764382205,0.13609885439853342,402.8521032741026,0.9334536675470695,1.0456897630365866e-12,3425.842212897759,0.484,0.11622456039204383,0.0002882675122513693,0.0,0.9881810319976939,402.8521032741026,0.9334536675470695,1.0456897630365866e-12,3425.842212897759,0.13370503363630082,0.023977055709291643,0.37040920208095657,0.1408071353717034,512.8848730930159,0.3680512951874645,5.0570918925491944e-20,3418.725816736227,0.513,0.1479074661285673,0.0,0.0,0.9853127702507928,512.8848730930159,0.3680512951874645,5.0570918925491944e-20,3418.725816736227,0.15677943872525354,0.011011724342113137,0.40515303787786394,0.16497781849690807,1002.8899601553103,2.9793773112633546,3.542807182351386e-30,3441.4025169484794,0.446,0.28901931392332086,0.0008648025367541078,0.0,0.9919285096569617,1002.8899601553103,2.9793773112633546,3.542807182351386e-30,3441.4025169484794,0.08304674904813689,0.013522600788798163,0.22345261077886178,0.0892191211215947,167.45557848359465,0.0003876115414339289,3.707753976777731e-30,84.46781658026109,0.74,0.048271836264053035,0.0,0.0,0.02509368694147198,167.45557848359465,0.0003876115414339289,3.707753976777731e-30,84.46781658026109,0.06085896779019118,0.007398687486848865,0.15983606370633638,0.06489266643253112,4.532637457405483,1.1121989937325998e-05,1.3315732149733307e-77,33.23609267776202,0.74,0.001293456327471894,0.0,0.0,0.009224560392043817,4.532637457405483,1.1121989937325998e-05,1.3315732149733307e-77,33.23609267776202,0.0910358178140152,0.013961862876157841,0.20438845013168142,0.09449631413325485,6.575893670295752,0.03731210771967275,5.816545358274723e-45,33.19700141554724,0.622,0.0019089074661285672,0.0,0.0,0.010377630441049293,6.575893670295752,0.03731210771967275,5.816545358274723e-45,33.19700141554724,0.12003295809335998,0.0747279044292479,0.21100161832008557,0.12753579372982599,10.200874915281306,1.2135264535881398,3.030394567138327e-09,41.15080182956166,0.448,0.002950129720380513,0.0002882675122513693,0.0,0.012121648890170063,10.200874915281306,1.2135264535881398,3.030394567138327e-09,41.15080182956166
2000-05-01 00:00:00+00:00,inference-2026-08-20T16-49-50Z-2025-06-06,timeseries.json,357.0,2583829.962722908,2952.685835745842,2528.3054430787065,3408.7130345198425,0.6293992088431533,0.5417106260112091,0.7253639031058674,0.9488192725953514,0.8131847164114016,1.0963361089722414,0.17448750042931224,0.029326976000129484,0.40686183724439196,0.18197229631564835,38.6392403151935,13.984674513791758,4.814424943773338e-43,176.0302718956114,0.369,0.10880672268907562,0.03781512605042017,0.0,0.4932773109243695,38.6392403151935,13.984674513791758,4.814424943773338e-43,176.0302718956114,0.12887280705878146,0.035607478681888176,0.38035062764382205,0.13609885439853342,60.51681772979907,30.972190567638734,1.0930550431624183e-11,239.5819789139657,0.345,0.16975070028011202,0.08683473389355742,0.0,0.672549019607843,60.51681772979907,30.972190567638734,1.0930550431624183e-11,239.5819789139657,0.13370503363630082,0.023977055709291643,0.37040920208095657,0.1408071353717034,29.59631803074242,2.4514083788666685,8.753131111266336e-20,137.95836328685263,0.455,0.08277310924369749,0.008403361344537815,0.0,0.3782913165266105,29.59631803074242,2.4514083788666685,8.753131111266336e-20,137.95836328685263,0.15677943872525354,0.011011724342113137,0.40515303787786394,0.16497781849690807,68.31575305785938,56.78501228668232,1.2596959176426856e-24,229.39363612069465,0.315,0.19118207282913163,0.1568627450980392,0.0,0.652941176470588,68.31575305785938,56.78501228668232,1.2596959176426856e-24,229.39363612069465,0.08304674904813689,0.013522600788798163,0.22345261077886178,0.0892191211215947,30.946152394939713,0.013919882500574812,9.491603242531453e-38,196.31030546173196,0.606,0.08600560224089636,0.0,0.0,0.5547619047619047,30.946152394939713,0.013919882500574812,9.491603242531453e-38,196.31030546173196,0.06085896779019118,0.007398687486848865,0.15983606370633638,0.06489266643253112,41.809697173038295,0.07245329069145781,1.7807190932837855e-130,182.2371812538665,0.529,0.11724649859943978,0.0,0.0,0.5098039215686274,41.809697173038295,0.07245329069145781,1.7807190932837855e-130,182.2371812538665,0.0910358178140152,0.013961862876157841,0.20438845013168142,0.09449631413325485,32.93678450786589,0.207276948488689,5.251789926893313e-41,206.67888681168387,0.542,0.092593837535014,0.0,0.0,0.5694677871148451,32.93678450786589,0.207276948488689,5.251789926893313e-41,206.67888681168387,0.12003295809335998,0.0747279044292479,0.21100161832008557,0.12753579372982599,54.23923679056172,14.462058190165664,5.672267828639699e-08,204.26530279789702,0.326,0.15164145658263303,0.04061624649859944,0.0,0.5745098039215684,54.23923679056172,14.462058190165664,5.672267828639699e-08,204.26530279789702
2000-05-02 00:00:00+00:00,inference-2026-08-20T16-49-50Z-2025-06-06,timeseries.json,347.0,2583829.962722908,2952.685835745842,2528.3054430787065,3408.7130345198425,0.6293992088431533,0.5417106260112091,0.7253639031058674,0.9488192725953514,0.8131847164114016,1.0963361089722414,0.17448750042931224,0.029326976000129484,0.40686183724439196,0.18197229631564835,28.11591431299355,13.219396015449263,1.722951697217013e-19,139.92108381178625,0.337,0.08113832853025937,0.037463976945244955,0.0,0.40951008645533116,28.11591431299355,13.219396015449263,1.722951697217013e-19,139.92108381178625,0.12887280705878146,0.035607478681888176,0.38035062764382205,0.13609885439853342,30.312119078965267,2.987301090926862,2.6724606167017387e-12,148.3621038411132,0.421,0.08705763688760806,0.008645533141210375,0.0,0.4237752161383284,30.312119078965267,2.987301090926862,2.6724606167017387e-12,148.3621038411132,0.13370503363630082,0.023977055709291643,0.37040920208095657,0.1408071353717034,38.72816057627554,0.594147376973109,7.310425057329953e-26,226.98079940052875,0.49,0.11172046109510086,0.002881844380403458,0.0,0.6484149855907781,38.72816057627554,0.594147376973109,7.310425057329953e-26,226.98079940052875,0.15677943872525354,0.011011724342113137,0.40515303787786394,0.16497781849690807,62.18203637088862,26.513684040547574,1.4268449910613024e-30,225.96916613239077,0.26,0.18012968299711815,0.07492795389048991,0.0,0.660086455331412,62.18203637088862,26.513684040547574,1.4268449910613024e-30,225.96916613239077,0.08304674904813689,0.013522600788798163,0.22345261077886178,0.0892191211215947,24.812436476876332,0.003099049123975838,9.258028555892804e-33,183.8371306388279,0.677,0.0712478386167147,0.0,0.0,0.5334293948126799,24.812436476876332,0.003099049123975838,9.258028555892804e-33,183.8371306388279,0.06085896779019118,0.007398687486848865,0.15983606370633638,0.06489266643253112,76.52986695308014,3.2864357210165247,2.7419593987156654e-81,237.06342085119095,0.465,0.21997982708933717,0.008645533141210375,0.0,0.6829971181556196,76.52986695308014,3.2864357210165247,2.7419593987156654e-81,237.06342085119095,0.0910358178140152,0.013961862876157841,0.20438845013168142,0.09449631413325485,31.016163732387486,0.04854236336197536,2.3858899301246814e-27,178.31673894558077,0.604,0.08913256484149856,0.0,0.0,0.5190201729106626,31.016163732387486,0.04854236336197536,2.3858899301246814e-27,178.31673894558077,0.12003295809335998,0.0747279044292479,0.21100161832008557,0.12753579372982599,55.303302498533085,2.0810909723140814,1.4229877841442713e-09,228.80458889200997,0.419,0.1595936599423631,0.005763688760806916,0.0,0.654178674351585,55.303302498533085,2.0810909723140814,1.4229877841442713e-09,228.80458889200997
2000-05-03 00:00:00+00:00,inference-2026-08-20T16-49-50Z-2025-06-06,timeseries.json,2740.0,2583829.962722908,2952.685835745842,2528.3054430787065,3408.7130345198425,0.6293992088431533,0.5417106260112091,0.7253639031058674,0.9488192725953514,0.8131847164114016,1.0963361089722414,0.17448750042931224,0.029326976000129484,0.40686183724439196,0.18197229631564835,241.5307140778394,148.69598101226842,2.4795685573648097e-37,969.262038382024,0.249,0.08844014598540145,0.05620437956204379,0.0,0.35395985401459823,241.5307140778394,148.69598101226842,2.4795685573648097e-37,969.262038382024,0.12887280705878146,0.035607478681888176,0.38035062764382205,0.13609885439853342,249.72630382041066,44.64230483043019,1.4458504271205194e-08,1078.2399164190456,0.298,0.09103613138686131,0.016423357664233577,0.0,0.38691605839416054,249.72630382041066,44.64230483043019,1.4458504271205194e-08,1078.2399164190456,0.13370503363630082,0.023977055709291643,0.37040920208095657,0.1408071353717034,331.18031448611407,61.83206186183433,1.7235935493515084e-15,1661.7078253188529,0.313,0.12119525547445255,0.02317518248175182,0.0,0.6014963503649635,331.18031448611407,61.83206186183433,1.7235935493515084e-15,1661.7078253188529,0.15677943872525354,0.011011724342113137,0.40515303787786394,0.16497781849690807,479.2949972854337,220.86297083545475,3.7685757077408313e-32,1674.8824394004318,0.253,0.17464817518248177,0.07992700729927008,0.0,0.6139598540145984,479.2949972854337,220.86297083545475,3.7685757077408313e-32,1674.8824394004318,0.08304674904813689,0.013522600788798163,0.22345261077886178,0.0892191211215947,200.79140154645052,0.04384733271160506,1.0779522459811903e-29,1388.454880329221,0.581,0.07321277372262774,0.0,0.0,0.5056386861313867,200.79140154645052,0.04384733271160506,1.0779522459811903e-29,1388.454880329221,0.06085896779019118,0.007398687486848865,0.15983606370633638,0.06489266643253112,562.5664027301924,125.26677030469497,9.177504770719148e-56,1706.082615328741,0.383,0.20517080291970802,0.043795620437956206,0.0,0.6222992700729927,562.5664027301924,125.26677030469497,9.177504770719148e-56,1706.082615328741,0.0910358178140152,0.013961862876157841,0.20438845013168142,0.09449631413325485,247.12602821279168,0.6286540128459588,4.495619133413626e-24,1369.2089155873887,0.502,0.09027627737226278,0.0,0.0,0.500839416058394,247.12602821279168,0.6286540128459588,4.495619133413626e-24,1369.2089155873887,0.12003295809335998,0.0747279044292479,0.21100161832008557,0.12753579372982599,427.7838378407667,7.437240787272044,1.674374408337926e-06,1673.221470226592,0.382,0.1560204379562044,0.0025547445255474453,0.0,0.6127919708029197,427.7838378407667,7.437240787272044,1.674374408337926e-06,1673.221470226592
2000-05-04 00:00:00+00:00,inference-2026-08-20T16-49-50Z-2025-06-06,timeseries.json,2604.0,2583829.962722908,2952.685835745842,2528.3054430787065,3408.7130345198425,0.6293992088431533,0.5417106260112091,0.7253639031058674,0.9488192725953514,0.8131847164114016,1.0963361089722414,0.17448750042931224,0.029326976000129484,0.40686183724439196,0.18197229631564835,542.7110284169638,198.83919185136122,1.926017130831243e-42,1545.4344200440264,0.291,0.2083306451612903,0.07738095238095238,0.0,0.5940860215053764,542.7110284169638,198.83919185136122,1.926017130831243e-42,1545.4344200440264,0.12887280705878146,0.035607478681888176,0.38035062764382205,0.13609885439853342,436.06530646281686,299.8503842846904,3.428129134023231e-09,1518.1230268267734,0.251,0.1672611367127496,0.11482334869431643,0.0,0.583352534562212,436.06530646281686,299.8503842846904,3.428129134023231e-09,1518.1230268267734,0.13370503363630082,0.023977055709291643,0.37040920208095657,0.1408071353717034,371.11567527886956,141.70161069133025,1.0872265078629774e-17,1536.5579020773641,0.319,0.14265821812596005,0.05568356374807988,0.0,0.5894777265745008,371.11567527886956,141.70161069133025,1.0872265078629774e-17,1536.5579020773641,0.15677943872525354,0.011011724342113137,0.40515303787786394,0.16497781849690807,552.1623039563062,320.8276157905242,1.4120543925665085e-41,1543.539816147789,0.248,0.21189324116743471,0.1228878648233487,0.0,0.5933179723502304,552.1623039563062,320.8276157905242,1.4120543925665085e-41,1543.539816147789,0.08304674904813689,0.013522600788798163,0.22345261077886178,0.0892191211215947,180.99707406378477,0.27731945530228425,2.246854708985075e-34,689.8818980417955,0.519,0.06969777265745009,0.0,0.0,0.2623079877112135,180.99707406378477,0.27731945530228425,2.246854708985075e-34,689.8818980417955,0.06085896779019118,0.007398687486848865,0.15983606370633638,0.06489266643253112,134.07727945239972,3.7969967740103967,1.8712723261957363e-128,494.38973249744373,0.461,0.051646697388632874,0.0015360983102918587,0.0,0.1868087557603685,134.07727945239972,3.7969967740103967,1.8712723261957363e-128,494.38973249744373,0.0910358178140152,0.013961862876157841,0.20438845013168142,0.09449631413325485,183.3490448537643,14.434596249580046,3.8679428318808135e-25,624.0984593537909,0.422,0.07028840245775729,0.006336405529953917,0.0,0.23782642089093692,183.3490448537643,14.434596249580046,3.8679428318808135e-25,624.0984593537909,0.12003295809335998,0.0747279044292479,0.21100161832008557,0.12753579372982599,203.52228751509458,131.57815534613314,7.558641358614912e-08,593.0281280933835,0.262,0.07822388632872503,0.050883256528417825,0.0,0.22895545314900145,203.52228751509458,131.57815534613314,7.558641358614912e-08,593.0281280933835
2000-05-05 00:00:00+00:00,inference-2026-08-20T16-49-50Z-2025-06-06,timeseries.json,6486.0,2583829.962722908,2952.685835745842,2528.3054430787065,3408.7130345198425,0.6293992088431533,0.5417106260112091,0.7253639031058674,0.9488192725953514,0.8131847164114016,1.0963361089722414,0.17448750042931224,0.029326976000129484,0.40686183724439196,0.18197229631564835,2544.6748910431197,128.1941428782743,5.981574591454683e-36,6366.410037600615,0.352,0.3923465926611162,0.01919518963922294,0.0,0.9821153253160654,2544.6748910431197,128.1941428782743,5.981574591454683e-36,6366.410037600615,0.12887280705878146,0.035607478681888176,0.38035062764382205,0.13609885439853342,674.9358161339381,2.5460306547115077,1.587469594003087e-09,6334.663794665917,0.437,0.10409851988899169,0.0003083564600678384,0.0,0.9768732654949122,674.9358161339381,2.5460306547115077,1.587469594003087e-09,6334.663794665917,0.13370503363630082,0.023977055709291643,0.37040920208095657,0.1408071353717034,983.6142050337006,3.2554027737412152,7.319548933474749e-18,6330.052614758633,0.412,0.15162318840579708,0.0006167129201356768,0.0,0.975177304964539,983.6142050337006,3.2554027737412152,7.319548933474749e-18,6330.052614758633,0.15677943872525354,0.011011724342113137,0.40515303787786394,0.16497781849690807,1888.0768959500217,0.22216988096027301,6.678062240491662e-38,6353.489124241429,0.525,0.291068300955905,0.0,0.0,0.9794942954054887,1888.0768959500217,0.22216988096027301,6.678062240491662e-38,6353.489124241429,0.08304674904813689,0.013522600788798163,0.22345261077886178,0.0892191211215947,320.08389778180015,0.0004271556910119822,1.0890610099097068e-56,432.06559421452494,0.731,0.04933950046253469,0.0,0.0,0.0673527597902792,320.08389778180015,0.0004271556910119822,1.0890610099097068e-56,432.06559421452494,0.06085896779019118,0.007398687486848865,0.15983606370633638,0.06489266643253112,22.930704188084732,0.0011290580883945387,1.2441382720851794e-66,150.97653220084607,0.696,0.003535460992907801,0.0,0.0,0.02358926919518964,22.930704188084732,0.0011290580883945387,1.2441382720851794e-66,150.97653220084607,0.0910358178140152,0.013961862876157841,0.20438845013168142,0.09449631413325485,29.851256581386654,0.1425249702254754,3.2502500515126134e-22,155.4975899270451,0.573,0.004639685476410731,0.0,0.0,0.024051803885291396,29.851256581386654,0.1425249702254754,3.2502500515126134e-22,155.4975899270451,0.12003295809335998,0.0747279044292479,0.21100161832008557,0.12753579372982599,21.832333287946824,0.22197135072192672,7.885134992320548e-11,140.16883783624453,0.581,0.003348751156336725,0.0,0.0,0.02143848288621646,21.832333287946824,0.22197135072192672,7.885134992320548e-11,140.16883783624453
2000-05-06 00:00:00+00:00,inference-2026-08-20T16-49-50Z-2025-06-06,timeseries.json,616.0,2583829.962722908,2952.685835745842,2528.3054430787065,3408.7130345198425,0.6293992088431533,0.5417106260112091,0.7253639031058674,0.9488192725953514,0.8131847164114016,1.0963361089722414,0.17448750042931224,0.029326976000129484,0.40686183724439196,0.18197229631564835,26.021479031824185,9.881344099411727,1.2937809445268973e-24,127.88434264731846,0.353,0.04239285714285714,0.016233766233766232,0.0,0.20478896103896083,26.021479031824185,9.881344099411727,1.2937809445268973e-24,127.88434264731846,0.12887280705878146,0.035607478681888176,0.38035062764382205,0.13609885439853342,45.785554760706354,0.9120705481678001,1.1996169228443464e-15,329.3338833229215,0.478,0.07425487012987014,0.0016233766233766235,0.0,0.532954545454545,45.785554760706354,0.9120705481678001,1.1996169228443464e-15,329.3338833229215,0.13370503363630082,0.023977055709291643,0.37040920208095657,0.1408071353717034,89.05649246260643,0.8599420069262864,2.2881363698565355e-22,558.3543019101267,0.479,0.14475324675324674,0.0016233766233766235,0.0,0.90762987012987,89.05649246260643,0.8599420069262864,2.2881363698565355e-22,558.3543019101267,0.15677943872525354,0.011011724342113137,0.40515303787786394,0.16497781849690807,43.63249913173374,3.403571274353718,1.785027727060379e-28,217.32305405389914,0.437,0.07057467532467532,0.006493506493506494,0.0,0.37362012987012966,43.63249913173374,3.403571274353718,1.785027727060379e-28,217.32305405389914,0.08304674904813689,0.013522600788798163,0.22345261077886178,0.0892191211215947,68.50105352249088,0.06274522188963794,1.3371011772308733e-49,440.694937417107,0.562,0.11091071428571428,0.0,0.0,0.7225649350649349,68.50105352249088,0.06274522188963794,1.3371011772308733e-49,440.694937417107,0.06085896779019118,0.007398687486848865,0.15983606370633638,0.06489266643253112,64.37040994133285,0.0002908938422208746,2.039649178635389e-67,452.2775667827858,0.659,0.10462987012987013,0.0,0.0,0.7356331168831166,64.37040994133285,0.0002908938422208746,2.039649178635389e-67,452.2775667827858,0.0910358178140152,0.013961862876157841,0.20438845013168142,0.09449631413325485,127.75198939517362,1.074301878305218,2.403108183481909e-40,545.0579394990496,0.486,0.2072435064935065,0.0016233766233766235,0.0,0.8864448051948051,127.75198939517362,1.074301878305218,2.403108183481909e-40,545.0579394990496,0.12003295809335998,0.0747279044292479,0.21100161832008557,0.12753579372982599,150.88052175413173,27.472067224764636,1.4095620800399678e-08,572.4442698838603,0.303,0.2452402597402597,0.041396103896103896,0.0,0.9301948051948052,150.88052175413173,27.472067224764636,1.4095620800399678e-08,572.4442698838603
2000-05-07 00:00:00+00:00,inference-2026-08-20T16-49-50Z-2025-06-06,timeseries.json,594.0,2583829.962722908,2952.685835745842,2528.3054430787065,3408.7130345198425,0.6293992088431533,0.5417106260112091,0.7253639031058674,0.9488192725953514,0.8131847164114016,1.0963361089722414,0.17448750042931224,0.029326976000129484,0.40686183724439196,0.18197229631564835,12.977389909938431,2.2270709420056907,6.333940234165249e-44,35.38002302331889,0.448,0.02198148148148148,0.003367003367003367,0.0,0.06060606060606061,12.977389909938431,2.2270709420056907,6.333940234165249e-44,35.38002302331889,0.12887280705878146,0.035607478681888176,0.38035062764382205,0.13609885439853342,38.00005384303457,1.0858756526479558,3.2635400301663824e-12,244.12569726550376,0.479,0.06403872053872053,0.0016835016835016834,0.0,0.41792929292929254,38.00005384303457,1.0858756526479558,3.2635400301663824e-12,244.12569726550376,0.13370503363630082,0.023977055709291643,0.37040920208095657,0.1408071353717034,88.98620163644952,6.437917049746138,3.1971977807298974e-20,558.2628775946953,0.394,0.14993434343434345,0.010942760942760943,0.0,0.9393939393939394,88.98620163644952,6.437917049746138,3.1971977807298974e-20,558.2628775946953,0.15677943872525354,0.011011724342113137,0.40515303787786394,0.16497781849690807,12.476885854024598,0.3246719129687815,3.768913383696984e-48,37.186545016657305,0.528,0.021131313131313133,0.0,0.0,0.06228956228956229,12.476885854024598,0.3246719129687815,3.768913383696984e-48,37.186545016657305,0.08304674904813689,0.013522600788798163,0.22345261077886178,0.0892191211215947,102.56011205547676,0.46791076919266317,4.451899555662889e-32,533.0757499923402,0.503,0.17266835016835014,0.0,0.0,0.9043771043771042,102.56011205547676,0.46791076919266317,4.451899555662889e-32,533.0757499923402,0.06085896779019118,0.007398687486848865,0.15983606370633638,0.06489266643253112,67.08921577346565,0.0004481845955734993,3.293443550043288e-81,540.0755130319275,0.654,0.11314309764309763,0.0,0.0,0.9024410774410774,67.08921577346565,0.0004481845955734993,3.293443550043288e-81,540.0755130319275,0.0910358178140152,0.013961862876157841,0.20438845013168142,0.09449631413325485,183.52214661135838,4.403047025785242,4.710893148992511e-26,561.9450979593963,0.444,0.30858417508417507,0.006734006734006734,0.0,0.9461279461279462,183.52214661135838,4.403047025785242,4.710893148992511e-26,561.9450979593963,0.12003295809335998,0.0747279044292479,0.21100161832008557,0.12753579372982599,88.38799431625219,1.8162311405595366,2.0829422406193324e-09,518.7709695279674,0.437,0.14851851851851852,0.003367003367003367,0.0,0.8738215488215487,88.38799431625219,1.8162311405595366,2.0829422406193324e-09,518.7709695279674
2000-05-08 00:00:00+00:00,inference-2026-08-20T16-49-50Z-2025-06-06,timeseries.json,2247.0,2583829.962722908,2952.685835745842,2528.3054430787065,3408.7130345198425,0.6293992088431533,0.5417106260112091,0.7253639031058674,0.9488192725953514,0.8131847164114016,1.0963361089722414,0.17448750042931224,0.029326976000129484,0.40686183724439196,0.18197229631564835,89.72194964534569,1.6650161680396147,6.685679428767888e-37,703.4884472226703,0.458,0.04001958166444147,0.0004450378282153983,0.0,0.3168669336893632,89.72194964534569,1.6650161680396147,6.685679428767888e-37,703.4884472226703,0.12887280705878146,0.035607478681888176,0.38035062764382205,0.13609885439853342,84.56537074203877,0.41324242151115675,2.4302766713527284e-10,541.7633324995737,0.517,0.03778771695594125,0.0,0.0,0.2437694704049833,84.56537074203877,0.41324242151115675,2.4302766713527284e-10,541.7633324995737,0.13370503363630082,0.023977055709291643,0.37040920208095657,0.1408071353717034,286.36710826392965,6.217677283247306,4.1879518949941233e-14,1578.5471191955994,0.421,0.12751134846461948,0.0026702269692923898,0.0,0.7003337783711605,286.36710826392965,6.217677283247306,4.1879518949941233e-14,1578.5471191955994,0.15677943872525354,0.011011724342113137,0.40515303787786394,0.16497781849690807,18.301911903264845,0.06362973555864629,1.3752616533410189e-83,87.15867576902228,0.565,0.008161103693813974,0.0,0.0,0.039185580774365805,18.301911903264845,0.06362973555864629,1.3752616533410189e-83,87.15867576902228,0.08304674904813689,0.013522600788798163,0.22345261077886178,0.0892191211215947,449.9684760052253,26.310700783844517,2.133273789468982e-27,1722.438159024894,0.389,0.19997819314641746,0.012238540275923453,0.0,0.7682020471740096,449.9684760052253,26.310700783844517,2.133273789468982e-27,1722.438159024894,0.06085896779019118,0.007398687486848865,0.15983606370633638,0.06489266643253112,313.18171685389194,0.03518319856998399,1.4241840602572261e-69,2147.9318389853397,0.571,0.1392923898531375,0.0,0.0,0.9550734312416554,313.18171685389194,0.03518319856998399,1.4241840602572261e-69,2147.9318389853397,0.0910358178140152,0.013961862876157841,0.20438845013168142,0.09449631413325485,598.5325166848622,244.5423742165276,1.0436379065698449e-16,1883.0923869955918,0.356,0.2659746328437917,0.10658655985758789,0.0,0.836915887850467,598.5325166848622,244.5423742165276,1.0436379065698449e-16,1883.0923869955918,0.12003295809335998,0.0747279044292479,0.21100161832008557,0.12753579372982599,406.3609499014403,60.07205147316657,1.5621612971902082e-07,1676.8102811490535,0.279,0.1812750333778371,0.027592345349354695,0.0,0.7548954161103693,406.3609499014403,60.07205147316657,1.5621612971902082e-07,1676.8102811490535
2000-05-09 00:00:00+00:00,inference-2026-08-20T16-49-50Z-2025-06-06,timeseries.json,2976.0,2583829.962722908,2952.685835745842,2528.3054430787065,3408.7130345198425,0.6293992088431533,0.5417106260112091,0.7253639031058674,0.9488192725953514,0.8131847164114016,1.0963361089722414,0.17448750042931224,0.029326976000129484,0.40686183724439196,0.18197229631564835,542.2602789522614,60.781003023451376,1.2611833476491147e-27,1633.4283759587572,0.368,0.18209139784946238,0.02049731182795699,0.0,0.5497479838709677,542.2602789522614,60.781003023451376,1.2611833476491147e-27,1633.4283759587572,0.12887280705878146,0.035607478681888176,0.38035062764382205,0.13609885439853342,365.4296459669768,15.602712877733882,1.7375161100371082e-11,1616.5174138404154,0.343,0.12280981182795699,0.005544354838709678,0.0,0.5433635752688172,365.4296459669768,15.602712877733882,1.7375161100371082e-11,1616.5174138404154,0.13370503363630082,0.023977055709291643,0.37040920208095657,0.1408071353717034,510.26842650358236,168.89646704837892,7.574972007104187e-25,1627.1738270359258,0.324,0.17167137096774196,0.05695564516129032,0.0,0.5470430107526881,510.26842650358236,168.89646704837892,7.574972007104187e-25,1627.1738270359258,0.15677943872525354,0.011011724342113137,0.40515303787786394,0.16497781849690807,467.7928862894886,5.995870760313383,2.1062737131658944e-129,1638.563162834704,0.431,0.1571434811827957,0.0020161290322580645,0.0,0.5510920698924731,467.7928862894886,5.995870760313383,2.1062737131658944e-129,1638.563162834704,0.08304674904813689,0.013522600788798163,0.22345261077886178,0.0892191211215947,235.95645780221125,0.42583465014011346,1.0809196688959385e-46,1259.8117448123617,0.51,0.07916196236559139,0.0,0.0,0.41937163978494624,235.95645780221125,0.42583465014011346,1.0809196688959385e-46,1259.8117448123617,0.06085896779019118,0.007398687486848865,0.15983606370633638,0.06489266643253112,169.40406441147093,0.015535441859502938,2.9627398490692855e-76,1302.9655791012894,0.59,0.05685786290322581,0.0,0.0,0.43649193548387094,169.40406441147093,0.015535441859502938,2.9627398490692855e-76,1302.9655791012894,0.0910358178140152,0.013961862876157841,0.20438845013168142,0.09449631413325485,426.7431884061259,212.16885569609616,1.0195716116721446e-27,1298.4135494348907,0.387,0.14336592741935486,0.06955645161290322,0.0,0.43718077956989243,426.7431884061259,212.16885569609616,1.0195716116721446e-27,1298.4135494348907,0.12003295809335998,0.0747279044292479,0.21100161832008557,0.12753579372982599,258.1450516678819,42.67243263924894,8.399470304758108e-07,1117.0185625797383,0.32,0.08689818548387097,0.013776881720430107,0.0,0.37399193548387094,258.1450516678819,42.67243263924894,8.399470304758108e-07,1117.0185625797383
2000-05-10 00:00:00+00:00,inference-2026-08-20T16-49-50Z-2025-06-06,timeseries.json,9376.0,2583829.962722908,2952.685835745842,2528.3054430787065,3408.7130345198425,0.6293992088431533,0.5417106260112091,0.7253639031058674,0.9488192725953514,0.8131847164114016,1.0963361089722414,0.17448750042931224,0.029326976000129484,0.40686183724439196,0.18197229631564835,2019.5327859699705,371.5477628362678,1.4127967151375075e-36,8001.313719210916,0.25,0.215254159556314,0.03882252559726962,0.0,0.8512158703071666,2019.5327859699705,371.5477628362678,1.4127967151375075e-36,8001.313719210916,0.12887280705878146,0.035607478681888176,0.38035062764382205,0.13609885439853342,3045.032341056772,1019.18486383615,4.214198079438599e-18,8719.900527184169,0.243,0.32492704778156994,0.10857508532423207,0.0,0.9287009385665527,3045.032341056772,1019.18486383615,4.214198079438599e-18,8719.900527184169,0.13370503363630082,0.023977055709291643,0.37040920208095657,0.1408071353717034,2311.925659989875,211.26595271199017,6.584438269999303e-18,8931.81469219557,0.243,0.24649690699658705,0.022504266211604097,0.0,0.9528690273037542,2311.925659989875,211.26595271199017,6.584438269999303e-18,8931.81469219557,0.15677943872525354,0.011011724342113137,0.40515303787786394,0.16497781849690807,1543.7483593631364,35.60012942422058,2.603432524038256e-31,8863.933269407033,0.364,0.1646700085324232,0.0036796075085324233,0.0,0.947232295221843,1543.7483593631364,35.60012942422058,2.603432524038256e-31,8863.933269407033,0.08304674904813689,0.013522600788798163,0.22345261077886178,0.0892191211215947,202.09160238591159,0.14736646769543038,4.795544369738013e-38,268.05768309695725,0.537,0.021584577645051197,0.0,0.0,0.028946245733788355,202.09160238591159,0.14736646769543038,4.795544369738013e-38,268.05768309695725,0.06085896779019118,0.007398687486848865,0.15983606370633638,0.06489266643253112,63.26536721479558,0.05595778310762256,1.8234423737513734e-182,278.45466742997354,0.548,0.0067409343003412975,0.0,0.0,0.030290102389078498,63.26536721479558,0.05595778310762256,1.8234423737513734e-182,278.45466742997354,0.0910358178140152,0.013961862876157841,0.20438845013168142,0.09449631413325485,80.07818093202526,1.0880584587627948,9.092249339715167e-28,346.0650568684717,0.489,0.008585537542662117,0.00010665529010238908,0.0,0.03712137372013651,80.07818093202526,1.0880584587627948,9.092249339715167e-28,346.0650568684717,0.12003295809335998,0.0747279044292479,0.21100161832008557,0.12753579372982599,110.32570308750789,43.15968905018415,3.729712982666935e-07,356.3990186371208,0.337,0.011740827645051195,0.00458617747440273,0.0,0.037441339590443684,110.32570308750789,43.15968905018415,3.729712982666935e-07,356.3990186371208
2000-05-11 00:00:00+00:00,inference-2026-08-20T16-49-50Z-2025-06-06,timeseries.json,1518.0,2583829.962722908,2952.685835745842,2528.3054430787065,3408.7130345198425,0.6293992088431533,0.5417106260112091,0.7253639031058674,0.9488192725953514,0.8131847164114016,1.0963361089722414,0.17448750042931224,0.029326976000129484,0.40686183724439196,0.18197229631564835,579.2341301809222,26.132586103366172,6.723871183750638e-41,1478.9252327038698,0.357,0.38157575757575757,0.015810276679841896,0.0,0.9756258234519104,579.2341301809222,26.132586103366172,6.723871183750638e-41,1478.9252327038698,0.12887280705878146,0.035607478681888176,0.38035062764382205,0.13609885439853342,174.78268213817373,3.0002080172763828,7.787377945201667e-20,1468.0868879888042,0.437,0.11510408432147562,0.001976284584980237,0.0,0.9670619235836627,174.78268213817373,3.0002080172763828,7.787377945201667e-20,1468.0868879888042,0.13370503363630082,0.023977055709291643,0.37040920208095657,0.1408071353717034,228.51279886226177,0.46958620791348926,6.022425328904309e-21,1470.9222392161385,0.498,0.15045125164690382,0.0006587615283267457,0.0,0.9696969696969697,228.51279886226177,0.46958620791348926,6.022425328904309e-21,1470.9222392161385,0.15677943872525354,0.011011724342113137,0.40515303787786394,0.16497781849690807,440.83660119630673,10.477561581271946,1.6956593333797053e-37,1477.7887048940245,0.424,0.29047891963109357,0.006587615283267457,0.0,0.9749670619235836,440.83660119630673,10.477561581271946,1.6956593333797053e-37,1477.7887048940245,0.08304674904813689,0.013522600788798163,0.22345261077886178,0.0892191211215947,72.62767071202731,0.006160830873320527,5.352334998382558e-34,70.91795424277075,0.657,0.04792028985507247,0.0,0.0,0.04884716732541792,72.62767071202731,0.006160830873320527,5.352334998382558e-34,70.91795424277075,0.06085896779019118,0.007398687486848865,0.15983606370633638,0.06489266643253112,4.960445465018801,0.00010186565364063606,1.9080527860612765e-68,31.624384103759187,0.702,0.0032819499341238474,0.0,0.0,0.021080368906455864,4.960445465018801,0.00010186565364063606,1.9080527860612765e-68,31.624384103759187,0.0910358178140152,0.013961862876157841,0.20438845013168142,0.09449631413325485,7.420729797896339,0.0233441626393547,1.2222247514617165e-43,41.39297244469529,0.621,0.004829380764163373,0.0,0.0,0.027009222661396576,7.420729797896339,0.0233441626393547,1.2222247514617165e-43,41.39297244469529,0.12003295809335998,0.0747279044292479,0.21100161832008557,0.12753579372982599,9.62494164739158,0.6009645255513407,3.682081269895329e-10,42.12365932852815,0.514,0.0063583662714097496,0.0,0.0,0.028326745718050064,9.62494164739158,0.6009645255513407,3.682081269895329e-10,42.12365932852815
2000-05-12 00:00:00+00:00,inference-2026-08-20T16-49-50Z-2025-06-06,timeseries.json,329.0,2583829.962722908,2952.685835745842,2528.3054430787065,3408.7130345198425,0.6293992088431533,0.5417106260112091,0.7253639031058674,0.9488192725953514,0.8131847164114016,1.0963361089722414,0.17448750042931224,0.029326976000129484,0.40686183724439196,0.18197229631564835,31.52079588119721,25.422862759974613,1.4701895373050063e-42,86.95266585831537,0.353,0.09473556231003039,0.0729483282674772,0.0,0.2554711246200606,31.52079588119721,25.422862759974613,1.4701895373050063e-42,86.95266585831537,0.12887280705878146,0.035607478681888176,0.38035062764382205,0.13609885439853342,37.39156972014442,5.1141823053787725,1.8325042958765652e-14,166.8105156008974,0.414,0.11346504559270516,0.015197568389057751,0.0,0.4955927051671731,37.39156972014442,5.1141823053787725,1.8325042958765652e-14,166.8105156008974,0.13370503363630082,0.023977055709291643,0.37040920208095657,0.1408071353717034,47.848905935219314,5.259312118799672,7.983382705822092e-21,223.73595043283308,0.417,0.14606382978723406,0.015197568389057751,0.0,0.6781155015197565,47.848905935219314,5.259312118799672,7.983382705822092e-21,223.73595043283308,0.15677943872525354,0.011011724342113137,0.40515303787786394,0.16497781849690807,40.77042643483194,12.822852408639932,2.0923571150114744e-25,189.53562658350188,0.401,0.12349240121580547,0.034954407294832825,0.0,0.574468085106383,40.77042643483194,12.822852408639932,2.0923571150114744e-25,189.53562658350188,0.08304674904813689,0.013522600788798163,0.22345261077886178,0.0892191211215947,28.298601423524765,0.14177490504014367,6.542074497413673e-29,153.17628510036374,0.56,0.08586322188449848,0.0,0.0,0.45607902735562295,28.298601423524765,0.14177490504014367,6.542074497413673e-29,153.17628510036374,0.06085896779019118,0.007398687486848865,0.15983606370633638,0.06489266643253112,23.62378080030323,0.0006402659081035415,2.9981843607569374e-120,153.27027960858624,0.674,0.07204863221884497,0.0,0.0,0.4683890577507596,23.62378080030323,0.0006402659081035415,2.9981843607569374e-120,153.27027960858624,0.0910358178140152,0.013961862876157841,0.20438845013168142,0.09449631413325485,53.75745983752708,1.5568336774751403,1.7118269185486167e-36,220.86012647878042,0.48,0.16325531914893618,0.00303951367781155,0.0,0.6749240121580546,53.75745983752708,1.5568336774751403,1.7118269185486167e-36,220.86012647878042,0.12003295809335998,0.0747279044292479,0.21100161832008557,0.12753579372982599,65.78845996725205,14.529914871308051,9.841577363343386e-09,261.03568537003616,0.363,0.20107598784194528,0.03951367781155015,0.0,0.7993920972644377,65.78845996725205,14.529914871308051,9.841577363343386e-09,261.03568537003616
2000-05-13 00:00:00+00:00,inference-2026-08-20T16-49-50Z-2025-06-06,timeseries.json,268.0,2583829.962722908,2952.685835745842,2528.3054430787065,3408.7130345198425,0.6293992088431533,0.5417106260112091,0.7253639031058674,0.9488192725953514,0.8131847164114016,1.0963361089722414,0.17448750042931224,0.029326976000129484,0.40686183724439196,0.18197229631564835,15.92182495730404,6.370784501548455,2.4830886410659547e-47,46.71868098694351,0.413,0.05956716417910447,0.022388059701492536,0.0,0.18302238805970134,15.92182495730404,6.370784501548455,2.4830886410659547e-47,46.71868098694351,0.12887280705878146,0.035607478681888176,0.38035062764382205,0.13609885439853342,27.69833774538763,1.171494161255015,2.2760802297944478e-15,187.91747585006038,0.475,0.10365298507462686,0.0037313432835820895,0.0,0.6985074626865665,27.69833774538763,1.171494161255015,2.2760802297944478e-15,187.91747585006038,0.13370503363630082,0.023977055709291643,0.37040920208095657,0.1408071353717034,37.46517661930892,1.0289717742032407,2.121209708071636e-31,213.99261938604906,0.471,0.13999626865671644,0.0037313432835820895,0.0,0.8026119402985071,37.46517661930892,1.0289717742032407,2.121209708071636e-31,213.99261938604906,0.15677943872525354,0.011011724342113137,0.40515303787786394,0.16497781849690807,22.302358976129494,0.9327401224042751,1.6787440775398366e-29,103.96304974591408,0.488,0.08333208955223881,0.0037313432835820895,0.0,0.3998134328358204,22.302358976129494,0.9327401224042751,1.6787440775398366e-29,103.96304974591408,0.08304674904813689,0.013522600788798163,0.22345261077886178,0.0892191211215947,21.86445479597328,0.0158018253957957,2.502455278150186e-34,134.5877981637157,0.616,0.0816044776119403,0.0,0.0,0.4964552238805968,21.86445479597328,0.0158018253957957,2.502455278150186e-34,134.5877981637157,0.06085896779019118,0.007398687486848865,0.15983606370633638,0.06489266643253112,22.42160252611936,5.277640626981984e-06,3.8399955316223065e-66,167.63411262670542,0.697,0.08273134328358207,0.0,0.0,0.6082089552238806,22.42160252611936,5.277640626981984e-06,3.8399955316223065e-66,167.63411262670542,0.0910358178140152,0.013961862876157841,0.20438845013168142,0.09449631413325485,58.7646680843564,0.6541949546642485,5.2799896453733255e-61,232.9457118738416,0.487,0.21989925373134325,0.0037313432835820895,0.0,0.8658582089552237,58.7646680843564,0.6541949546642485,5.2799896453733255e-61,232.9457118738416,0.12003295809335998,0.0747279044292479,0.21100161832008557,0.12753579372982599,61.5615762954208,4.0360159707397445,9.721988688101348e-10,232.21565775896838,0.436,0.22921641791044778,0.014925373134328358,0.0,0.8656716417910447,61.5615762954208,4.0360159707397445,9.721988688101348e-10,232.21565775896838
2000-05-14 00:00:00+00:00,inference-2026-08-20T16-49-50Z-2025-06-06,timeseries.json,4435.0,2583829.962722908,2952.685835745842,2528.3054430787065,3408.7130345198425,0.6293992088431533,0.5417106260112091,0.7253639031058674,0.9488192725953514,0.8131847164114016,1.0963361089722414,0.17448750042931224,0.029326976000129484,0.40686183724439196,0.18197229631564835,414.0623093567168,330.54402416242704,1.258558419741689e-30,1227.7892901086516,0.26,0.09335129650507328,0.07564825253664037,0.0,0.2755467869222097,414.0623093567168,330.54402416242704,1.258558419741689e-30,1227.7892901086516,0.12887280705878146,0.035607478681888176,0.38035062764382205,0.13609885439853342,681.6170058908966,641.4126812863841,2.227653018195782e-06,1659.5606481849022,0.196,0.15366448703494928,0.1459977452085682,0.0,0.37746335963923333,681.6170058908966,641.4126812863841,2.227653018195782e-06,1659.5606481849022,0.13370503363630082,0.023977055709291643,0.37040920208095657,0.1408071353717034,534.6692469325661,266.7022992222581,3.7796690086152796e-21,1561.6618462835866,0.258,0.12055152198421647,0.059526493799323565,0.0,0.35063134160090187,534.6692469325661,266.7022992222581,3.7796690086152796e-21,1561.6618462835866,0.15677943872525354,0.011011724342113137,0.40515303787786394,0.16497781849690807,532.5526288106645,433.1792013257125,3.296065206115696e-47,2029.5195827721689,0.29,0.12002570462232244,0.0979706877113867,0.0,0.46402480270574853,532.5526288106645,433.1792013257125,3.296065206115696e-47,2029.5195827721689,0.08304674904813689,0.013522600788798163,0.22345261077886178,0.0892191211215947,364.3384069389331,0.18948062773229105,2.1226142409032476e-45,1450.2777251326386,0.526,0.08206381059751973,0.0,0.0,0.3249605411499436,364.3384069389331,0.18948062773229105,2.1226142409032476e-45,1450.2777251326386,0.06085896779019118,0.007398687486848865,0.15983606370633638,0.06489266643253112,420.64803639639604,0.42415792662101787,1.3895432925157564e-94,1626.4470584609383,0.506,0.09466471251409246,0.0,0.0,0.36598647125140926,420.64803639639604,0.42415792662101787,1.3895432925157564e-94,1626.4470584609383,0.0910358178140152,0.013961862876157841,0.20438845013168142,0.09449631413325485,719.008116491606,766.4292862638627,2.304453470930002e-18,1788.73094722759,0.311,0.16222886133032693,0.17282976324689966,0.0,0.40700112739571587,719.008116491606,766.4292862638627,2.304453470930002e-18,1788.73094722759,0.12003295809335998,0.0747279044292479,0.21100161832008557,0.12753579372982599,768.1042491822196,907.4334074675501,1.4434691701100016e-06,1830.062205942904,0.2,0.17344960541149945,0.204847801578354,0.0,0.413325817361894,768.1042491822196,907.4334074675501,1.4434691701100016e-06,1830.062205942904
2000-05-15 00:00:00+00:00,inference-2026-08-20T16-49-50Z-2025-06-06,timeseries.json,9819.0,2583829.962722908,2952.685835745842,2528.3054430787065,3408.7130345198425,0.6293992088431533,0.5417106260112091,0.7253639031058674,0.9488192725953514,0.8131847164114016,1.0963361089722414,0.17448750042931224,0.029326976000129484,0.40686183724439196,0.18197229631564835,3882.454133078419,151.24684740419133,2.5151397256603316e-43,9679.594906157572,0.395,0.395393624605357,0.015123739688359304,0.0,0.985843772278236,3882.454133078419,151.24684740419133,2.5151397256603316e-43,9679.594906157572,0.12887280705878146,0.035607478681888176,0.38035062764382205,0.13609885439853342,1000.6111428995953,0.7081030090075209,4.26658206109991e-11,9632.997205918222,0.492,0.10190559120073328,0.00010184336490477646,0.0,0.9811589774926164,1000.6111428995953,0.7081030090075209,4.26658206109991e-11,9632.997205918222,0.13370503363630082,0.023977055709291643,0.37040920208095657,0.1408071353717034,1466.625918132889,0.15821225349115925,1.4935417129404315e-24,9627.334453746655,0.537,0.14937794072716162,0.0,0.0,0.980960382931052,1466.625918132889,0.15821225349115925,1.4935417129404315e-24,9627.334453746655,0.15677943872525354,0.011011724342113137,0.40515303787786394,0.16497781849690807,2894.2531218648924,0.02689343014422799,1.123142875207009e-36,9665.179351123184,0.575,0.2947546593339444,0.0,0.0,0.984519808534474,2894.2531218648924,0.02689343014422799,1.123142875207009e-36,9665.179351123184,0.08304674904813689,0.013522600788798163,0.22345261077886178,0.0892191211215947,485.5330016695198,4.474569395317724e-05,7.786288177296278e-43,597.6898826817151,0.825,0.04946786841837254,0.0,0.0,0.06184947550663143,485.5330016695198,4.474569395317724e-05,7.786288177296278e-43,597.6898826817151,0.06085896779019118,0.007398687486848865,0.15983606370633638,0.06489266643253112,27.761908037133193,0.00011390332679861528,7.7685573212072e-54,192.2863023524309,0.756,0.002811284244831449,0.0,0.0,0.020475608514105303,27.761908037133193,0.00011390332679861528,7.7685573212072e-54,192.2863023524309,0.0910358178140152,0.013961862876157841,0.20438845013168142,0.09449631413325485,35.62308669424055,0.016042041066259963,9.057486019457012e-21,194.6511653244182,0.667,0.0036303085853956613,0.0,0.0,0.01966086159486709,35.62308669424055,0.016042041066259963,9.057486019457012e-21,194.6511653244182,0.12003295809335998,0.0747279044292479,0.21100161832008557,0.12753579372982599,26.137687623305453,0.09867514515770595,4.150490098291364e-09,178.78794775769154,0.646,0.002658722884204094,0.0,0.0,0.01803136775639067,26.137687623305453,0.09867514515770595,4.150490098291364e-09,178.78794775769154
2000-05-16 00:00:00+00:00,inference-2026-08-20T16-49-50Z-2025-06-06,timeseries.json,6520.0,2583829.962722908,2952.685835745842,2528.3054430787065,3408.7130345198425,0.6293992088431533,0.5417106260112091,0.7253639031058674,0.9488192725953514,0.8131847164114016,1.0963361089722414,0.17448750042931224,0.029326976000129484,0.40686183724439196,0.18197229631564835,2249.801534828737,20.99816575096984,1.7442024643163288e-39,6484.607072698602,0.391,0.34506671779141107,0.0032975460122699387,0.0,0.9938726993865031,2249.801534828737,20.99816575096984,1.7442024643163288e-39,6484.607072698602,0.12887280705878146,0.035607478681888176,0.38035062764382205,0.13609885439853342,1044.4402325936137,8.207784312261168,1.6501603877058467e-18,6480.029395121437,0.398,0.16024524539877302,0.001226993865030675,0.0,0.9938650306748467,1044.4402325936137,8.207784312261168,1.6501603877058467e-18,6480.029395121437,0.13370503363630082,0.023977055709291643,0.37040920208095657,0.1408071353717034,1138.9512941164874,1.3109455230664118,8.845102555211158e-26,6490.461641939506,0.483,0.17464647239263806,0.00015337423312883436,0.0,0.995398773006135,1138.9512941164874,1.3109455230664118,8.845102555211158e-26,6490.461641939506,0.15677943872525354,0.011011724342113137,0.40515303787786394,0.16497781849690807,1770.2116643111092,0.2627823796583172,5.451793124321093e-37,6491.878101262185,0.524,0.27149141104294483,0.0,0.0,0.9955521472392638,1770.2116643111092,0.2627823796583172,5.451793124321093e-37,6491.878101262185,0.08304674904813689,0.013522600788798163,0.22345261077886178,0.0892191211215947,298.9664130589501,0.05788388761995501,1.8456825181014813e-32,216.30762788982574,0.572,0.04585030674846626,0.0,0.0,0.03321319018402557,298.9664130589501,0.05788388761995501,1.8456825181014813e-32,216.30762788982574,0.06085896779019118,0.007398687486848865,0.15983606370633638,0.06489266643253112,2.64939342849915,7.838848777095773e-05,5.6862975595101804e-58,19.52911714719731,0.782,0.0004090490797546012,0.0,0.0,0.0032208588957055215,2.64939342849915,7.838848777095773e-05,5.6862975595101804e-58,19.52911714719731,0.0910358178140152,0.013961862876157841,0.20438845013168142,0.09449631413325485,5.7996547904514095,0.011554742367836237,2.0555963373088864e-33,33.753470868687685,0.648,0.0008907975460122699,0.0,0.0,0.005061349693251534,5.7996547904514095,0.011554742367836237,2.0555963373088864e-33,33.753470868687685,0.12003295809335998,0.0747279044292479,0.21100161832008557,0.12753579372982599,9.179812872152665,1.2805301096497745,5.649954578584343e-09,32.61245934606388,0.445,0.0014000000000000002,0.00015337423312883436,0.0,0.005214723926380368,9.179812872152665,1.2805301096497745,5.649954578584343e-09,32.61245934606388
2000-05-17 00:00:00+00:00,inference-2026-08-20T16-49-50Z-2025-06-06,timeseries.json,527.0,2583829.962722908,2952.685835745842,2528.3054430787065,3408.7130345198425,0.6293992088431533,0.5417106260112091,0.7253639031058674,0.9488192725953514,0.8131847164114016,1.0963361089722414,0.17448750042931224,0.029326976000129484,0.40686183724439196,0.18197229631564835,64.05199822223393,22.94371838142729,2.5778638406572775e-22,166.53863205264764,0.358,0.12146110056925997,0.04174573055028463,0.0,0.31888045540796955,64.05199822223393,22.94371838142729,2.5778638406572775e-22,166.53863205264764,0.12887280705878146,0.035607478681888176,0.38035062764382205,0.13609885439853342,32.61505001256995,0.7921674340580107,7.62778613143342e-15,162.19183052985102,0.492,0.06162428842504744,0.0018975332068311196,0.0,0.3055028462998102,32.61505001256995,0.7921674340580107,7.62778613143342e-15,162.19183052985102,0.13370503363630082,0.023977055709291643,0.37040920208095657,0.1408071353717034,50.93476418908461,0.7642166829322494,2.0468054459775125e-19,236.85426959137706,0.49,0.09677609108159393,0.0018975332068311196,0.0,0.4449715370018967,50.93476418908461,0.7642166829322494,2.0468054459775125e-19,236.85426959137706,0.15677943872525354,0.011011724342113137,0.40515303787786394,0.16497781849690807,51.85955897776171,1.1241265987175937,1.258078379934643e-35,167.12584233855256,0.475,0.09820113851992408,0.0018975332068311196,0.0,0.32077798861480067,51.85955897776171,1.1241265987175937,1.258078379934643e-35,167.12584233855256,0.08304674904813689,0.013522600788798163,0.22345261077886178,0.0892191211215947,109.76273036276368,32.32317638395363,2.105543592258259e-37,364.22649067616106,0.397,0.2084326375711575,0.058823529411764705,0.0,0.6925996204933587,109.76273036276368,32.32317638395363,2.105543592258259e-37,364.22649067616106,0.06085896779019118,0.007398687486848865,0.15983606370633638,0.06489266643253112,18.710605619166117,3.4001959899716876e-07,5.414264680667867e-55,135.49522205500926,0.765,0.03559582542694497,0.0,0.0,0.26385199240986706,18.710605619166117,3.4001959899716876e-07,5.414264680667867e-55,135.49522205500926,0.0910358178140152,0.013961862876157841,0.20438845013168142,0.09449631413325485,113.51840422903383,2.198340123784794,3.231134952222294e-21,369.2335755430623,0.47,0.21543453510436433,0.003795066413662239,0.0,0.7021821631878556,113.51840422903383,2.198340123784794,3.231134952222294e-21,369.2335755430623,0.12003295809335998,0.0747279044292479,0.21100161832008557,0.12753579372982599,85.54688838738609,1.858983180511338,4.264162614515445e-11,365.2363934671953,0.416,0.16247438330170774,0.003795066413662239,0.0,0.6926944971537001,85.54688838738609,1.858983180511338,4.264162614515445e-11,365.2363934671953
2000-05-18 00:00:00+00:00,inference-2026-08-20T16-49-50Z-2025-06-06,timeseries.json,565.0,2583829.962722908,2952.685835745842,2528.3054430787065,3408.7130345198425,0.6293992088431533,0.5417106260112091,0.7253639031058674,0.9488192725953514,0.8131847164114016,1.0963361089722414,0.17448750042931224,0.029326976000129484,0.40686183724439196,0.18197229631564835,90.65034184549545,15.351511618575858,5.013785507251807e-33,248.2125489325494,0.384,0.16028141592920356,0.02743362831858407,0.0,0.4407079646017699,90.65034184549545,15.351511618575858,5.013785507251807e-33,248.2125489325494,0.12887280705878146,0.035607478681888176,0.38035062764382205,0.13609885439853342,63.389962835944736,1.679139827360744,1.9916664052116146e-14,253.35364667228347,0.456,0.11219469026548673,0.0035398230088495575,0.0,0.4499999999999996,63.389962835944736,1.679139827360744,1.9916664052116146e-14,253.35364667228347,0.13370503363630082,0.023977055709291643,0.37040920208095657,0.1408071353717034,89.7480416087953,1.1431178768078851,5.80236790800566e-28,316.58242661562673,0.487,0.15907079646017697,0.0017699115044247787,0.0,0.5592920353982301,89.7480416087953,1.1431178768078851,5.80236790800566e-28,316.58242661562673,0.15677943872525354,0.011011724342113137,0.40515303787786394,0.16497781849690807,66.91949742843717,0.12957588132629358,2.1663914386231567e-40,248.7841199821172,0.54,0.1180212389380531,0.0,0.0,0.4407079646017699,66.91949742843717,0.12957588132629358,2.1663914386231567e-40,248.7841199821172,0.08304674904813689,0.013522600788798163,0.22345261077886178,0.0892191211215947,66.56213126375556,0.0354984172565656,2.7079623899766834e-40,305.6827429160081,0.569,0.11818761061946903,0.0,0.0,0.5415929203539823,66.56213126375556,0.0354984172565656,2.7079623899766834e-40,305.6827429160081,0.06085896779019118,0.007398687486848865,0.15983606370633638,0.06489266643253112,45.02845654882518,0.0036877352714972528,4.7157357393142824e-92,309.83255053905003,0.628,0.07950619469026549,0.0,0.0,0.5451327433628319,45.02845654882518,0.0036877352714972528,4.7157357393142824e-92,309.83255053905003,0.0910358178140152,0.013961862876157841,0.20438845013168142,0.09449631413325485,83.73616063806084,0.4611809109508439,3.773316561081693e-42,313.3627974858391,0.499,0.14811858407079645,0.0017699115044247787,0.0,0.5540707964601769,83.73616063806084,0.4611809109508439,3.773316561081693e-42,313.3627974858391,0.12003295809335998,0.0747279044292479,0.21100161832008557,0.12753579372982599,58.965407830685656,1.4875624174282933,1.7726906042302883e-09,284.7903754687086,0.456,0.10461946902654867,0.0017699115044247787,0.0,0.5115929203539822,58.965407830685656,1.4875624174282933,1.7726906042302883e-09,284.7903754687086
2000-05-19 00:00:00+00:00,inference-2026-08-20T16-49-50Z-2025-06-06,timeseries.json,504.0,2583829.962722908,2952.685835745842,2528.3054430787065,3408.7130345198425,0.6293992088431533,0.5417106260112091,0.7253639031058674,0.9488192725953514,0.8131847164114016,1.0963361089722414,0.17448750042931224,0.029326976000129484,0.40686183724439196,0.18197229631564835,28.377651242272737,7.412270842247657,1.5721326700042608e-32,139.49382132706384,0.4,0.05629166666666667,0.015873015873015872,0.0,0.27787698412698403,28.377651242272737,7.412270842247657,1.5721326700042608e-32,139.49382132706384,0.12887280705878146,0.035607478681888176,0.38035062764382205,0.13609885439853342,27.247799918856227,0.7497127132969996,3.9507353586941453e-11,143.73957974923061,0.494,0.05407936507936508,0.001984126984126984,0.0,0.281845238095238,27.247799918856227,0.7497127132969996,3.9507353586941453e-11,143.73957974923061,0.13370503363630082,0.023977055709291643,0.37040920208095657,0.1408071353717034,74.74108999023083,8.194823410062549,3.5894652006876903e-16,386.6266360531248,0.412,0.14898611111111115,0.015873015873015872,0.0,0.7757936507936508,74.74108999023083,8.194823410062549,3.5894652006876903e-16,386.6266360531248,0.15677943872525354,0.011011724342113137,0.40515303787786394,0.16497781849690807,15.72481418281882,0.6375042729460625,1.3968520776194866e-27,52.7737591904875,0.51,0.031148809523809527,0.0,0.0,0.10714285714285714,15.72481418281882,0.6375042729460625,1.3968520776194866e-27,52.7737591904875,0.08304674904813689,0.013522600788798163,0.22345261077886178,0.0892191211215947,73.00322422548753,0.35493834775641886,2.2324726086087068e-37,398.0818517342976,0.515,0.14446230158730158,0.0,0.0,0.7859126984126982,73.00322422548753,0.35493834775641886,2.2324726086087068e-37,398.0818517342976,0.06085896779019118,0.007398687486848865,0.15983606370633638,0.06489266643253112,56.574655130975096,0.00040363129294193666,9.271605227932497e-96,431.30835553038713,0.63,0.11219444444444443,0.0,0.0,0.8532738095238094,56.574655130975096,0.00040363129294193666,9.271605227932497e-96,431.30835553038713,0.0910358178140152,0.013961862876157841,0.20438845013168142,0.09449631413325485,141.18354028914854,36.7159207936065,1.3641130417133808e-28,443.9060474355068,0.427,0.2795297619047619,0.06547619047619048,0.0,0.8809523809523809,141.18354028914854,36.7159207936065,1.3641130417133808e-28,443.9060474355068,0.12003295809335998,0.0747279044292479,0.21100161832008557,0.12753579372982599,87.1472250202103,7.167085561874211,6.75817593070112e-07,403.42788609348486,0.339,0.17330753968253967,0.01488095238095238,0.0,0.8154761904761905,87.1472250202103,7.167085561874211,6.75817593070112e-07,403.42788609348486
2000-05-20 00:00:00+00:00,inference-2026-08-20T16-49-50Z-2025-06-06,timeseries.json,4361.0,2583829.962722908,2952.685835745842,2528.3054430787065,3408.7130345198425,0.6293992088431533,0.5417106260112091,0.7253639031058674,0.9488192725953514,0.8131847164114016,1.0963361089722414,0.17448750042931224,0.029326976000129484,0.40686183724439196,0.18197229631564835,539.6496099392982,214.05683970682102,4.894116220610187e-36,1302.336984896238,0.325,0.12363471680807155,0.04975922953451044,0.0,0.2981311625773905,539.6496099392982,214.05683970682102,4.894116220610187e-36,1302.336984896238,0.12887280705878146,0.035607478681888176,0.38035062764382205,0.13609885439853342,276.4178120255984,2.3898602169970715,4.575147056594703e-12,1302.2902498986803,0.437,0.06334693877551022,0.00045861041045631735,0.0,0.298566842467324,276.4178120255984,2.3898602169970715,4.575147056594703e-12,1302.2902498986803,0.13370503363630082,0.023977055709291643,0.37040920208095657,0.1408071353717034,463.0828200074681,13.326327272215442,3.955411106820509e-18,1962.7679589027773,0.382,0.10622563632194452,0.0032102728731942215,0.0,0.4510089429029933,463.0828200074681,13.326327272215442,3.955411106820509e-18,1962.7679589027773,0.15677943872525354,0.011011724342113137,0.40515303787786394,0.16497781849690807,480.4325834297854,8.21998194492123,2.6365320722889976e-27,1352.5987075266305,0.428,0.11035152487961479,0.0018344416418252694,0.0,0.3096766796606272,480.4325834297854,8.21998194492123,2.6365320722889976e-27,1352.5987075266305,0.08304674904813689,0.013522600788798163,0.22345261077886178,0.0892191211215947,998.4662872775908,585.2615722173523,6.142380187326149e-17,3046.857934513962,0.255,0.2289179087365283,0.13712451272643889,0.0,0.6975693648245815,998.4662872775908,585.2615722173523,6.142380187326149e-17,3046.857934513962,0.06085896779019118,0.007398687486848865,0.15983606370633638,0.06489266643253112,344.9220659546355,0.0027066047502205893,2.8746783132936815e-119,1839.1553126521735,0.616,0.07912520064205458,0.0,0.0,0.4186654437055691,344.9220659546355,0.0027066047502205893,2.8746783132936815e-119,1839.1553126521735,0.0910358178140152,0.013961862876157841,0.20438845013168142,0.09449631413325485,650.8393376231029,14.262852048725492,1.6039807580145586e-46,3043.550584757377,0.4,0.14925154781013528,0.0032102728731942215,0.0,0.6980165099747764,650.8393376231029,14.262852048725492,1.6039807580145586e-46,3043.550584757377,0.12003295809335998,0.0747279044292479,0.21100161832008557,0.12753579372982599,607.1894837425211,17.66974856534327,1.3941717145306647e-06,2323.5501580498826,0.338,0.1391465260261408,0.004356798899335015,0.0,0.5211304746617746,607.1894837425211,17.66974856534327,1.3941717145306647e-06,2323.5501580498826
2000-05-21 00:00:00+00:00,inference-2026-08-20T16-49-50Z-2025-06-06,timeseries.json,7895.0,2583829.962722908,2952.685835745842,2528.3054430787065,3408.7130345198425,0.6293992088431533,0.5417106260112091,0.7253639031058674,0.9488192725953514,0.8131847164114016,1.0963361089722414,0.17448750042931224,0.029326976000129484,0.40686183724439196,0.18197229631564835,2286.4462174528235,290.8149911695598,3.454284968215533e-49,6739.649245025395,0.32,0.28948676377454086,0.03654211526282457,0.0,0.8537048765041165,2286.4462174528235,290.8149911695598,3.454284968215533e-49,6739.649245025395,0.12887280705878146,0.035607478681888176,0.38035062764382205,0.13609885439853342,1393.5362059776376,1.8980591488999325,2.992988535449121e-17,6693.162238979372,0.462,0.17650994300189995,0.0001266624445851805,0.0,0.84777707409753,1393.5362059776376,1.8980591488999325,2.992988535449121e-17,6693.162238979372,0.13370503363630082,0.023977055709291643,0.37040920208095657,0.1408071353717034,1113.8000829569562,78.75326113021187,6.005947745403419e-17,6687.549509157571,0.341,0.14106801773274225,0.009246358454718176,0.0,0.8462697910069664,1113.8000829569562,78.75326113021187,6.005947745403419e-17,6687.549509157571,0.15677943872525354,0.011011724342113137,0.40515303787786394,0.16497781849690807,1789.5535547631307,0.9484862737801362,2.748157121641291e-34,6732.551173238898,0.494,0.2266882837238759,0.0001266624445851805,0.0,0.8529449018366054,1789.5535547631307,0.9484862737801362,2.748157121641291e-34,6732.551173238898,0.08304674904813689,0.013522600788798163,0.22345261077886178,0.0892191211215947,639.1097307516626,145.36856241263473,1.1652324695820231e-17,1359.3578451305161,0.337,0.08100329322355922,0.01836605446485117,0.0,0.17537048765040214,639.1097307516626,145.36856241263473,1.1652324695820231e-17,1359.3578451305161,0.06085896779019118,0.007398687486848865,0.15983606370633638,0.06489266643253112,147.39034425129216,0.02690835058886768,1.7112151562655618e-73,1147.487346281984,0.595,0.018697276757441417,0.0,0.0,0.145794806839772,147.39034425129216,0.02690835058886768,1.7112151562655618e-73,1147.487346281984,0.0910358178140152,0.013961862876157841,0.20438845013168142,0.09449631413325485,259.01017653201467,0.8949538747363603,1.3791380731576115e-33,1152.9412389089039,0.491,0.0328187460417986,0.0001266624445851805,0.0,0.1464407853071564,259.01017653201467,0.8949538747363603,1.3791380731576115e-33,1152.9412389089039,0.12003295809335998,0.0747279044292479,0.21100161832008557,0.12753579372982599,266.1536873144832,4.352984938826813,4.471370136892082e-10,1156.593019657145,0.426,0.033727675744141865,0.000506649778340722,0.0,0.14718176060797974,266.1536873144832,4.352984938826813,4.471370136892082e-10,1156.593019657145
2000-05-22 00:00:00+00:00,inference-2026-08-20T16-49-50Z-2025-06-06,timeseries.json,1696.0,2583829.962722908,2952.685835745842,2528.3054430787065,3408.7130345198425,0.6293992088431533,0.5417106260112091,0.7253639031058674,0.9488192725953514,0.8131847164114016,1.0963361089722414,0.17448750042931224,0.029326976000129484,0.40686183724439196,0.18197229631564835,639.5524065992664,6.08324521277116,6.292143977663878e-18,1690.8668833002455,0.426,0.3770577830188679,0.00294811320754717,0.0,0.9976415094339622,639.5524065992664,6.08324521277116,6.292143977663878e-18,1690.8668833002455,0.12887280705878146,0.035607478681888176,0.38035062764382205,0.13609885439853342,209.32748793980556,0.18725411511473333,9.865693779648523e-17,1684.9911214579524,0.539,0.12355070754716982,0.0,0.0,0.9941037735849056,209.32748793980556,0.18725411511473333,9.865693779648523e-17,1684.9911214579524,0.13370503363630082,0.023977055709291643,0.37040920208095657,0.1408071353717034,256.5672677812358,0.047802321653789545,3.666185826195822e-23,1689.1218977880485,0.585,0.1513160377358491,0.0,0.0,0.9959021226415095,256.5672677812358,0.047802321653789545,3.666185826195822e-23,1689.1218977880485,0.15677943872525354,0.011011724342113137,0.40515303787786394,0.16497781849690807,503.8022065193152,0.28116408889349476,8.62732577544726e-31,1690.9045932881472,0.543,0.29698997641509434,0.0,0.0,0.9976415094339622,503.8022065193152,0.28116408889349476,8.62732577544726e-31,1690.9045932881472,0.08304674904813689,0.013522600788798163,0.22345261077886178,0.0892191211215947,82.04580059405906,0.0012882062381750184,1.4319820451188806e-46,70.43125463193215,0.716,0.0483932783018868,0.0,0.0,0.04596108490563092,82.04580059405906,0.0012882062381750184,1.4319820451188806e-46,70.43125463193215,0.06085896779019118,0.007398687486848865,0.15983606370633638,0.06489266643253112,0.9242378725537792,1.2100654683487973e-06,1.3139191312802827e-74,7.033834524488092,0.826,0.0005294811320754718,0.0,0.0,0.004127358490566038,0.9242378725537792,1.2100654683487973e-06,1.3139191312802827e-74,7.033834524488092,0.0910358178140152,0.013961862876157841,0.20438845013168142,0.09449631413325485,1.8782111839965945,0.017379516192214818,1.646646486715993e-27,9.917770865982783,0.652,0.001082547169811321,0.0,0.0,0.005306603773584905,1.8782111839965945,0.017379516192214818,1.646646486715993e-27,9.917770865982783,0.12003295809335998,0.0747279044292479,0.21100161832008557,0.12753579372982599,1.902381509768165,0.18488011037193802,3.5028327111084467e-10,8.76623391162587,0.614,0.001080188679245283,0.0,0.0,0.005306603773584905,1.902381509768165,0.18488011037193802,3.5028327111084467e-10,8.76623391162587
2000-05-23 00:00:00+00:00,inference-2026-08-20T16-49-50Z-2025-06-06,timeseries.json,456.0,2583829.962722908,2952.685835745842,2528.3054430787065,3408.7130345198425,0.6293992088431533,0.5417106260112091,0.7253639031058674,0.9488192725953514,0.8131847164114016,1.0963361089722414,0.17448750042931224,0.029326976000129484,0.40686183724439196,0.18197229631564835,15.801220544985908,6.115079727137742,2.34381526347163e-42,55.47727124429966,0.352,0.03437938596491228,0.013157894736842105,0.0,0.1124999999999994,15.801220544985908,6.115079727137742,2.34381526347163e-42,55.47727124429966,0.12887280705878146,0.035607478681888176,0.38035062764382205,0.13609885439853342,28.009698105336398,0.17716178315523595,1.3882907004892388e-11,246.37255485872166,0.56,0.061546052631578946,0.0,0.0,0.5203947368421007,28.009698105336398,0.17716178315523595,1.3882907004892388e-11,246.37255485872166,0.13370503363630082,0.023977055709291643,0.37040920208095657,0.1408071353717034,60.25284487795929,0.3102952604887501,1.0206026983315737e-29,411.93010660194193,0.512,0.13211842105263158,0.0,0.0,0.9057017543859649,60.25284487795929,0.3102952604887501,1.0206026983315737e-29,411.93010660194193,0.15677943872525354,0.011011724342113137,0.40515303787786394,0.16497781849690807,9.459065885275239,0.07681137899093574,8.11898229458141e-39,32.02947464844524,0.575,0.020855263157894738,0.0,0.0,0.07236842105263158,9.459065885275239,0.07681137899093574,8.11898229458141e-39,32.02947464844524,0.08304674904813689,0.013522600788798163,0.22345261077886178,0.0892191211215947,70.36621682376958,0.12206926966097112,3.1061325600706606e-40,401.84910921443753,0.55,0.15462719298245617,0.0,0.0,0.8837719298245614,70.36621682376958,0.12206926966097112,3.1061325600706606e-40,401.84910921443753,0.06085896779019118,0.007398687486848865,0.15983606370633638,0.06489266643253112,47.515019822016356,0.0007129222928197018,6.705641688751248e-94,406.23890875589467,0.655,0.10405263157894737,0.0,0.0,0.8925438596491229,47.515019822016356,0.0007129222928197018,6.705641688751248e-94,406.23890875589467,0.0910358178140152,0.013961862876157841,0.20438845013168142,0.09449631413325485,142.1870308665957,13.858334403598302,9.072569569286326e-29,425.92899948245656,0.414,0.3115921052631579,0.02850877192982456,0.0,0.9342105263157895,142.1870308665957,13.858334403598302,9.072569569286326e-29,425.92899948245656,0.12003295809335998,0.0747279044292479,0.21100161832008557,0.12753579372982599,82.40890307406167,2.9481619654616806,3.574884157999834e-08,409.22045624953034,0.414,0.18082894736842106,0.006578947368421052,0.0,0.8991228070175439,82.40890307406167,2.9481619654616806,3.574884157999834e-08,409.22045624953034
2000-05-24 00:00:00+00:00,inference-2026-08-20T16-49-50Z-2025-06-06,timeseries.json,412.0,2583829.962722908,2952.685835745842,2528.3054430787065,3408.7130345198425,0.6293992088431533,0.5417106260112091,0.7253639031058674,0.9488192725953514,0.8131847164114016,1.0963361089722414,0.17448750042931224,0.029326976000129484,0.40686183724439196,0.18197229631564835,21.460748954704922,6.438495164383575,1.8574979497880354e-35,117.69810764596535,0.383,0.05212621359223301,0.014563106796116505,0.0,0.2939320388349512,21.460748954704922,6.438495164383575,1.8574979497880354e-35,117.69810764596535,0.12887280705878146,0.035607478681888176,0.38035062764382205,0.13609885439853342,21.843593508894617,0.20752801882811472,1.1712288414587892e-16,70.44113238196934,0.551,0.053133495145631066,0.0,0.0,0.18725728155339771,21.843593508894617,0.20752801882811472,1.1712288414587892e-16,70.44113238196934,0.13370503363630082,0.023977055709291643,0.37040920208095657,0.1408071353717034,51.02716545811437,0.7465676174361544,1.12417818412846e-24,371.06922249493306,0.493,0.12426941747572816,0.0024271844660194173,0.0,0.9029126213592233,51.02716545811437,0.7465676174361544,1.12417818412846e-24,371.06922249493306,0.15677943872525354,0.011011724342113137,0.40515303787786394,0.16497781849690807,11.35679009011759,0.1958380575648912,5.240726136809252e-29,40.59315724639182,0.53,0.02798543689320388,0.0,0.0,0.10194174757281553,11.35679009011759,0.1958380575648912,5.240726136809252e-29,40.59315724639182,0.08304674904813689,0.013522600788798163,0.22345261077886178,0.0892191211215947,78.5867399512634,0.19750031705503046,3.990014046176106e-30,365.44753664241443,0.535,0.19055825242718447,0.0,0.0,0.8859223300970874,78.5867399512634,0.19750031705503046,3.990014046176106e-30,365.44753664241443,0.06085896779019118,0.007398687486848865,0.15983606370633638,0.06489266643253112,39.270040269130035,0.0001840405710199265,9.4671899688135e-67,366.99139394175336,0.718,0.09499757281553399,0.0,0.0,0.8836165048543688,39.270040269130035,0.0001840405710199265,9.4671899688135e-67,366.99139394175336,0.0910358178140152,0.013961862876157841,0.20438845013168142,0.09449631413325485,109.41950061978704,0.8994632413210202,3.720946268727909e-39,372.31278614521415,0.492,0.26505825242718445,0.0024271844660194173,0.0,0.9029126213592233,109.41950061978704,0.8994632413210202,3.720946268727909e-39,372.31278614521415,0.12003295809335998,0.0747279044292479,0.21100161832008557,0.12753579372982599,79.03542114798789,2.056551924604448,1.1993551152058327e-09,371.3782852496474,0.444,0.191871359223301,0.0048543689320388345,0.0,0.8981796116504853,79.03542114798789,2.056551924604448,1.1993551152058327e-09,371.3782852496474
2000-05-25 00:00:00+00:00,inference-2026-08-20T16-49-50Z-2025-06-06,timeseries.json,2677.0,2583829.962722908,2952.685835745842,2528.3054430787065,3408.7130345198425,0.6293992088431533,0.5417106260112091,0.7253639031058674,0.9488192725953514,0.8131847164114016,1.0963361089722414,0.17448750042931224,0.029326976000129484,0.40686183724439196,0.18197229631564835,185.0872811487509,68.5250712705761,2.327922271440207e-29,472.95640271519306,0.32,0.0692162868883078,0.02614867388868136,0.0,0.17822189017556964,185.0872811487509,68.5250712705761,2.327922271440207e-29,472.95640271519306,0.12887280705878146,0.035607478681888176,0.38035062764382205,0.13609885439853342,237.91270845959824,26.729882776479343,6.546659080107708e-13,1072.9228223624825,0.336,0.0889286514755323,0.010272693313410533,0.0,0.4075644378035114,237.91270845959824,26.729882776479343,6.546659080107708e-13,1072.9228223624825,0.13370503363630082,0.023977055709291643,0.37040920208095657,0.1408071353717034,396.1179873792024,97.38444945866468,8.627591117036679e-15,1765.7933758106574,0.316,0.148141576391483,0.036234590960029886,0.0,0.6604594695554725,396.1179873792024,97.38444945866468,8.627591117036679e-15,1765.7933758106574,0.15677943872525354,0.011011724342113137,0.40515303787786394,0.16497781849690807,156.28597022656123,6.525418687618677,4.571553616693868e-40,461.9191724104356,0.431,0.058278296600672394,0.0022413149047441168,0.0,0.17258124766529698,156.28597022656123,6.525418687618677,4.571553616693868e-40,461.9191724104356,0.08304674904813689,0.013522600788798163,0.22345261077886178,0.0892191211215947,296.81833600139805,0.5406842648109564,5.632113582999639e-38,1643.4432208075364,0.498,0.1111479267837131,0.00037355248412401944,0.0,0.6152782966006725,296.81833600139805,0.5406842648109564,5.632113582999639e-38,1643.4432208075364,0.06085896779019118,0.007398687486848865,0.15983606370633638,0.06489266643253112,244.28525724835467,0.1202320809357538,1.7986793345485438e-63,1795.6354121297588,0.54,0.09120283899887935,0.0,0.0,0.6713672020918935,244.28525724835467,0.1202320809357538,1.7986793345485438e-63,1795.6354121297588,0.0910358178140152,0.013961862876157841,0.20438845013168142,0.09449631413325485,713.5693537204651,454.7602093008609,5.037276831920909e-35,1949.6434214674293,0.35,0.26634329473290996,0.1694060515502428,0.0,0.7306873365707881,713.5693537204651,454.7602093008609,5.037276831920909e-35,1949.6434214674293,0.12003295809335998,0.0747279044292479,0.21100161832008557,0.12753579372982599,446.92310581566954,118.30969998820552,2.7459124038851698e-09,1801.4614582487163,0.315,0.16674112812850206,0.04333208815838625,0.0,0.673141576391483,446.92310581566954,118.30969998820552,2.7459124038851698e-09,1801.4614582487163
2000-05-26 00:00:00+00:00,inference-2026-08-20T16-49-50Z-2025-06-06,timeseries.json,7840.0,2583829.962722908,2952.685835745842,2528.3054430787065,3408.7130345198425,0.6293992088431533,0.5417106260112091,0.7253639031058674,0.9488192725953514,0.8131847164114016,1.0963361089722414,0.17448750042931224,0.029326976000129484,0.40686183724439196,0.18197229631564835,2636.509287292345,74.96212426567155,4.889597185290775e-32,7575.354244509072,0.365,0.3362519132653061,0.010012755102040815,0.0,0.9663329081632653,2636.509287292345,74.96212426567155,4.889597185290775e-32,7575.354244509072,0.12887280705878146,0.035607478681888176,0.38035062764382205,0.13609885439853342,1157.6521173614951,7.701848955710404,6.119105297007704e-14,7555.851416570262,0.367,0.14772589285714285,0.0011479591836734695,0.0,0.9632716836734694,1157.6521173614951,7.701848955710404,6.119105297007704e-14,7555.851416570262,0.13370503363630082,0.023977055709291643,0.37040920208095657,0.1408071353717034,1361.3348138989036,73.44214096016245,2.877385774066045e-16,7558.785750276758,0.321,0.1736954081632653,0.009247448979591837,0.0,0.9642920918367347,1361.3348138989036,73.44214096016245,2.877385774066045e-16,7558.785750276758,0.15677943872525354,0.011011724342113137,0.40515303787786394,0.16497781849690807,2120.7514951070334,54.77663254610607,4.628647424238952e-54,7575.551655057997,0.354,0.27045497448979594,0.007079081632653061,0.0,0.9667091836734694,2120.7514951070334,54.77663254610607,4.628647424238952e-54,7575.551655057997,0.08304674904813689,0.013522600788798163,0.22345261077886178,0.0892191211215947,394.5265089051429,0.37358780199276176,7.956793981673464e-34,510.8269938878256,0.521,0.050335331632653066,0.0,0.0,0.0658418367346652,394.5265089051429,0.37358780199276176,7.956793981673464e-34,510.8269938878256,0.06085896779019118,0.007398687486848865,0.15983606370633638,0.06489266643253112,63.35892642064773,0.8751649930411353,1.5739882193759451e-74,234.51244578132165,0.498,0.008081377551020409,0.00012755102040816328,0.0,0.03048469387755102,63.35892642064773,0.8751649930411353,1.5739882193759451e-74,234.51244578132165,0.0910358178140152,0.013961862876157841,0.20438845013168142,0.09449631413325485,40.63034574069728,0.9312272447119321,6.759501269231508e-31,187.83248663925104,0.481,0.005200382653061225,0.00012755102040816328,0.0,0.02373086734693877,40.63034574069728,0.9312272447119321,6.759501269231508e-31,187.83248663925104,0.12003295809335998,0.0747279044292479,0.21100161832008557,0.12753579372982599,65.23650527373388,32.69699033124091,5.294002346696669e-08,213.9112061787542,0.31,0.008254719387755103,0.004145408163265306,0.0,0.027168367346938775,65.23650527373388,32.69699033124091,5.294002346696669e-08,213.9112061787542
2000-05-27 00:00:00+00:00,inference-2026-08-20T16-49-50Z-2025-06-06,timeseries.json,7300.0,2583829.962722908,2952.685835745842,2528.3054430787065,3408.7130345198425,0.6293992088431533,0.5417106260112091,0.7253639031058674,0.9488192725953514,0.8131847164114016,1.0963361089722414,0.17448750042931224,0.029326976000129484,0.40686183724439196,0.18197229631564835,2669.7273774738255,18.17727362253638,3.6101412866281256e-41,7234.527199149434,0.392,0.36567630136986307,0.0023972602739726024,0.0,0.9909589041095891,2669.7273774738255,18.17727362253638,3.6101412866281256e-41,7234.527199149434,0.12887280705878146,0.035607478681888176,0.38035062764382205,0.13609885439853342,943.0407697908638,3.2956462687143557,1.1252212948568176e-12,7207.510879836147,0.423,0.12917534246575343,0.00047945205479452054,0.0,0.9871301369863014,943.0407697908638,3.2956462687143557,1.1252212948568176e-12,7207.510879836147,0.13370503363630082,0.023977055709291643,0.37040920208095657,0.1408071353717034,1128.8897961247585,1.3745431383544362,6.1079703140691384e-21,7215.12873165411,0.472,0.15466342465753424,0.000136986301369863,0.0,0.9883561643835617,1128.8897961247585,1.3745431383544362,6.1079703140691384e-21,7215.12873165411,0.15677943872525354,0.011011724342113137,0.40515303787786394,0.16497781849690807,2136.053362579127,2.9085613187472927,1.3479784260447678e-70,7229.989786566053,0.439,0.29259054794520545,0.00041095890410958907,0.0,0.9908219178082192,2136.053362579127,2.9085613187472927,1.3479784260447678e-70,7229.989786566053,0.08304674904813689,0.013522600788798163,0.22345261077886178,0.0892191211215947,366.0052733688744,0.006040320408788258,9.04799674352293e-56,395.0416709613364,0.638,0.05013849315068493,0.0,0.0,0.05379452054790924,366.0052733688744,0.006040320408788258,9.04799674352293e-56,395.0416709613364,0.06085896779019118,0.007398687486848865,0.15983606370633638,0.06489266643253112,12.033363442783102,0.00045399774017542164,1.1875397783473851e-63,67.47081283773974,0.648,0.0016567123287671232,0.0,0.0,0.009178082191780823,12.033363442783102,0.00045399774017542164,1.1875397783473851e-63,67.47081283773974,0.0910358178140152,0.013961862876157841,0.20438845013168142,0.09449631413325485,21.797386166873515,0.9941853183569408,1.740703014691971e-25,83.19098568428501,0.485,0.0029965753424657533,0.000136986301369863,0.0,0.011506849315068493,21.797386166873515,0.9941853183569408,1.740703014691971e-25,83.19098568428501,0.12003295809335998,0.0747279044292479,0.21100161832008557,0.12753579372982599,22.452671052895894,5.857036305044717,9.036034905952233e-08,79.79352444225047,0.388,0.0031026027397260273,0.0006849315068493151,0.0,0.010965753424657528,22.452671052895894,5.857036305044717,9.036034905952233e-08,79.79352444225047
2000-05-28 00:00:00+00:00,inference-2026-08-20T16-49-50Z-2025-06-06,timeseries.json,2716.0,2583829.962722908,2952.685835745842,2528.3054430787065,3408.7130345198425,0.6293992088431533,0.5417106260112091,0.7253639031058674,0.9488192725953514,0.8131847164114016,1.0963361089722414,0.17448750042931224,0.029326976000129484,0.40686183724439196,0.18197229631564835,962.0417678986037,40.89541395768519,3.2176942624474373e-38,2536.248994470665,0.338,0.3540747422680413,0.01638438880706922,0.0,0.9340942562592047,962.0417678986037,40.89541395768519,3.2176942624474373e-38,2536.248994470665,0.12887280705878146,0.035607478681888176,0.38035062764382205,0.13609885439853342,356.8202937101606,1.92585984677469,3.062375088836351e-15,2525.215654532645,0.439,0.13135824742268043,0.0007363770250368188,0.0,0.9289580265095729,356.8202937101606,1.92585984677469,3.062375088836351e-15,2525.215654532645,0.13370503363630082,0.023977055709291643,0.37040920208095657,0.1408071353717034,461.8337576788746,4.118306381639709,8.693941065465572e-31,2526.507518874825,0.428,0.17002356406480118,0.0014727540500736377,0.0,0.9300625920471282,461.8337576788746,4.118306381639709,8.693941065465572e-31,2526.507518874825,0.15677943872525354,0.011011724342113137,0.40515303787786394,0.16497781849690807,693.775575644498,1.1930473265967731,8.97933366258403e-29,2532.618080596787,0.483,0.25565905743740797,0.0003681885125184094,0.0,0.9337444771723122,693.775575644498,1.1930473265967731,8.97933366258403e-29,2532.618080596787,0.08304674904813689,0.013522600788798163,0.22345261077886178,0.0892191211215947,127.49823091584402,0.07281629225417079,3.45096080271299e-42,206.03365232985755,0.546,0.04696612665684831,0.0,0.0,0.07586524300441824,127.49823091584402,0.07281629225417079,3.45096080271299e-42,206.03365232985755,0.06085896779019118,0.007398687486848865,0.15983606370633638,0.06489266643253112,17.03786154514352,8.858903818415725e-06,8.788568305903514e-95,166.8555113938321,0.744,0.00625,0.0,0.0,0.06113770250368187,17.03786154514352,8.858903818415725e-06,8.788568305903514e-95,166.8555113938321,0.0910358178140152,0.013961862876157841,0.20438845013168142,0.09449631413325485,54.4533773114801,0.6190019298147669,5.896734350413668e-32,189.3184258967062,0.498,0.020058910162002945,0.0003681885125184094,0.0,0.0703424153166421,54.4533773114801,0.6190019298147669,5.896734350413668e-32,189.3184258967062,0.12003295809335998,0.0747279044292479,0.21100161832008557,0.12753579372982599,42.53913529539466,3.517155426361124,6.418208209067802e-09,182.3041432461529,0.389,0.015609351988217966,0.0011045655375552283,0.0,0.06737849779086892,42.53913529539466,3.517155426361124,6.418208209067802e-09,182.3041432461529
2000-05-29 00:00:00+00:00,inference-2026-08-20T16-49-50Z-2025-06-06,timeseries.json,324.0,2583829.962722908,2952.685835745842,2528.3054430787065,3408.7130345198425,0.6293992088431533,0.5417106260112091,0.7253639031058674,0.9488192725953514,0.8131847164114016,1.0963361089722414,0.17448750042931224,0.029326976000129484,0.40686183724439196,0.18197229631564835,36.85718319713068,2.4560821593413236,4.390803742695665e-39,113.3991088042824,0.43,0.11428703703703703,0.009259259259259259,0.0,0.3549382716049383,36.85718319713068,2.4560821593413236,4.390803742695665e-39,113.3991088042824,0.12887280705878146,0.035607478681888176,0.38035062764382205,0.13609885439853342,35.70980482400602,1.1615650322302167,4.0855946753106926e-16,115.12840643985635,0.469,0.11059259259259258,0.0030864197530864196,0.0,0.3611111111111111,35.70980482400602,1.1615650322302167,4.0855946753106926e-16,115.12840643985635,0.13370503363630082,0.023977055709291643,0.37040920208095657,0.1408071353717034,47.422215397857116,0.8445172028264658,1.0345878546792653e-35,208.32389379802348,0.498,0.14589197530864198,0.0030864197530864196,0.0,0.6419753086419753,47.422215397857116,0.8445172028264658,1.0345878546792653e-35,208.32389379802348,0.15677943872525354,0.011011724342113137,0.40515303787786394,0.16497781849690807,33.713136661292666,0.22889007342289694,4.729765150619422e-47,113.7380300667303,0.542,0.10412654320987655,0.0,0.0,0.3549382716049383,33.713136661292666,0.22889007342289694,4.729765150619422e-47,113.7380300667303,0.08304674904813689,0.013522600788798163,0.22345261077886178,0.0892191211215947,28.972059040782657,0.023470985841371302,6.909982192119909e-41,173.78846802947209,0.601,0.08962345679012346,0.0,0.0,0.5402777777777776,28.972059040782657,0.023470985841371302,6.909982192119909e-41,173.78846802947209,0.06085896779019118,0.007398687486848865,0.15983606370633638,0.06489266643253112,21.136254418322707,2.0178188768327056e-05,2.06111481761009e-55,178.87652160043172,0.709,0.06515123456790123,0.0,0.0,0.558641975308642,21.136254418322707,2.0178188768327056e-05,2.06111481761009e-55,178.87652160043172,0.0910358178140152,0.013961862876157841,0.20438845013168142,0.09449631413325485,57.097704487425645,0.34114284640531395,1.0238194227446718e-28,210.40490966522955,0.517,0.17636728395061727,0.0,0.0,0.6481481481481481,57.097704487425645,0.34114284640531395,1.0238194227446718e-28,210.40490966522955,0.12003295809335998,0.0747279044292479,0.21100161832008557,0.12753579372982599,63.091641973182604,9.947961476644313,7.935436347193129e-10,210.61976336468933,0.376,0.19395987654320987,0.030864197530864196,0.0,0.6483024691358024,63.091641973182604,9.947961476644313,7.935436347193129e-10,210.61976336468933
2000-05-30 00:00:00+00:00,inference-2026-08-20T16-49-50Z-2025-06-06,timeseries.json,318.0,2583829.962722908,2952.685835745842,2528.3054430787065,3408.7130345198425,0.6293992088431533,0.5417106260112091,0.7253639031058674,0.9488192725953514,0.8131847164114016,1.0963361089722414,0.17448750042931224,0.029326976000129484,0.40686183724439196,0.18197229631564835,29.493532189134374,1.8127985618318996,5.2573928468321634e-34,84.74722448087813,0.437,0.09306918238993711,0.006289308176100629,0.0,0.27358490566037735,29.493532189134374,1.8127985618318996,5.2573928468321634e-34,84.74722448087813,0.12887280705878146,0.035607478681888176,0.38035062764382205,0.13609885439853342,29.885273688969423,2.65455140025662,2.9617124538395383e-12,89.24166695659227,0.43,0.09373270440251572,0.009433962264150943,0.0,0.2959119496855343,29.885273688969423,2.65455140025662,2.9617124538395383e-12,89.24166695659227,0.13370503363630082,0.023977055709291643,0.37040920208095657,0.1408071353717034,51.884097855292964,6.529250868498492,1.043365977924524e-13,232.26931752082385,0.428,0.16292767295597485,0.018867924528301886,0.0,0.7295597484276729,51.884097855292964,6.529250868498492,1.043365977924524e-13,232.26931752082385,0.15677943872525354,0.011011724342113137,0.40515303787786394,0.16497781849690807,28.035230180429455,1.245020087651886,3.1320554440058142e-27,84.37535258575188,0.487,0.08808805031446541,0.0031446540880503146,0.0,0.27044025157232704,28.035230180429455,1.245020087651886,3.1320554440058142e-27,84.37535258575188,0.08304674904813689,0.013522600788798163,0.22345261077886178,0.0892191211215947,33.523951899468486,0.01605098990421438,3.4040844331018075e-37,189.60741803811158,0.597,0.10498427672955975,0.0,0.0,0.60062893081761,33.523951899468486,0.01605098990421438,3.4040844331018075e-37,189.60741803811158,0.06085896779019118,0.007398687486848865,0.15983606370633638,0.06489266643253112,26.375637155847194,0.0021993464442204586,1.0198429195402513e-61,213.81729638708384,0.661,0.08342767295597484,0.0,0.0,0.67625786163522,26.375637155847194,0.0021993464442204586,1.0198429195402513e-61,213.81729638708384,0.0910358178140152,0.013961862876157841,0.20438845013168142,0.09449631413325485,73.41706078318218,6.6615120578617475,3.82432974503778e-38,233.12833143847416,0.446,0.2302641509433962,0.0220125786163522,0.0,0.7327044025157232,73.41706078318218,6.6615120578617475,3.82432974503778e-38,233.12833143847416,0.12003295809335998,0.0747279044292479,0.21100161832008557,0.12753579372982599,45.38521624767592,2.193599096810383,1.1406948423219782e-10,224.80858674772287,0.428,0.1435062893081761,0.006289308176100629,0.0,0.7077044025157231,45.38521624767592,2.193599096810383,1.1406948423219782e-10,224.80858674772287
2000-05-31 00:00:00+00:00,inference-2026-08-20T16-49-50Z-2025-06-06,timeseries.json,325.0,2583829.962722908,2952.685835745842,2528.3054430787065,3408.7130345198425,0.6293992088431533,0.5417106260112091,0.7253639031058674,0.9488192725953514,0.8131847164114016,1.0963361089722414,0.17448750042931224,0.029326976000129484,0.40686183724439196,0.18197229631564835,26.36447540780198,5.201058752576955,6.412949922036523e-22,72.18935125440113,0.413,0.08094461538461539,0.015384615384615385,0.0,0.2246153846153846,26.36447540780198,5.201058752576955,6.412949922036523e-22,72.18935125440113,0.12887280705878146,0.035607478681888176,0.38035062764382205,0.13609885439853342,52.081220738500136,36.85029085650197,5.309409070888829e-13,179.7972186685008,0.334,0.16,0.1076923076923077,0.0,0.5541538461538459,52.081220738500136,36.85029085650197,5.309409070888829e-13,179.7972186685008,0.13370503363630082,0.023977055709291643,0.37040920208095657,0.1408071353717034,38.10590830052998,1.7527833898344158,1.728093944938245e-25,181.26490605778466,0.459,0.11705538461538462,0.006153846153846154,0.0,0.556923076923077,38.10590830052998,1.7527833898344158,1.728093944938245e-25,181.26490605778466,0.15677943872525354,0.011011724342113137,0.40515303787786394,0.16497781849690807,43.65188219309705,27.33911203980817,5.0165009690306225e-27,154.60548334487135,0.382,0.13419384615384616,0.08153846153846153,0.0,0.4679999999999997,43.65188219309705,27.33911203980817,5.0165009690306225e-27,154.60548334487135,0.08304674904813689,0.013522600788798163,0.22345261077886178,0.0892191211215947,23.472437170501404,0.031141843883148494,9.991325875251113e-33,124.11373256030795,0.594,0.07229538461538462,0.0,0.0,0.38476923076923064,23.472437170501404,0.031141843883148494,9.991325875251113e-33,124.11373256030795,0.06085896779019118,0.007398687486848865,0.15983606370633638,0.06489266643253112,22.818785189291177,0.00029234528067825587,7.762820004008549e-87,118.70493626873625,0.634,0.07102153846153846,0.0,0.0,0.3726153846153843,22.818785189291177,0.00029234528067825587,7.762820004008549e-87,118.70493626873625,0.0910358178140152,0.013961862876157841,0.20438845013168142,0.09449631413325485,43.89373693645801,1.1932942047475574,9.911119542320554e-30,196.38118999623893,0.481,0.13464923076923077,0.003076923076923077,0.0,0.5909230769230769,43.89373693645801,1.1932942047475574,9.911119542320554e-30,196.38118999623893,0.12003295809335998,0.0747279044292479,0.21100161832008557,0.12753579372982599,74.61155406382012,51.78693732896629,4.9341005472029025e-08,246.6168138249476,0.284,0.22984000000000002,0.16153846153846152,0.0,0.7569230769230769,74.61155406382012,51.78693732896629,4.9341005472029025e-08,246.6168138249476
2000-06-01 00:00:00+00:00,inference-2026-08-20T16-49-50Z-2025-06-06,timeseries.json,7163.0,2583829.962722908,2952.685835745842,2528.3054430787065,3408.7130345198425,0.6293992088431533,0.5417106260112091,0.7253639031058674,0.9488192725953514,0.8131847164114016,1.0963361089722414,0.17448750042931224,0.029326976000129484,0.40686183724439196,0.18197229631564835,1571.0976892284555,47.17185286640313,1.162774422721528e-46,4912.403758257043,0.373,0.21928465726650842,0.0065614965796454,0.0,0.6860323886639677,1571.0976892284555,47.17185286640313,1.162774422721528e-46,4912.403758257043,0.12887280705878146,0.035607478681888176,0.38035062764382205,0.13609885439853342,1080.4988008184935,35.62186554090198,1.7450935829422282e-12,4904.236092148391,0.336,0.1508797989669133,0.005584252408208851,0.0,0.6847759318721206,1080.4988008184935,35.62186554090198,1.7450935829422282e-12,4904.236092148391,0.13370503363630082,0.023977055709291643,0.37040920208095657,0.1408071353717034,1133.615886649439,83.34223649183213,2.463586701722373e-20,4882.158241700723,0.342,0.15824417143654892,0.012355158453162082,0.0,0.6817045930476058,1133.615886649439,83.34223649183213,2.463586701722373e-20,4882.158241700723,0.15677943872525354,0.011011724342113137,0.40515303787786394,0.16497781849690807,1384.231811468006,2.1425307333706347,1.2243669323113963e-47,4915.486965084918,0.48,0.19331383498534135,0.00027921262041044257,0.0,0.6867304202149938,1384.231811468006,2.1425307333706347,1.2243669323113963e-47,4915.486965084918,0.08304674904813689,0.013522600788798163,0.22345261077886178,0.0892191211215947,516.0599207370983,0.18781845484710996,4.810358555905934e-32,1995.9954793415916,0.53,0.07210261063800084,0.0,0.0,0.2799525338545282,516.0599207370983,0.18781845484710996,4.810358555905934e-32,1995.9954793415916,0.06085896779019118,0.007398687486848865,0.15983606370633638,0.06489266643253112,276.65731673966303,0.04688209144979302,9.167125251676478e-72,1482.4192209387134,0.549,0.0386176183163479,0.0,0.0,0.2050886500069803,276.65731673966303,0.04688209144979302,9.167125251676478e-72,1482.4192209387134,0.0910358178140152,0.013961862876157841,0.20438845013168142,0.09449631413325485,732.4338163026681,78.11980172255168,1.262879112229984e-37,2228.3220388497843,0.398,0.10215733631160129,0.01081948904090465,0.0,0.3111894457629485,732.4338163026681,78.11980172255168,1.262879112229984e-37,2228.3220388497843,0.12003295809335998,0.0747279044292479,0.21100161832008557,0.12753579372982599,468.4047580561721,116.6316499523931,1.6907660160932596e-08,1983.704081403366,0.267,0.06539997207873796,0.017171576155242216,0.0,0.2789334077900321,468.4047580561721,116.6316499523931,1.6907660160932596e-08,1983.704081403366
2000-06-02 00:00:00+00:00,inference-2026-08-20T16-49-50Z-2025-06-06,timeseries.json,9130.0,2583829.962722908,2952.685835745842,2528.3054430787065,3408.7130345198425,0.6293992088431533,0.5417106260112091,0.7253639031058674,0.9488192725953514,0.8131847164114016,1.0963361089722414,0.17448750042931224,0.029326976000129484,0.40686183724439196,0.18197229631564835,2515.6037463158063,29.92561131700953,1.7074766607248762e-26,9003.204704090651,0.4,0.2755579408543264,0.0032858707557502738,0.0,0.9857667031763417,2515.6037463158063,29.92561131700953,1.7074766607248762e-26,9003.204704090651,0.12887280705878146,0.035607478681888176,0.38035062764382205,0.13609885439853342,1889.1772195746914,77.93661540364465,3.6726887696631116e-10,8985.655275803701,0.335,0.2069065717415115,0.00832420591456736,0.0,0.984118291347207,1889.1772195746914,77.93661540364465,3.6726887696631116e-10,8985.655275803701,0.13370503363630082,0.023977055709291643,0.37040920208095657,0.1408071353717034,1435.532077365097,9.937954646715678,2.2644720142859543e-26,9012.97400887884,0.395,0.15732727272727273,0.001095290251916758,0.0,0.9871905805038336,1435.532077365097,9.937954646715678,2.2644720142859543e-26,9012.97400887884,0.15677943872525354,0.011011724342113137,0.40515303787786394,0.16497781849690807,2769.7818110270814,1.1258553730752512,1.0867101631848588e-74,9031.492447059572,0.487,0.3032805038335159,0.0001095290251916758,0.0,0.9889430449069003,2769.7818110270814,1.1258553730752512,1.0867101631848588e-74,9031.492447059572,0.08304674904813689,0.013522600788798163,0.22345261077886178,0.0892191211215947,440.3812221962221,0.09804779021163536,1.4000838757294724e-43,265.47537751311063,0.573,0.04823296823658269,0.0,0.0,0.02937020810514785,440.3812221962221,0.09804779021163536,1.4000838757294724e-43,265.47537751311063,0.06085896779019118,0.007398687486848865,0.15983606370633638,0.06489266643253112,17.627785591952694,0.0007343075158609363,7.40402135985895e-95,100.92737879157359,0.66,0.0019122672508214676,0.0,0.0,0.010958378970427158,17.627785591952694,0.0007343075158609363,7.40402135985895e-95,100.92737879157359,0.0910358178140152,0.013961862876157841,0.20438845013168142,0.09449631413325485,34.23387415591471,0.8711188224909072,8.183578636112055e-24,160.48442342910963,0.491,0.003759364731653889,0.0001095290251916758,0.0,0.01764512595837896,34.23387415591471,0.8711188224909072,8.183578636112055e-24,160.48442342910963,0.12003295809335998,0.0747279044292479,0.21100161832008557,0.12753579372982599,27.66226377323236,4.821919719472792,2.3561041497190812e-08,95.64799962893186,0.391,0.003023110624315444,0.000547645125958379,0.0,0.010514786418400876,27.66226377323236,4.821919719472792,2.3561041497190812e-08,95.64799962893186
2000-06-03 00:00:00+00:00,inference-2026-08-20T16-49-50Z-2025-06-06,timeseries.json,5025.0,2583829.962722908,2952.685835745842,2528.3054430787065,3408.7130345198425,0.6293992088431533,0.5417106260112091,0.7253639031058674,0.9488192725953514,0.8131847164114016,1.0963361089722414,0.17448750042931224,0.029326976000129484,0.40686183724439196,0.18197229631564835,1986.2098436633385,11.67342283392706,3.67651553628227e-46,5019.019318326719,0.401,0.39536557213930346,0.0021890547263681594,0.0,0.9990049751243781,1986.2098436633385,11.67342283392706,3.67651553628227e-46,5019.019318326719,0.12887280705878146,0.035607478681888176,0.38035062764382205,0.13609885439853342,530.843593255737,0.3631553149879301,2.3392327482992106e-11,4989.676519428214,0.525,0.10554885572139303,0.0,0.0,0.9934427860696516,530.843593255737,0.3631553149879301,2.3392327482992106e-11,4989.676519428214,0.13370503363630082,0.023977055709291643,0.37040920208095657,0.1408071353717034,754.7911773813468,0.3520599812812994,4.91065457745554e-24,5006.640861529492,0.523,0.15023621890547265,0.0,0.0,0.9964278606965173,754.7911773813468,0.3520599812812994,4.91065457745554e-24,5006.640861529492,0.15677943872525354,0.011011724342113137,0.40515303787786394,0.16497781849690807,1495.9202541969905,0.11266920487575907,1.3616156241776513e-36,5019.962247736986,0.539,0.29768019900497517,0.0,0.0,0.9990149253731343,1495.9202541969905,0.11266920487575907,1.3616156241776513e-36,5019.962247736986,0.08304674904813689,0.013522600788798163,0.22345261077886178,0.0892191211215947,249.8078900999575,0.0012348246858431863,1.1018438063489284e-33,243.25661983175803,0.7,0.04970766169154229,0.0,0.0,0.04995024875617927,249.8078900999575,0.0012348246858431863,1.1018438063489284e-33,243.25661983175803,0.06085896779019118,0.007398687486848865,0.15983606370633638,0.06489266643253112,1.704995039791468,1.9105866830057712e-05,3.2517172420667824e-128,12.509558018394088,0.796,0.00034507462686567163,0.0,0.0,0.0023880597014925373,1.704995039791468,1.9105866830057712e-05,3.2517172420667824e-128,12.509558018394088,0.0910358178140152,0.013961862876157841,0.20438845013168142,0.09449631413325485,2.667171472981396,0.011912977532133509,9.668367056816798e-31,14.143556052084039,0.674,0.0005219900497512438,0.0,0.0,0.0029850746268656717,2.667171472981396,0.011912977532133509,9.668367056816798e-31,14.143556052084039,0.12003295809335998,0.0747279044292479,0.21100161832008557,0.12753579372982599,3.0550748898557676,0.13088272431988118,3.024560515045377e-10,15.449713106678036,0.615,0.0005944278606965174,0.0,0.0,0.0031840796019900496,3.0550748898557676,0.13088272431988118,3.024560515045377e-10,15.449713106678036
2000-06-04 00:00:00+00:00,inference-2026-08-20T16-49-50Z-2025-06-07,timeseries.json,2083.0,2583829.962722908,2952.685835745842,2528.3054430787065,3408.7130345198425,0.6293992088431533,0.5417106260112091,0.7253639031058674,0.9488192725953514,0.8131847164114016,1.0963361089722414,0.17448750042931224,0.029326976000129484,0.40686183724439196,0.18197229631564835,611.835541073782,22.01017258729203,4.701452075325624e-38,2020.1242208655028,0.399,0.2936231397023524,0.009601536245799328,0.0,0.9692750840134422,611.835541073782,22.01017258729203,4.701452075325624e-38,2020.1242208655028,0.12887280705878146,0.035607478681888176,0.38035062764382205,0.13609885439853342,398.7116626031806,6.54121268300953,1.1960365692374195e-11,2005.0509423082071,0.382,0.19152808449351894,0.003360537686029765,0.0,0.9635141622659625,398.7116626031806,6.54121268300953,1.1960365692374195e-11,2005.0509423082071,0.13370503363630082,0.023977055709291643,0.37040920208095657,0.1408071353717034,355.80605379273607,3.1348553344466543,2.875818788501492e-24,2012.6125984640885,0.458,0.17076812289966395,0.0014402304368698992,0.0,0.9654344695151225,355.80605379273607,3.1348553344466543,2.875818788501492e-24,2012.6125984640885,0.15677943872525354,0.011011724342113137,0.40515303787786394,0.16497781849690807,576.7251363115024,0.5022361497901093,7.401289615880117e-33,2019.4048198383196,0.51,0.2768569371099376,0.0,0.0,0.9702352376380221,576.7251363115024,0.5022361497901093,7.401289615880117e-33,2019.4048198383196,0.08304674904813689,0.013522600788798163,0.22345261077886178,0.0892191211215947,95.91816578817662,0.004903186962654838,2.6146029828288307e-38,88.14240804174901,0.656,0.04607777244359098,0.0,0.0,0.04179068650984155,95.91816578817662,0.004903186962654838,2.6146029828288307e-38,88.14240804174901,0.06085896779019118,0.007398687486848865,0.15983606370633638,0.06489266643253112,7.354775232968872,9.498158998089007e-05,2.192513068208908e-73,58.277766180128,0.726,0.003545367258761402,0.0,0.0,0.02738838214114256,7.354775232968872,9.498158998089007e-05,2.192513068208908e-73,58.277766180128,0.0910358178140152,0.013961862876157841,0.20438845013168142,0.09449631413325485,15.762647430625009,0.04634145549089831,9.540497411062536e-29,70.42148358332713,0.584,0.007539126260201631,0.0,0.0,0.03408545367258761,15.762647430625009,0.04634145549089831,9.540497411062536e-29,70.42148358332713,0.12003295809335998,0.0747279044292479,0.21100161832008557,0.12753579372982599,20.88601776702729,1.882425680771835,9.453191919468836e-10,74.44152123844471,0.435,0.010061449831973115,0.0009601536245799327,0.0,0.03602976476236196,20.88601776702729,1.882425680771835,9.453191919468836e-10,74.44152123844471
2000-06-05 00:00:00+00:00,inference-2026-08-20T16-49-50Z-2025-06-07,timeseries.json,317.0,2583829.962722908,2952.685835745842,2528.3054430787065,3408.7130345198425,0.6293992088431533,0.5417106260112091,0.7253639031058674,0.9488192725953514,0.8131847164114016,1.0963361089722414,0.17448750042931224,0.029326976000129484,0.40686183724439196,0.18197229631564835,63.15073592919412,17.77251448076418,1.1876192495793914e-25,160.88051087960147,0.375,0.19913249211356462,0.05520504731861199,0.0,0.5110410094637224,63.15073592919412,17.77251448076418,1.1876192495793914e-25,160.88051087960147,0.12887280705878146,0.035607478681888176,0.38035062764382205,0.13609885439853342,40.384738332845295,1.7268012145893303,3.009883274333834e-13,157.16318963253647,0.463,0.12780757097791798,0.006309148264984227,0.0,0.49842271293375395,40.384738332845295,1.7268012145893303,3.009883274333834e-13,157.16318963253647,0.13370503363630082,0.023977055709291643,0.37040920208095657,0.1408071353717034,48.821857823603054,4.023650803093126,4.309301613159277e-28,158.80066754532047,0.434,0.1543059936908517,0.012618296529968454,0.0,0.501577287066246,48.821857823603054,4.023650803093126,4.309301613159277e-28,158.80066754532047,0.15677943872525354,0.011011724342113137,0.40515303787786394,0.16497781849690807,46.686346081881254,0.2852300917633896,4.367661927287648e-38,160.54341616780349,0.517,0.14671924290220817,0.0,0.0,0.5078864353312302,46.686346081881254,0.2852300917633896,4.367661927287648e-38,160.54341616780349,0.08304674904813689,0.013522600788798163,0.22345261077886178,0.0892191211215947,21.588978703489055,0.005348169828253129,4.559754480400808e-40,153.9662028103339,0.644,0.06794321766561513,0.0,0.0,0.48580441640378547,21.588978703489055,0.005348169828253129,4.559754480400808e-40,153.9662028103339,0.06085896779019118,0.007398687486848865,0.15983606370633638,0.06489266643253112,14.227585933980158,0.0001233870653184373,1.8880669525479026e-84,120.217320201186,0.701,0.04467507886435331,0.0,0.0,0.3664037854889586,14.227585933980158,0.0001233870653184373,1.8880669525479026e-84,120.217320201186,0.0910358178140152,0.013961862876157841,0.20438845013168142,0.09449631413325485,30.296218666387702,0.032321634814173675,3.65118974656435e-49,152.71556988138974,0.567,0.09519242902208203,0.0,0.0,0.4794952681388013,30.296218666387702,0.032321634814173675,3.65118974656435e-49,152.71556988138974,0.12003295809335998,0.0747279044292479,0.21100161832008557,0.12753579372982599,51.843538528619426,25.0145520989103,5.055485993761607e-08,155.13811852036778,0.308,0.16422397476340694,0.08201892744479496,0.0,0.4921135646687697,51.843538528619426,25.0145520989103,5.055485993761607e-08,155.13811852036778
2000-06-06 00:00:00+00:00,inference-2026-08-20T16-49-50Z-2025-06-07,timeseries.json,143.0,2583829.962722908,2952.685835745842,2528.3054430787065,3408.7130345198425,0.6293992088431533,0.5417106260112091,0.7253639031058674,0.9488192725953514,0.8131847164114016,1.0963361089722414,0.17448750042931224,0.029326976000129484,0.40686183724439196,0.18197229631564835,12.57559360599696,2.5476992399634044,1.8242757237087876e-61,33.68141839978412,0.435,0.08795104895104897,0.02097902097902098,0.0,0.24475524475524477,12.57559360599696,2.5476992399634044,1.8242757237087876e-61,33.68141839978412,0.12887280705878146,0.035607478681888176,0.38035062764382205,0.13609885439853342,16.2241802069451,1.964886273334368,2.3535311888814107e-13,73.34645446770064,0.454,0.11353846153846153,0.013986013986013986,0.0,0.4972027972027966,16.2241802069451,1.964886273334368,2.3535311888814107e-13,73.34645446770064,0.13370503363630082,0.023977055709291643,0.37040920208095657,0.1408071353717034,19.263139408785804,0.8209185344027504,1.914878094941864e-21,102.713288649075,0.497,0.13483916083916087,0.006993006993006993,0.0,0.7202797202797203,19.263139408785804,0.8209185344027504,1.914878094941864e-21,102.713288649075,0.15677943872525354,0.011011724342113137,0.40515303787786394,0.16497781849690807,14.86764906104995,0.5258780114348967,2.5086062084209435e-68,58.80830730208324,0.499,0.10436363636363638,0.006993006993006993,0.0,0.4125874125874126,14.86764906104995,0.5258780114348967,2.5086062084209435e-68,58.80830730208324,0.08304674904813689,0.013522600788798163,0.22345261077886178,0.0892191211215947,10.919723125369723,0.00829168965111819,3.1471604910461864e-43,69.06921353968409,0.658,0.0764055944055944,0.0,0.0,0.5038461538461536,10.919723125369723,0.00829168965111819,3.1471604910461864e-43,69.06921353968409,0.06085896779019118,0.007398687486848865,0.15983606370633638,0.06489266643253112,12.078142105956763,0.004752950592840087,3.772860809929133e-77,73.0893088072928,0.631,0.08453846153846155,0.0,0.0,0.5108391608391606,12.078142105956763,0.004752950592840087,3.772860809929133e-77,73.0893088072928,0.0910358178140152,0.013961862876157841,0.20438845013168142,0.09449631413325485,25.30802632743215,0.6644083633774126,9.912233508273224e-29,106.94421419973027,0.507,0.17734265734265733,0.0,0.0,0.7482517482517482,25.30802632743215,0.6644083633774126,9.912233508273224e-29,106.94421419973027,0.12003295809335998,0.0747279044292479,0.21100161832008557,0.12753579372982599,31.763546158463576,11.494414784338513,3.590566059274194e-09,107.09933668585968,0.345,0.221020979020979,0.07692307692307693,0.0,0.7486013986013983,31.763546158463576,11.494414784338513,3.590566059274194e-09,107.09933668585968
2000-06-07 00:00:00+00:00,inference-2026-08-20T16-49-50Z-2025-06-07,timeseries.json,316.0,2583829.962722908,2952.685835745842,2528.3054430787065,3408.7130345198425,0.6293992088431533,0.5417106260112091,0.7253639031058674,0.9488192725953514,0.8131847164114016,1.0963361089722414,0.17448750042931224,0.029326976000129484,0.40686183724439196,0.18197229631564835,35.367859248250255,10.426404592733817,1.0991951130670136e-29,84.77347716743519,0.403,0.11190189873417722,0.03164556962025317,0.0,0.2721518987341772,35.367859248250255,10.426404592733817,1.0991951130670136e-29,84.77347716743519,0.12887280705878146,0.035607478681888176,0.38035062764382205,0.13609885439853342,33.283485201601444,1.4230958596061916,2.8120399047299526e-12,190.71049658787754,0.475,0.10503481012658229,0.0031645569620253164,0.0,0.6139240506329114,33.283485201601444,1.4230958596061916,2.8120399047299526e-12,190.71049658787754,0.13370503363630082,0.023977055709291643,0.37040920208095657,0.1408071353717034,44.956552939602645,1.045842924870029,8.532900512609899e-33,227.25345490886988,0.484,0.14271518987341772,0.0031645569620253164,0.0,0.718512658227848,44.956552939602645,1.045842924870029,8.532900512609899e-33,227.25345490886988,0.15677943872525354,0.011011724342113137,0.40515303787786394,0.16497781849690807,30.534858278119703,0.7026968237556295,3.01203686191149e-33,86.12828093516889,0.492,0.09686392405063292,0.0031645569620253164,0.0,0.27848101265822783,30.534858278119703,0.7026968237556295,3.01203686191149e-33,86.12828093516889,0.08304674904813689,0.013522600788798163,0.22345261077886178,0.0892191211215947,21.79004257243736,0.002342482123194555,6.858940059831784e-46,138.50241840080955,0.644,0.06902531645569619,0.0,0.0,0.44952531645569604,21.79004257243736,0.002342482123194555,6.858940059831784e-46,138.50241840080955,0.06085896779019118,0.007398687486848865,0.15983606370633638,0.06489266643253112,23.761236136262166,3.401427258087743e-05,1.6002993282386036e-83,203.2179228201114,0.691,0.07541139240506328,0.0,0.0,0.6550632911392406,23.761236136262166,3.401427258087743e-05,1.6002993282386036e-83,203.2179228201114,0.0910358178140152,0.013961862876157841,0.20438845013168142,0.09449631413325485,54.683381810385754,0.20499036797486347,7.3222022260048895e-28,230.225652483931,0.521,0.1729746835443038,0.0,0.0,0.7278481012658228,54.683381810385754,0.20499036797486347,7.3222022260048895e-28,230.225652483931,0.12003295809335998,0.0747279044292479,0.21100161832008557,0.12753579372982599,71.62258381334068,15.402046739803588,1.4006836440657222e-09,231.12075120302734,0.337,0.22607278481012658,0.04430379746835443,0.0,0.7310126582278481,71.62258381334068,15.402046739803588,1.4006836440657222e-09,231.12075120302734
2000-06-08 00:00:00+00:00,inference-2026-08-20T16-49-50Z-2025-06-07,timeseries.json,5384.0,2583829.962722908,2952.685835745842,2528.3054430787065,3408.7130345198425,0.6293992088431533,0.5417106260112091,0.7253639031058674,0.9488192725953514,0.8131847164114016,1.0963361089722414,0.17448750042931224,0.029326976000129484,0.40686183724439196,0.18197229631564835,511.91627398042857,181.1026342439465,6.648047501512772e-49,1370.3796340382587,0.296,0.09520096582466567,0.03389673105497771,0.0,0.2550148588410104,511.91627398042857,181.1026342439465,6.648047501512772e-49,1370.3796340382587,0.12887280705878146,0.035607478681888176,0.38035062764382205,0.13609885439853342,618.1822020761014,270.40718770081855,1.8739303054544087e-13,2736.0060709531645,0.24,0.1147412704309064,0.05182020802377414,0.0,0.5035661218424956,618.1822020761014,270.40718770081855,1.8739303054544087e-13,2736.0060709531645,0.13370503363630082,0.023977055709291643,0.37040920208095657,0.1408071353717034,904.7607062262443,90.04778960643833,7.269044200253172e-21,3621.78460547327,0.387,0.16805906389301634,0.017830609212481426,0.0,0.6710995542347696,904.7607062262443,90.04778960643833,7.269044200253172e-21,3621.78460547327,0.15677943872525354,0.011011724342113137,0.40515303787786394,0.16497781849690807,401.1467541920808,7.015154422419085,3.362715098936554e-43,1407.3459762108637,0.429,0.074625,0.0012072808320950966,0.0,0.2613484398216939,401.1467541920808,7.015154422419085,3.362715098936554e-43,1407.3459762108637,0.08304674904813689,0.013522600788798163,0.22345261077886178,0.0892191211215947,441.80539179427626,1.5372950704033936,3.4312778149294588e-34,2290.656866469115,0.477,0.08189004457652302,0.0003714710252600297,0.0,0.43296805349182765,441.80539179427626,1.5372950704033936,3.4312778149294588e-34,2290.656866469115,0.06085896779019118,0.007398687486848865,0.15983606370633638,0.06489266643253112,336.4145098776804,0.0033929907548732154,3.18444888798836e-75,2388.86806673867,0.598,0.06256166419019317,0.0,0.0,0.4424591381872213,336.4145098776804,0.0033929907548732154,3.18444888798836e-75,2388.86806673867,0.0910358178140152,0.013961862876157841,0.20438845013168142,0.09449631413325485,950.1635342395912,22.609966826268234,4.467259334712544e-26,3685.023833216946,0.431,0.1764591381872214,0.004736255572065379,0.0,0.6833488112927192,950.1635342395912,22.609966826268234,4.467259334712544e-26,3685.023833216946,0.12003295809335998,0.0747279044292479,0.21100161832008557,0.12753579372982599,1219.6106276135959,609.7479250393835,1.6239770322907064e-07,3576.9402205187475,0.172,0.226462852897474,0.11348439821693908,0.0,0.663075780089153,1219.6106276135959,609.7479250393835,1.6239770322907064e-07,3576.9402205187475
2000-06-09 00:00:00+00:00,inference-2026-08-20T16-49-50Z-2025-06-07,timeseries.json,9278.0,2583829.962722908,2952.685835745842,2528.3054430787065,3408.7130345198425,0.6293992088431533,0.5417106260112091,0.7253639031058674,0.9488192725953514,0.8131847164114016,1.0963361089722414,0.17448750042931224,0.029326976000129484,0.40686183724439196,0.18197229631564835,3460.038453076071,12.047865310729119,1.0748513016065039e-60,9229.988244840804,0.398,0.3729415822375512,0.0012933821944384565,0.0,0.9949342530717827,3460.038453076071,12.047865310729119,1.0748513016065039e-60,9229.988244840804,0.12887280705878146,0.035607478681888176,0.38035062764382205,0.13609885439853342,1146.043224638483,3.569898219300949,2.330610081530117e-12,9210.601271217934,0.418,0.12351088596680321,0.00037723647337788315,0.0,0.9925630523819788,1146.043224638483,3.569898219300949,2.330610081530117e-12,9210.601271217934,0.13370503363630082,0.023977055709291643,0.37040920208095657,0.1408071353717034,1420.3468842547868,3.6176067114972987,1.0499496162682022e-24,9214.536333747932,0.439,0.15305345979737012,0.0004311273981461522,0.0,0.9931019616296616,1420.3468842547868,3.6176067114972987,1.0499496162682022e-24,9214.536333747932,0.15677943872525354,0.011011724342113137,0.40515303787786394,0.16497781849690807,2757.5272608631203,0.44484383863893306,1.285726549975111e-46,9228.841322708318,0.51,0.2972445570165984,0.0,0.0,0.9946162966156499,2757.5272608631203,0.44484383863893306,1.285726549975111e-46,9228.841322708318,0.08304674904813689,0.013522600788798163,0.22345261077886178,0.0892191211215947,459.8692783029678,0.05256001760858705,1.8308258470447748e-40,445.20715765004576,0.582,0.04955971114464325,0.0,0.0,0.048006035783540575,459.8692783029678,0.05256001760858705,1.8308258470447748e-40,445.20715765004576,0.06085896779019118,0.007398687486848865,0.15983606370633638,0.06489266643253112,6.248679777349999,2.0769215775668963e-05,2.1172259128957277e-60,52.906856848190586,0.76,0.0006698641948695841,0.0,0.0,0.005820219874973055,6.248679777349999,2.0769215775668963e-05,2.1172259128957277e-60,52.906856848190586,0.0910358178140152,0.013961862876157841,0.20438845013168142,0.09449631413325485,14.913994696419786,0.09460728052918438,2.9697688293103664e-43,62.27548069408619,0.566,0.0015992670834231518,0.0,0.0,0.007011209312351795,14.913994696419786,0.09460728052918438,2.9697688293103664e-43,62.27548069408619,0.12003295809335998,0.0747279044292479,0.21100161832008557,0.12753579372982599,13.012224390793019,1.2391240934607093,4.334843591312029e-08,52.74852830959592,0.461,0.001420672558741108,0.00010778184953653804,0.0,0.0059280017245095925,13.012224390793019,1.2391240934607093,4.334843591312029e-08,52.74852830959592
2000-06-10 00:00:00+00:00,inference-2026-08-20T16-49-50Z-2025-06-07,timeseries.json,9106.0,2583829.962722908,2952.685835745842,2528.3054430787065,3408.7130345198425,0.6293992088431533,0.5417106260112091,0.7253639031058674,0.9488192725953514,0.8131847164114016,1.0963361089722414,0.17448750042931224,0.029326976000129484,0.40686183724439196,0.18197229631564835,3583.0694731732215,10.043250181852928,2.008844178484588e-48,9077.518450264128,0.415,0.3934567318251702,0.000988359323522952,0.0,0.9971447397320448,3583.0694731732215,10.043250181852928,2.008844178484588e-48,9077.518450264128,0.12887280705878146,0.035607478681888176,0.38035062764382205,0.13609885439853342,974.2146277523452,0.3469185061292467,1.2299552192051151e-13,9048.79504506936,0.522,0.10698594333406544,0.0,0.0,0.9936305732484076,974.2146277523452,0.3469185061292467,1.2299552192051151e-13,9048.79504506936,0.13370503363630082,0.023977055709291643,0.37040920208095657,0.1408071353717034,1365.2913225666323,0.3769845185935681,8.501432045102593e-19,9058.880941963156,0.506,0.14994102789369645,0.0,0.0,0.9945146057544476,1365.2913225666323,0.3769845185935681,8.501432045102593e-19,9058.880941963156,0.15677943872525354,0.011011724342113137,0.40515303787786394,0.16497781849690807,2700.506690069291,0.2150839793701665,6.612863529133361e-33,9072.369629419614,0.534,0.29656995387656493,0.0,0.0,0.9965956512189765,2700.506690069291,0.2150839793701665,6.612863529133361e-33,9072.369629419614,0.08304674904813689,0.013522600788798163,0.22345261077886178,0.0892191211215947,458.6453334707022,0.10571566662730514,7.173286917704603e-42,485.7607283586499,0.565,0.050373050735778614,0.0,0.0,0.05361300241594819,458.6453334707022,0.10571566662730514,7.173286917704603e-42,485.7607283586499,0.06085896779019118,0.007398687486848865,0.15983606370633638,0.06489266643253112,4.6498517699623,4.989032956504847e-06,4.697084785477121e-70,38.71616445936627,0.784,0.0005117504941796618,0.0,0.0,0.004392708104546453,4.6498517699623,4.989032956504847e-06,4.697084785477121e-70,38.71616445936627,0.0910358178140152,0.013961862876157841,0.20438845013168142,0.09449631413325485,10.77255788557751,0.014457367562832429,2.9183681467825698e-39,46.31916167805057,0.604,0.0011842741049857238,0.0,0.0,0.005161432022842082,10.77255788557751,0.014457367562832429,2.9183681467825698e-39,46.31916167805057,0.12003295809335998,0.0747279044292479,0.21100161832008557,0.12753579372982599,8.850143312265578,0.3417179688392945,7.601704426832813e-10,39.70432893999931,0.516,0.000977267735558972,0.0,0.0,0.004502525807160114,8.850143312265578,0.3417179688392945,7.601704426832813e-10,39.70432893999931
2000-06-11 00:00:00+00:00,inference-2026-08-20T16-49-50Z-2025-06-07,timeseries.json,284.0,2583829.962722908,2952.685835745842,2528.3054430787065,3408.7130345198425,0.6293992088431533,0.5417106260112091,0.7253639031058674,0.9488192725953514,0.8131847164114016,1.0963361089722414,0.17448750042931224,0.029326976000129484,0.40686183724439196,0.18197229631564835,76.47860005467903,3.7763994294161183,3.1935475733369217e-22,252.31337627158098,0.435,0.26941197183098586,0.014084507042253521,0.0,0.8908450704225352,76.47860005467903,3.7763994294161183,3.1935475733369217e-22,252.31337627158098,0.12887280705878146,0.035607478681888176,0.38035062764382205,0.13609885439853342,48.36093208070584,0.8680486695086206,1.1550185707101902e-17,249.67544471626593,0.489,0.1698556338028169,0.0035211267605633804,0.0,0.8769366197183097,48.36093208070584,0.8680486695086206,1.1550185707101902e-17,249.67544471626593,0.13370503363630082,0.023977055709291643,0.37040920208095657,0.1408071353717034,56.87966338423665,2.175199917368147,1.41353098528599e-22,251.0345595574427,0.464,0.20070070422535213,0.007042253521126761,0.0,0.8802816901408451,56.87966338423665,2.175199917368147,1.41353098528599e-22,251.0345595574427,0.15677943872525354,0.011011724342113137,0.40515303787786394,0.16497781849690807,66.22620201609294,0.6957533946405989,1.542017722929156e-40,252.2113896280256,0.502,0.2330316901408451,0.0,0.0,0.8908450704225352,66.22620201609294,0.6957533946405989,1.542017722929156e-40,252.2113896280256,0.08304674904813689,0.013522600788798163,0.22345261077886178,0.0892191211215947,16.413130290762417,0.022446689553726824,6.848440377162607e-39,37.1768495601557,0.616,0.05769366197183098,0.0,0.0,0.14102112676056322,16.413130290762417,0.022446689553726824,6.848440377162607e-39,37.1768495601557,0.06085896779019118,0.007398687486848865,0.15983606370633638,0.06489266643253112,3.461925607203373,6.308791508291156e-06,1.0777577972880554e-81,24.732420217402304,0.744,0.012278169014084508,0.0,0.0,0.09172535211267589,3.461925607203373,6.308791508291156e-06,1.0777577972880554e-81,24.732420217402304,0.0910358178140152,0.013961862876157841,0.20438845013168142,0.09449631413325485,7.523017562265246,0.015310972494966942,4.514480636526574e-29,32.685215553272265,0.62,0.026443661971830984,0.0,0.0,0.11619718309859155,7.523017562265246,0.015310972494966942,4.514480636526574e-29,32.685215553272265,0.12003295809335998,0.0747279044292479,0.21100161832008557,0.12753579372982599,8.656529004054448,1.1390655243673984,2.524830996120648e-10,32.42519212379932,0.46,0.03058450704225352,0.0035211267605633804,0.0,0.11619718309859155,8.656529004054448,1.1390655243673984,2.524830996120648e-10,32.42519212379932
2000-06-12 00:00:00+00:00,inference-2026-08-20T16-49-50Z-2025-06-07,timeseries.json,221.0,2583829.962722908,2952.685835745842,2528.3054430787065,3408.7130345198425,0.6293992088431533,0.5417106260112091,0.7253639031058674,0.9488192725953514,0.8131847164114016,1.0963361089722414,0.17448750042931224,0.029326976000129484,0.40686183724439196,0.18197229631564835,20.477545266167155,3.0656848310090505,9.125085920212494e-21,60.50058705269709,0.431,0.09275113122171945,0.013574660633484163,0.0,0.27601809954751133,20.477545266167155,3.0656848310090505,9.125085920212494e-21,60.50058705269709,0.12887280705878146,0.035607478681888176,0.38035062764382205,0.13609885439853342,20.139241506974837,1.164211005253025,5.937416140876704e-20,73.72084115711215,0.465,0.09099095022624434,0.004524886877828055,0.0,0.32760180995474947,20.139241506974837,1.164211005253025,5.937416140876704e-20,73.72084115711215,0.13370503363630082,0.023977055709291643,0.37040920208095657,0.1408071353717034,35.7879697208943,0.9252468627638961,7.745025391345887e-25,159.5022887951668,0.483,0.16228054298642533,0.004524886877828055,0.0,0.7194570135746606,35.7879697208943,0.9252468627638961,7.745025391345887e-25,159.5022887951668,0.15677943872525354,0.011011724342113137,0.40515303787786394,0.16497781849690807,19.24778215599603,0.12346204828416595,1.1599732142107576e-52,60.60097546030397,0.545,0.08704524886877828,0.0,0.0,0.28054298642533937,19.24778215599603,0.12346204828416595,1.1599732142107576e-52,60.60097546030397,0.08304674904813689,0.013522600788798163,0.22345261077886178,0.0892191211215947,22.862332792234024,0.01830107332567631,4.830995910394952e-38,156.87136500571916,0.613,0.1031447963800905,0.0,0.0,0.7058823529411765,22.862332792234024,0.01830107332567631,4.830995910394952e-38,156.87136500571916,0.06085896779019118,0.007398687486848865,0.15983606370633638,0.06489266643253112,15.978174091306062,2.12132706575846e-05,1.1409852639108854e-78,137.09507401527787,0.726,0.07218552036199095,0.0,0.0,0.6334841628959276,15.978174091306062,2.12132706575846e-05,1.1409852639108854e-78,137.09507401527787,0.0910358178140152,0.013961862876157841,0.20438845013168142,0.09449631413325485,48.44663860968775,0.25741770087336824,9.557810019678585e-31,160.3515913974904,0.519,0.2191131221719457,0.0,0.0,0.7239819004524887,48.44663860968775,0.25741770087336824,9.557810019678585e-31,160.3515913974904,0.12003295809335998,0.0747279044292479,0.21100161832008557,0.12753579372982599,38.06031585673985,2.3370872207494644,1.2157966411863972e-09,159.86206557712765,0.412,0.1724886877828054,0.013574660633484163,0.0,0.7194570135746606,38.06031585673985,2.3370872207494644,1.2157966411863972e-09,159.86206557712765
2000-06-13 00:00:00+00:00,inference-2026-08-20T16-49-50Z-2025-06-07,timeseries.json,449.0,2583829.962722908,2952.685835745842,2528.3054430787065,3408.7130345198425,0.6293992088431533,0.5417106260112091,0.7253639031058674,0.9488192725953514,0.8131847164114016,1.0963361089722414,0.17448750042931224,0.029326976000129484,0.40686183724439196,0.18197229631564835,111.87316074069733,7.59472391694479,1.5587917366818913e-22,329.2627354285527,0.413,0.24943429844098,0.0200445434298441,0.0,0.7371937639198218,111.87316074069733,7.59472391694479,1.5587917366818913e-22,329.2627354285527,0.12887280705878146,0.035607478681888176,0.38035062764382205,0.13609885439853342,67.98258287831923,0.592816478611258,2.824322045809118e-12,325.53067265592455,0.497,0.15129844097995546,0.0022271714922048997,0.0,0.7216035634743875,67.98258287831923,0.592816478611258,2.824322045809118e-12,325.53067265592455,0.13370503363630082,0.023977055709291643,0.37040920208095657,0.1408071353717034,70.10811335335947,18.612806591807043,1.6368867442523344e-17,325.5915449618242,0.363,0.15635189309576839,0.042316258351893093,0.0,0.7260579064587973,70.10811335335947,18.612806591807043,1.6368867442523344e-17,325.5915449618242,0.15677943872525354,0.011011724342113137,0.40515303787786394,0.16497781849690807,101.47256033341718,10.312669805674243,4.1044564006434e-32,328.88472677519013,0.431,0.22570378619153678,0.01893095768374165,0.0,0.734966592427617,101.47256033341718,10.312669805674243,4.1044564006434e-32,328.88472677519013,0.08304674904813689,0.013522600788798163,0.22345261077886178,0.0892191211215947,23.95573582151524,0.0062547000967609415,2.1661529860804065e-41,115.55891228619713,0.616,0.053285077951002235,0.0,0.0,0.26057906458797325,23.95573582151524,0.0062547000967609415,2.1661529860804065e-41,115.55891228619713,0.06085896779019118,0.007398687486848865,0.15983606370633638,0.06489266643253112,29.776865953258675,0.29040611399449,1.3256462554889025e-42,110.23734763248245,0.519,0.06630066815144767,0.0,0.0,0.24498886414253898,29.776865953258675,0.29040611399449,1.3256462554889025e-42,110.23734763248245,0.0910358178140152,0.013961862876157841,0.20438845013168142,0.09449631413325485,17.248474120169956,0.2634965464962168,1.6877422974110767e-29,81.69393555436515,0.521,0.03823162583518931,0.0,0.0,0.19164810690423154,17.248474120169956,0.2634965464962168,1.6877422974110767e-29,81.69393555436515,0.12003295809335998,0.0747279044292479,0.21100161832008557,0.12753579372982599,26.58250679926278,5.564537994773936,9.722450323836954e-09,102.20839452953471,0.411,0.059394209354120264,0.013363028953229399,0.0,0.23385300668151449,26.58250679926278,5.564537994773936,9.722450323836954e-09,102.20839452953471
2000-06-14 00:00:00+00:00,inference-2026-08-20T16-49-50Z-2025-06-07,timeseries.json,145.0,2583829.962722908,2952.685835745842,2528.3054430787065,3408.7130345198425,0.6293992088431533,0.5417106260112091,0.7253639031058674,0.9488192725953514,0.8131847164114016,1.0963361089722414,0.17448750042931224,0.029326976000129484,0.40686183724439196,0.18197229631564835,15.684283332996305,5.486258029863135,3.7880668263022125e-54,39.805962287277175,0.411,0.10794482758620688,0.034482758620689655,0.0,0.2827586206896552,15.684283332996305,5.486258029863135,3.7880668263022125e-54,39.805962287277175,0.12887280705878146,0.035607478681888176,0.38035062764382205,0.13609885439853342,14.84113233491308,1.0558202168408433,3.0203969022576976e-13,53.30836754250999,0.477,0.10249655172413794,0.006896551724137931,0.0,0.3458620689655163,14.84113233491308,1.0558202168408433,3.0203969022576976e-13,53.30836754250999,0.13370503363630082,0.023977055709291643,0.37040920208095657,0.1408071353717034,21.121019046550384,1.0292850795047759,4.315848166377845e-24,103.66007133286982,0.483,0.14606206896551727,0.006896551724137931,0.0,0.7103448275862069,21.121019046550384,1.0292850795047759,4.315848166377845e-24,103.66007133286982,0.15677943872525354,0.011011724342113137,0.40515303787786394,0.16497781849690807,14.9754244126276,0.8032249965383923,2.3080412448917523e-37,42.34775554368435,0.495,0.10348275862068965,0.006896551724137931,0.0,0.30344827586206896,14.9754244126276,0.8032249965383923,2.3080412448917523e-37,42.34775554368435,0.08304674904813689,0.013522600788798163,0.22345261077886178,0.0892191211215947,10.597110844338648,0.005746568356485944,7.929241257265043e-65,72.88621414469338,0.676,0.07287586206896551,0.0,0.0,0.496551724137931,10.597110844338648,0.005746568356485944,7.929241257265043e-65,72.88621414469338,0.06085896779019118,0.007398687486848865,0.15983606370633638,0.06489266643253112,12.97170951131126,0.0008321031655197041,1.947339981869787e-57,81.79551931974318,0.654,0.09030344827586206,0.0,0.0,0.593103448275862,12.97170951131126,0.0008321031655197041,1.947339981869787e-57,81.79551931974318,0.0910358178140152,0.013961862876157841,0.20438845013168142,0.09449631413325485,26.905694948457494,0.12432821946818388,1.5964664170904385e-36,104.50446150612676,0.535,0.18469655172413793,0.0,0.0,0.7172413793103448,26.905694948457494,0.12432821946818388,1.5964664170904385e-36,104.50446150612676,0.12003295809335998,0.0747279044292479,0.21100161832008557,0.12753579372982599,27.903625568805236,5.251843950506617,4.1127489301077766e-10,102.57558845086726,0.406,0.19213793103448276,0.034482758620689655,0.0,0.7034482758620689,27.903625568805236,5.251843950506617,4.1127489301077766e-10,102.57558845086726
2000-06-15 00:00:00+00:00,inference-2026-08-20T16-49-50Z-2025-06-07,timeseries.json,4747.0,2583829.962722908,2952.685835745842,2528.3054430787065,3408.7130345198425,0.6293992088431533,0.5417106260112091,0.7253639031058674,0.9488192725953514,0.8131847164114016,1.0963361089722414,0.17448750042931224,0.029326976000129484,0.40686183724439196,0.18197229631564835,594.2739522477879,185.8465769785705,6.067768575045722e-27,1676.293137160797,0.316,0.12520139035180114,0.03897198230461344,0.0,0.35369707183484306,594.2739522477879,185.8465769785705,6.067768575045722e-27,1676.293137160797,0.12887280705878146,0.035607478681888176,0.38035062764382205,0.13609885439853342,638.3553694110327,218.81884102261455,4.131554151934091e-09,2471.532748696468,0.265,0.13451653676005898,0.04571308194649252,0.0,0.5183484305877395,638.3553694110327,218.81884102261455,4.131554151934091e-09,2471.532748696468,0.13370503363630082,0.023977055709291643,0.37040920208095657,0.1408071353717034,774.1796778211709,102.98708469677186,1.3275066889307592e-22,2739.306249815089,0.356,0.1629804086791658,0.021487255108489572,0.0,0.5762165578259953,774.1796778211709,102.98708469677186,1.3275066889307592e-22,2739.306249815089,0.15677943872525354,0.011011724342113137,0.40515303787786394,0.16497781849690807,454.09208697508416,15.503753984301296,2.914005775629743e-39,1668.9011057129987,0.404,0.09569665051611544,0.0033705498209395408,0.0,0.3522329892563724,454.09208697508416,15.503753984301296,2.914005775629743e-39,1668.9011057129987,0.08304674904813689,0.013522600788798163,0.22345261077886178,0.0892191211215947,292.2652635255953,0.18234167772021745,6.410487478364198e-37,1673.1127252508952,0.535,0.0615241204971561,0.0,0.0,0.3528544343796082,292.2652635255953,0.18234167772021745,6.410487478364198e-37,1673.1127252508952,0.06085896779019118,0.007398687486848865,0.15983606370633638,0.06489266643253112,393.6865691194939,3.392530160548927,3.9477172711447e-83,2338.259130281254,0.459,0.08311396671582053,0.0006319780914261639,0.0,0.4984727196123867,393.6865691194939,3.392530160548927,3.9477172711447e-83,2338.259130281254,0.0910358178140152,0.013961862876157841,0.20438845013168142,0.09449631413325485,680.3562448751128,12.836762074705412,2.5523850891581865e-24,2894.3240464514247,0.412,0.14316094375394986,0.0027385717295133768,0.0,0.6101748472719611,680.3562448751128,12.836762074705412,2.5523850891581865e-24,2894.3240464514247,0.12003295809335998,0.0747279044292479,0.21100161832008557,0.12753579372982599,919.7908360247244,638.3643148687005,9.463084389890952e-06,2906.758705837909,0.176,0.19380598272593216,0.13345270697282494,0.0,0.613671792711186,919.7908360247244,638.3643148687005,9.463084389890952e-06,2906.758705837909
2000-06-16 00:00:00+00:00,inference-2026-08-20T16-49-50Z-2025-06-07,timeseries.json,9824.0,2583829.962722908,2952.685835745842,2528.3054430787065,3408.7130345198425,0.6293992088431533,0.5417106260112091,0.7253639031058674,0.9488192725953514,0.8131847164114016,1.0963361089722414,0.17448750042931224,0.029326976000129484,0.40686183724439196,0.18197229631564835,3880.013931987677,145.94253234189358,2.508204960463474e-49,9694.632626366807,0.422,0.3949629478827362,0.014759771986970684,0.0,0.9868739820846906,3880.013931987677,145.94253234189358,2.508204960463474e-49,9694.632626366807,0.12887280705878146,0.035607478681888176,0.38035062764382205,0.13609885439853342,1002.1334672925839,0.6412401610667063,3.9859067960011004e-11,9646.473541890138,0.489,0.1019856473941368,0.00010179153094462541,0.0,0.9816775244299675,1002.1334672925839,0.6412401610667063,3.9859067960011004e-11,9646.473541890138,0.13370503363630082,0.023977055709291643,0.37040920208095657,0.1408071353717034,1464.5362388493434,0.531222403550883,5.575590567203339e-19,9646.45688873248,0.509,0.149058733713355,0.0,0.0,0.9813772394136807,1464.5362388493434,0.531222403550883,5.575590567203339e-19,9646.45688873248,0.15677943872525354,0.011011724342113137,0.40515303787786394,0.16497781849690807,2901.7142002007513,0.029836702117516475,1.0787737248063199e-32,9671.082556240579,0.569,0.29536186889250815,0.0,0.0,0.9847312703583062,2901.7142002007513,0.029836702117516475,1.0787737248063199e-32,9671.082556240579,0.08304674904813689,0.013522600788798163,0.22345261077886178,0.0892191211215947,490.09467801270944,0.0006558587726703639,7.243371529798486e-38,655.8929305892168,0.787,0.04989026872964169,0.0,0.0,0.06649022801298597,490.09467801270944,0.0006558587726703639,7.243371529798486e-38,655.8929305892168,0.06085896779019118,0.007398687486848865,0.15983606370633638,0.06489266643253112,26.365298856824296,0.0002662823878397824,1.2815647284059997e-75,184.4687472533995,0.761,0.002684446254071661,0.0,0.0,0.019035016286644953,26.365298856824296,0.0002662823878397824,1.2815647284059997e-75,184.4687472533995,0.0910358178140152,0.013961862876157841,0.20438845013168142,0.09449631413325485,34.27132968695326,0.016308888115493463,1.0738805029716442e-17,190.99856158117515,0.688,0.0035129275244299672,0.0,0.0,0.019655944625407155,34.27132968695326,0.016308888115493463,1.0738805029716442e-17,190.99856158117515,0.12003295809335998,0.0747279044292479,0.21100161832008557,0.12753579372982599,24.870855113161053,0.02882791196577045,9.013995338594493e-11,167.429179574827,0.688,0.0025431596091205215,0.0,0.0,0.017314739413680773,24.870855113161053,0.02882791196577045,9.013995338594493e-11,167.429179574827
2000-06-17 00:00:00+00:00,inference-2026-08-20T16-49-50Z-2025-06-07,timeseries.json,9930.0,2583829.962722908,2952.685835745842,2528.3054430787065,3408.7130345198425,0.6293992088431533,0.5417106260112091,0.7253639031058674,0.9488192725953514,0.8131847164114016,1.0963361089722414,0.17448750042931224,0.029326976000129484,0.40686183724439196,0.18197229631564835,3917.070940138499,6.958697374711194,2.441112612645598e-42,9925.792998388824,0.433,0.39449808660624364,0.0007049345417925478,0.0,0.9995971802618329,3917.070940138499,6.958697374711194,2.441112612645598e-42,9925.792998388824,0.12887280705878146,0.035607478681888176,0.38035062764382205,0.13609885439853342,1052.2019888238824,0.24333575703663596,3.343681531854859e-17,9893.065073500644,0.545,0.10594410876132931,0.0,0.0,0.9962739174219537,1052.2019888238824,0.24333575703663596,3.343681531854859e-17,9893.065073500644,0.13370503363630082,0.023977055709291643,0.37040920208095657,0.1408071353717034,1500.3074691144184,0.1525678988760117,1.9528983062103133e-16,9910.531347531898,0.546,0.15110312185297078,0.0,0.0,0.9979859013091642,1500.3074691144184,0.1525678988760117,1.9528983062103133e-16,9910.531347531898,0.15677943872525354,0.011011724342113137,0.40515303787786394,0.16497781849690807,2961.668912899558,0.29401357797294236,6.668030835005676e-44,9922.91321494568,0.511,0.2982345417925478,0.0,0.0,0.9993957703927493,2961.668912899558,0.29401357797294236,6.668030835005676e-44,9922.91321494568,0.08304674904813689,0.013522600788798163,0.22345261077886178,0.0892191211215947,487.68961003506155,6.749724302788416e-05,2.0904126032200606e-46,501.4764501178281,0.794,0.04912044310171199,0.0,0.0,0.0504783484390364,487.68961003506155,6.749724302788416e-05,2.0904126032200606e-46,501.4764501178281,0.06085896779019118,0.007398687486848865,0.15983606370633638,0.06489266643253112,3.1846614607732024,0.0001676938807734177,1.6050339805625139e-68,20.62827829938497,0.741,0.0003139979859013091,0.0,0.0,0.0021148036253776435,3.1846614607732024,0.0001676938807734177,1.6050339805625139e-68,20.62827829938497,0.0910358178140152,0.013961862876157841,0.20438845013168142,0.09449631413325485,2.6546905828564387,0.0017527214413928264,6.617010770047706e-31,17.71569097732018,0.723,0.00026847935548841894,0.0,0.0,0.0018126888217522659,2.6546905828564387,0.0017527214413928264,6.617010770047706e-31,17.71569097732018,0.12003295809335998,0.0747279044292479,0.21100161832008557,0.12753579372982599,5.221726944948769,0.13249064659589954,8.527163623862714e-10,30.35894281800488,0.598,0.0005172205438066465,0.0,0.0,0.0030211480362537764,5.221726944948769,0.13249064659589954,8.527163623862714e-10,30.35894281800488
2000-06-18 00:00:00+00:00,inference-2026-08-20T16-49-50Z-2025-06-07,timeseries.json,309.0,2583829.962722908,2952.685835745842,2528.3054430787065,3408.7130345198425,0.6293992088431533,0.5417106260112091,0.7253639031058674,0.9488192725953514,0.8131847164114016,1.0963361089722414,0.17448750042931224,0.029326976000129484,0.40686183724439196,0.18197229631564835,97.95769758567175,4.305702404050255,4.889441117162917e-41,277.3121168855049,0.452,0.3175177993527508,0.014563106796116505,0.0,0.8996763754045307,97.95769758567175,4.305702404050255,4.889441117162917e-41,277.3121168855049,0.12887280705878146,0.035607478681888176,0.38035062764382205,0.13609885439853342,52.06606350019112,1.004264364186127,3.2465041349213753e-13,274.98246645372967,0.483,0.16797734627831715,0.003236245954692557,0.0,0.889967637540453,52.06606350019112,1.004264364186127,3.2465041349213753e-13,274.98246645372967,0.13370503363630082,0.023977055709291643,0.37040920208095657,0.1408071353717034,45.12212154271755,0.19229281481926563,1.3598465820559664e-34,274.7096272089029,0.528,0.14570873786407768,0.0,0.0,0.886893203883495,45.12212154271755,0.19229281481926563,1.3598465820559664e-34,274.7096272089029,0.15677943872525354,0.011011724342113137,0.40515303787786394,0.16497781849690807,77.5681912758001,0.4912107040625707,3.561444310274603e-38,277.1002798602185,0.51,0.25158576051779935,0.0,0.0,0.8998381877022652,77.5681912758001,0.4912107040625707,3.561444310274603e-38,277.1002798602185,0.08304674904813689,0.013522600788798163,0.22345261077886178,0.0892191211215947,14.981976295834702,0.0010670582712750385,1.9766524704907686e-31,35.02543604119493,0.704,0.04839482200647249,0.0,0.0,0.11699029126213549,14.981976295834702,0.0010670582712750385,1.9766524704907686e-31,35.02543604119493,0.06085896779019118,0.007398687486848865,0.15983606370633638,0.06489266643253112,3.756295494849742,6.702484542070512e-05,2.592416020577522e-60,29.548431620300214,0.728,0.012135922330097089,0.0,0.0,0.09385113268608414,3.756295494849742,6.702484542070512e-05,2.592416020577522e-60,29.548431620300214,0.0910358178140152,0.013961862876157841,0.20438845013168142,0.09449631413325485,8.748100142100949,0.049282497698090566,6.435479417142097e-33,33.63846434341543,0.559,0.02836893203883495,0.0,0.0,0.11003236245954692,8.748100142100949,0.049282497698090566,6.435479417142097e-33,33.63846434341543,0.12003295809335998,0.0747279044292479,0.21100161832008557,0.12753579372982599,8.799554162834202,1.0374962525101457,5.090484380525705e-09,32.690358459705976,0.475,0.028310679611650486,0.003236245954692557,0.0,0.10679611650485436,8.799554162834202,1.0374962525101457,5.090484380525705e-09,32.690358459705976
2000-06-19 00:00:00+00:00,inference-2026-08-20T16-49-50Z-2025-06-07,timeseries.json,98.0,2583829.962722908,2952.685835745842,2528.3054430787065,3408.7130345198425,0.6293992088431533,0.5417106260112091,0.7253639031058674,0.9488192725953514,0.8131847164114016,1.0963361089722414,0.17448750042931224,0.029326976000129484,0.40686183724439196,0.18197229631564835,10.108782476251196,1.00850620925846,4.1345573939096735e-34,29.812962908913182,0.485,0.10346938775510205,0.01020408163265306,0.0,0.3163265306122449,10.108782476251196,1.00850620925846,4.1345573939096735e-34,29.812962908913182,0.12887280705878146,0.035607478681888176,0.38035062764382205,0.13609885439853342,7.623096072211993,0.1535104331915072,2.3525595494286803e-12,29.876189327725633,0.557,0.07688775510204081,0.0,0.0,0.30612244897959184,7.623096072211993,0.1535104331915072,2.3525595494286803e-12,29.876189327725633,0.13370503363630082,0.023977055709291643,0.37040920208095657,0.1408071353717034,13.521085140913383,2.3779242750028695,9.960548030453793e-18,63.49187230033579,0.452,0.1390612244897959,0.02040816326530612,0.0,0.6428571428571429,13.521085140913383,2.3779242750028695,9.960548030453793e-18,63.49187230033579,0.15677943872525354,0.011011724342113137,0.40515303787786394,0.16497781849690807,6.6578816068091085,0.044807441245852515,1.4375582949593077e-51,29.394030790553376,0.592,0.06855102040816326,0.0,0.0,0.30612244897959184,6.6578816068091085,0.044807441245852515,1.4375582949593077e-51,29.394030790553376,0.08304674904813689,0.013522600788798163,0.22345261077886178,0.0892191211215947,22.100019030488404,2.569202825815437,1.5064897115243517e-31,69.9177753255006,0.465,0.2248265306122449,0.02040816326530612,0.0,0.7244897959183674,22.100019030488404,2.569202825815437,1.5064897115243517e-31,69.9177753255006,0.06085896779019118,0.007398687486848865,0.15983606370633638,0.06489266643253112,3.3701788033182765,5.964999738257227e-06,2.2025603496331872e-58,20.42596558556918,0.813,0.03463265306122449,0.0,0.0,0.2051020408163256,3.3701788033182765,5.964999738257227e-06,2.2025603496331872e-58,20.42596558556918,0.0910358178140152,0.013961862876157841,0.20438845013168142,0.09449631413325485,17.77606995419235,0.08725344395553127,4.1183721737913206e-47,69.66361135173783,0.565,0.18107142857142858,0.0,0.0,0.7249999999999995,17.77606995419235,0.08725344395553127,4.1183721737913206e-47,69.66361135173783,0.12003295809335998,0.0747279044292479,0.21100161832008557,0.12753579372982599,16.84288691581527,1.1368546660681185,3.0346585169548374e-10,67.8077316537111,0.455,0.1715,0.01020408163265306,0.0,0.6938775510204082,16.84288691581527,1.1368546660681185,3.0346585169548374e-10,67.8077316537111
2000-06-20 00:00:00+00:00,inference-2026-08-20T16-49-50Z-2025-06-07,timeseries.json,4500.0,2583829.962722908,2952.685835745842,2528.3054430787065,3408.7130345198425,0.6293992088431533,0.5417106260112091,0.7253639031058674,0.9488192725953514,0.8131847164114016,1.0963361089722414,0.17448750042931224,0.029326976000129484,0.40686183724439196,0.18197229631564835,654.2496797487785,244.02554961800982,4.646193099539459e-22,1901.7992872188042,0.311,0.14530044444444445,0.05388888888888889,0.0,0.4229,654.2496797487785,244.02554961800982,4.646193099539459e-22,1901.7992872188042,0.12887280705878146,0.035607478681888176,0.38035062764382205,0.13609885439853342,576.5385977836129,92.6921961172529,1.2895471799018685e-10,1897.9971839863704,0.282,0.12808066666666668,0.019444444444444445,0.0,0.4220111111111111,576.5385977836129,92.6921961172529,1.2895471799018685e-10,1897.9971839863704,0.13370503363630082,0.023977055709291643,0.37040920208095657,0.1408071353717034,723.8434556984652,322.90816846873025,4.433048495204478e-20,2061.434310943101,0.328,0.16097622222222221,0.06977777777777777,0.0,0.4593888888888887,723.8434556984652,322.90816846873025,4.433048495204478e-20,2061.434310943101,0.15677943872525354,0.011011724342113137,0.40515303787786394,0.16497781849690807,546.457541309758,140.9656891305977,1.9177043694432815e-21,1892.3382825699252,0.32,0.12146,0.03,0.0,0.42133333333333334,546.457541309758,140.9656891305977,1.9177043694432815e-21,1892.3382825699252,0.08304674904813689,0.013522600788798163,0.22345261077886178,0.0892191211215947,221.01436328098015,0.37420331241612803,8.428372131325506e-43,1374.9344196942372,0.515,0.04908133333333333,0.0,0.0,0.3097888888888889,221.01436328098015,0.37420331241612803,8.428372131325506e-43,1374.9344196942372,0.06085896779019118,0.007398687486848865,0.15983606370633638,0.06489266643253112,358.85545515481067,23.841703569127887,3.8322352450798037e-60,1612.1065695136585,0.402,0.07974022222222223,0.005222222222222222,0.0,0.36195555555555536,358.85545515481067,23.841703569127887,3.8322352450798037e-60,1612.1065695136585,0.0910358178140152,0.013961862876157841,0.20438845013168142,0.09449631413325485,541.125312218883,24.227595815367064,4.394490043827041e-34,2351.8999834348747,0.415,0.12024733333333333,0.0054444444444444445,0.0,0.5249111111111111,541.125312218883,24.227595815367064,4.394490043827041e-34,2351.8999834348747,0.12003295809335998,0.0747279044292479,0.21100161832008557,0.12753579372982599,877.9155948047123,690.8256358578046,0.0002436689197519335,2371.218179708256,0.113,0.19511377777777777,0.15433333333333332,0.0,0.5267555555555554,877.9155948047123,690.8256358578046,0.0002436689197519335,2371.218179708256
2000-06-21 00:00:00+00:00,inference-2026-08-20T16-49-50Z-2025-06-07,timeseries.json,10109.0,2583829.962722908,2952.685835745842,2528.3054430787065,3408.7130345198425,0.6293992088431533,0.5417106260112091,0.7253639031058674,0.9488192725953514,0.8131847164114016,1.0963361089722414,0.17448750042931224,0.029326976000129484,0.40686183724439196,0.18197229631564835,3972.906626288393,103.13328369787821,2.2964382479575888e-33,10015.580740619445,0.353,0.39301117815807696,0.009545949154219012,0.0,0.9908991987338016,3972.906626288393,103.13328369787821,2.2964382479575888e-33,10015.580740619445,0.12887280705878146,0.035607478681888176,0.38035062764382205,0.13609885439853342,1052.6288497041512,3.040883288226375,9.443629785330203e-09,9963.623615600301,0.412,0.10411247403303986,0.0002967652586803838,0.0,0.9853595805717678,1052.6288497041512,3.040883288226375,9.443629785330203e-09,9963.623615600301,0.13370503363630082,0.023977055709291643,0.37040920208095657,0.1408071353717034,1520.1880961013069,2.077520192450313,1.242548133984263e-15,9976.815745390197,0.442,0.15040785438717974,0.00019784350578692255,0.0,0.9872440399643881,1520.1880961013069,2.077520192450313,1.242548133984263e-15,9976.815745390197,0.15677943872525354,0.011011724342113137,0.40515303787786394,0.16497781849690807,2997.5583469671783,0.728114614524463,5.578511184865132e-36,10000.005067435839,0.503,0.2965540607379563,0.0,0.0,0.9894203185280444,2997.5583469671783,0.728114614524463,5.578511184865132e-36,10000.005067435839,0.08304674904813689,0.013522600788798163,0.22345261077886178,0.0892191211215947,502.2633436341435,0.0009176491695746562,4.940192926468581e-41,583.9704449170088,0.721,0.049681669799188845,0.0,0.0,0.05732515580172172,502.2633436341435,0.0009176491695746562,4.940192926468581e-41,583.9704449170088,0.06085896779019118,0.007398687486848865,0.15983606370633638,0.06489266643253112,19.69093505938762,0.0018486895607260716,1.0831091382012183e-64,136.8903096342051,0.681,0.0019341181125729547,0.0,0.0,0.013557226234048862,19.69093505938762,0.0018486895607260716,1.0831091382012183e-64,136.8903096342051,0.0910358178140152,0.013961862876157841,0.20438845013168142,0.09449631413325485,24.647341373119584,0.11676144626752802,9.682896121979586e-24,139.2030198735602,0.574,0.002423582945889802,0.0,0.0,0.013750123652191117,24.647341373119584,0.11676144626752802,9.682896121979586e-24,139.2030198735602,0.12003295809335998,0.0747279044292479,0.21100161832008557,0.12753579372982599,19.116460872320296,0.17049593995751655,5.525253353298111e-10,126.38547105129234,0.586,0.0018750618260955582,0.0,0.0,0.012068453853002275,19.116460872320296,0.17049593995751655,5.525253353298111e-10,126.38547105129234
2000-06-22 00:00:00+00:00,inference-2026-08-20T16-49-50Z-2025-06-07,timeseries.json,10751.0,2583829.962722908,2952.685835745842,2528.3054430787065,3408.7130345198425,0.6293992088431533,0.5417106260112091,0.7253639031058674,0.9488192725953514,0.8131847164114016,1.0963361089722414,0.17448750042931224,0.029326976000129484,0.40686183724439196,0.18197229631564835,4285.266998587468,16.482800333837005,3.9780165876768854e-24,10747.731476279789,0.404,0.3986402195144638,0.0014882336526834713,0.0,0.9997209561901218,4285.266998587468,16.482800333837005,3.9780165876768854e-24,10747.731476279789,0.12887280705878146,0.035607478681888176,0.38035062764382205,0.13609885439853342,1100.3013649155887,1.189462536756545,3.92403657471589e-11,10692.787834241517,0.478,0.10231085480420425,9.301460329271696e-05,0.0,0.9947911822156078,1100.3013649155887,1.189462536756545,3.92403657471589e-11,10692.787834241517,0.13370503363630082,0.023977055709291643,0.37040920208095657,0.1408071353717034,1613.4624210122556,0.14048210574109893,1.61844969682406e-29,10713.195225702078,0.575,0.15008371314296343,0.0,0.0,0.9967444888847549,1613.4624210122556,0.14048210574109893,1.61844969682406e-29,10713.195225702078,0.15677943872525354,0.011011724342113137,0.40515303787786394,0.16497781849690807,3204.9959020729825,0.3379034682425015,6.0025290764609226e-30,10748.503534488196,0.525,0.29808631755185566,0.0,0.0,0.9997209561901218,3204.9959020729825,0.3379034682425015,6.0025290764609226e-30,10748.503534488196,0.08304674904813689,0.013522600788798163,0.22345261077886178,0.0892191211215947,534.837690101688,6.131754053580955e-05,1.1332618451755927e-42,504.9787007975508,0.826,0.049748860571109665,0.0,0.0,0.0469723746627834,534.837690101688,6.131754053580955e-05,1.1332618451755927e-42,504.9787007975508,0.06085896779019118,0.007398687486848865,0.15983606370633638,0.06489266643253112,3.7036527070480547,4.073366582054852e-05,1.2568425111260694e-102,23.77409535310064,0.79,0.00034778160171146865,0.0,0.0,0.0022370012091898384,3.7036527070480547,4.073366582054852e-05,1.2568425111260694e-102,23.77409535310064,0.0910358178140152,0.013961862876157841,0.20438845013168142,0.09449631413325485,3.118550471792009,0.0025419342419793042,1.097913692440292e-41,15.838084484785538,0.718,0.0002930890149753511,0.0,0.0,0.001492884382848103,3.118550471792009,0.0025419342419793042,1.097913692440292e-41,15.838084484785538,0.12003295809335998,0.0747279044292479,0.21100161832008557,0.12753579372982599,5.313420131178559,0.040000758731696624,2.411861061264004e-10,39.36347403933914,0.663,0.0004891637987163985,0.0,0.0,0.0037298855920379413,5.313420131178559,0.040000758731696624,2.411861061264004e-10,39.36347403933914
2000-06-23 00:00:00+00:00,inference-2026-08-20T16-49-50Z-2025-06-07,timeseries.json,2996.0,2583829.962722908,2952.685835745842,2528.3054430787065,3408.7130345198425,0.6293992088431533,0.5417106260112091,0.7253639031058674,0.9488192725953514,0.8131847164114016,1.0963361089722414,0.17448750042931224,0.029326976000129484,0.40686183724439196,0.18197229631564835,1190.6426667889148,1.39708503376024,2.421032859334481e-38,2995.2771186120544,0.471,0.3973995327102804,0.0003337783711615487,0.0,0.9996829105473966,1190.6426667889148,1.39708503376024,2.421032859334481e-38,2995.2771186120544,0.12887280705878146,0.035607478681888176,0.38035062764382205,0.13609885439853342,310.7344839001883,0.060274018588418035,2.5567168080488678e-14,2987.707750749954,0.615,0.10369859813084112,0.0,0.0,0.9973297730307076,310.7344839001883,0.060274018588418035,2.5567168080488678e-14,2987.707750749954,0.13370503363630082,0.023977055709291643,0.37040920208095657,0.1408071353717034,452.32561831032285,0.10651327012352245,1.4961906738169312e-21,2989.7548199549888,0.584,0.1509929906542056,0.0,0.0,0.9976635514018691,452.32561831032285,0.10651327012352245,1.4961906738169312e-21,2989.7548199549888,0.15677943872525354,0.011011724342113137,0.40515303787786394,0.16497781849690807,890.4733262331981,0.1388129472149606,1.5610665788986663e-38,2994.640686562915,0.554,0.2972459946595461,0.0,0.0,0.9996662216288384,890.4733262331981,0.1388129472149606,1.5610665788986663e-38,2994.640686562915,0.08304674904813689,0.013522600788798163,0.22345261077886178,0.0892191211215947,147.68358958031558,1.696621367207791e-05,1.1376238895358805e-38,145.57867689264577,0.836,0.049268357810413874,0.0,0.0,0.04781375166885505,147.68358958031558,1.696621367207791e-05,1.1376238895358805e-38,145.57867689264577,0.06085896779019118,0.007398687486848865,0.15983606370633638,0.06489266643253112,0.8775020894581808,7.778094476685425e-07,1.0435086504807533e-102,5.366097316171293,0.855,0.0002933911882510013,0.0,0.0,0.0020026702269692926,0.8775020894581808,7.778094476685425e-07,1.0435086504807533e-102,5.366097316171293,0.0910358178140152,0.013961862876157841,0.20438845013168142,0.09449631413325485,1.2733326512539553,0.0037402390356735503,8.137197984896058e-33,6.434362826314947,0.779,0.0004152202937249666,0.0,0.0,0.002019359145527355,1.2733326512539553,0.0037402390356735503,8.137197984896058e-33,6.434362826314947,0.12003295809335998,0.0747279044292479,0.21100161832008557,0.12753579372982599,1.9894804463496847,0.03787408508839671,2.493780337566595e-11,13.717708533188093,0.695,0.0006859145527369826,0.0,0.0,0.004672897196261682,1.9894804463496847,0.03787408508839671,2.493780337566595e-11,13.717708533188093
2000-06-24 00:00:00+00:00,inference-2026-08-20T16-49-50Z-2025-06-07,timeseries.json,180.0,2583829.962722908,2952.685835745842,2528.3054430787065,3408.7130345198425,0.6293992088431533,0.5417106260112091,0.7253639031058674,0.9488192725953514,0.8131847164114016,1.0963361089722414,0.17448750042931224,0.029326976000129484,0.40686183724439196,0.18197229631564835,21.62421995867605,4.769037347069531,1.0643846212330642e-27,62.87573232482553,0.432,0.12049444444444445,0.025,0.0,0.35,21.62421995867605,4.769037347069531,1.0643846212330642e-27,62.87573232482553,0.12887280705878146,0.035607478681888176,0.38035062764382205,0.13609885439853342,15.909421130220625,0.44105224319931235,5.195060339807762e-13,62.03195945428262,0.51,0.08877222222222221,0.0,0.0,0.35,15.909421130220625,0.44105224319931235,5.195060339807762e-13,62.03195945428262,0.13370503363630082,0.023977055709291643,0.37040920208095657,0.1408071353717034,26.801694183140867,2.6613770263010306,9.585718842710415e-24,107.32467764218336,0.426,0.1486722222222222,0.016666666666666666,0.0,0.5944444444444444,26.801694183140867,2.6613770263010306,9.585718842710415e-24,107.32467764218336,0.15677943872525354,0.011011724342113137,0.40515303787786394,0.16497781849690807,24.08080860581464,7.741059207515171,7.440081398686491e-16,63.819841603764125,0.384,0.13411111111111113,0.044444444444444446,0.0,0.36666666666666664,24.08080860581464,7.741059207515171,7.440081398686491e-16,63.819841603764125,0.08304674904813689,0.013522600788798163,0.22345261077886178,0.0892191211215947,11.152919626408153,0.006285387504278282,1.2734395747743951e-33,63.27887493666291,0.649,0.061983333333333335,0.0,0.0,0.36138888888888865,11.152919626408153,0.006285387504278282,1.2734395747743951e-33,63.27887493666291,0.06085896779019118,0.007398687486848865,0.15983606370633638,0.06489266643253112,15.648264744033819,0.06167202815808728,3.6684184329033565e-52,86.88846790771102,0.566,0.0867,0.0,0.0,0.49444444444444446,15.648264744033819,0.06167202815808728,3.6684184329033565e-52,86.88846790771102,0.0910358178140152,0.013961862876157841,0.20438845013168142,0.09449631413325485,24.21982123438784,0.3636994153497969,4.5253842725583e-23,108.63399866775639,0.511,0.13502777777777777,0.0,0.0,0.6166666666666667,24.21982123438784,0.3636994153497969,4.5253842725583e-23,108.63399866775639,0.12003295809335998,0.0747279044292479,0.21100161832008557,0.12753579372982599,40.56285051731795,23.45635687631544,1.6446244973523248e-08,116.66289132618046,0.293,0.22423888888888888,0.12777777777777777,0.0,0.6444444444444445,40.56285051731795,23.45635687631544,1.6446244973523248e-08,116.66289132618046
2000-06-25 00:00:00+00:00,inference-2026-08-20T16-49-50Z-2025-06-07,timeseries.json,199.0,2583829.962722908,2952.685835745842,2528.3054430787065,3408.7130345198425,0.6293992088431533,0.5417106260112091,0.7253639031058674,0.9488192725953514,0.8131847164114016,1.0963361089722414,0.17448750042931224,0.029326976000129484,0.40686183724439196,0.18197229631564835,33.143519396721715,1.3739344375678288,5.021815694620053e-44,116.53497026269896,0.462,0.16700502512562812,0.007537688442211055,0.0,0.5879396984924623,33.143519396721715,1.3739344375678288,5.021815694620053e-44,116.53497026269896,0.12887280705878146,0.035607478681888176,0.38035062764382205,0.13609885439853342,32.341671685594875,1.3692987287021459,2.495921024868443e-13,115.16616223733301,0.47,0.1622763819095477,0.005025125628140704,0.0,0.5778894472361809,32.341671685594875,1.3692987287021459,2.495921024868443e-13,115.16616223733301,0.13370503363630082,0.023977055709291643,0.37040920208095657,0.1408071353717034,36.40983637211113,3.024578257225582,6.551392769880256e-27,115.12367166490067,0.45,0.18270854271356785,0.01507537688442211,0.0,0.5778894472361809,36.40983637211113,3.024578257225582,6.551392769880256e-27,115.12367166490067,0.15677943872525354,0.011011724342113137,0.40515303787786394,0.16497781849690807,26.536616445842274,0.04703158789853281,1.3300615329708048e-29,116.36854507950764,0.589,0.1332462311557789,0.0,0.0,0.5879396984924623,26.536616445842274,0.04703158789853281,1.3300615329708048e-29,116.36854507950764,0.08304674904813689,0.013522600788798163,0.22345261077886178,0.0892191211215947,17.800792714924413,0.009798192499097578,5.463451527644019e-46,86.7889849038642,0.605,0.08960804020100502,0.0,0.0,0.44221105527638194,17.800792714924413,0.009798192499097578,5.463451527644019e-46,86.7889849038642,0.06085896779019118,0.007398687486848865,0.15983606370633638,0.06489266643253112,7.48170118731783,4.084764831386581e-05,1.3531668710853663e-60,70.44227023260035,0.744,0.03773366834170854,0.0,0.0,0.3520100502512561,7.48170118731783,4.084764831386581e-05,1.3531668710853663e-60,70.44227023260035,0.0910358178140152,0.013961862876157841,0.20438845013168142,0.09449631413325485,24.456845946162318,0.17668909941384897,6.399305745509385e-19,82.62380926184068,0.528,0.12298492462311557,0.0,0.0,0.4221105527638191,24.456845946162318,0.17668909941384897,6.399305745509385e-19,82.62380926184068,0.12003295809335998,0.0747279044292479,0.21100161832008557,0.12753579372982599,20.82901625132549,1.2973586768581669,1.4059445026434875e-09,83.26001371441117,0.469,0.10443718592964822,0.005025125628140704,0.0,0.4221105527638191,20.82901625132549,1.2973586768581669,1.4059445026434875e-09,83.26001371441117
2000-06-26 00:00:00+00:00,inference-2026-08-20T16-49-50Z-2025-06-07,timeseries.json,3427.0,2583829.962722908,2952.685835745842,2528.3054430787065,3408.7130345198425,0.6293992088431533,0.5417106260112091,0.7253639031058674,0.9488192725953514,0.8131847164114016,1.0963361089722414,0.17448750042931224,0.029326976000129484,0.40686183724439196,0.18197229631564835,464.3711806841236,87.56418627112629,8.805795075431488e-38,1380.8187896767383,0.35,0.13563729209220896,0.0249489349285089,0.0,0.4029909541873359,464.3711806841236,87.56418627112629,8.805795075431488e-38,1380.8187896767383,0.12887280705878146,0.035607478681888176,0.38035062764382205,0.13609885439853342,317.2226267280514,0.8525286687941418,4.9996775221279736e-26,1356.3774738820641,0.489,0.09249927049897871,0.0002918004085205719,0.0,0.39627954479136274,317.2226267280514,0.8525286687941418,4.9996775221279736e-26,1356.3774738820641,0.13370503363630082,0.023977055709291643,0.37040920208095657,0.1408071353717034,536.4074257118554,226.345803330774,6.133217842177945e-13,1942.704578302468,0.305,0.15660723665013132,0.06419608987452582,0.0,0.565873942223519,536.4074257118554,226.345803330774,6.133217842177945e-13,1942.704578302468,0.15677943872525354,0.011011724342113137,0.40515303787786394,0.16497781849690807,422.27199261449476,28.45139502573737,3.9498485049372356e-20,1377.7530319966017,0.385,0.12310271374379925,0.008170411438576015,0.0,0.40297636416690985,422.27199261449476,28.45139502573737,3.9498485049372356e-20,1377.7530319966017,0.08304674904813689,0.013522600788798163,0.22345261077886178,0.0892191211215947,295.4895833059394,5.764940637401383,6.611277506930129e-26,1350.8865332150715,0.428,0.08632564925590895,0.0020426028596440037,0.0,0.3950977531368544,295.4895833059394,5.764940637401383,6.611277506930129e-26,1350.8865332150715,0.06085896779019118,0.007398687486848865,0.15983606370633638,0.06489266643253112,259.9979864891697,4.642261586922254,4.635019316372266e-99,1039.398116465238,0.445,0.07581324773854684,0.0013131018383425736,0.0,0.29773854683396517,259.9979864891697,4.642261586922254,4.635019316372266e-99,1039.398116465238,0.0910358178140152,0.013961862876157841,0.20438845013168142,0.09449631413325485,536.2241155472728,17.14491965291745,1.3403551175703193e-31,2017.2086483578776,0.409,0.15635132769185875,0.005106507149110009,0.0,0.5891596148234608,536.2241155472728,17.14491965291745,1.3403551175703193e-31,2017.2086483578776,0.12003295809335998,0.0747279044292479,0.21100161832008557,0.12753579372982599,595.0150889190916,392.31689773162384,6.390472213327812e-07,1993.5578395848418,0.252,0.17366326232856727,0.11526116136562592,0.0,0.5836008170411439,595.0150889190916,392.31689773162384,6.390472213327812e-07,1993.5578395848418
2000-06-27 00:00:00+00:00,inference-2026-08-20T16-49-50Z-2025-06-07,timeseries.json,603.0,2583829.962722908,2952.685835745842,2528.3054430787065,3408.7130345198425,0.6293992088431533,0.5417106260112091,0.7253639031058674,0.9488192725953514,0.8131847164114016,1.0963361089722414,0.17448750042931224,0.029326976000129484,0.40686183724439196,0.18197229631564835,179.78767907705145,11.98938245375395,1.8655117457378295e-31,505.55884938323453,0.418,0.29804477611940294,0.02155887230514096,0.0,0.8391376451077943,179.78767907705145,11.98938245375395,1.8655117457378295e-31,505.55884938323453,0.12887280705878146,0.035607478681888176,0.38035062764382205,0.13609885439853342,94.17858330967141,1.0687385294962106,1.6346632763993105e-17,499.36906981393423,0.474,0.15631674958540628,0.001658374792703151,0.0,0.8291873963515755,94.17858330967141,1.0687385294962106,1.6346632763993105e-17,499.36906981393423,0.13370503363630082,0.023977055709291643,0.37040920208095657,0.1408071353717034,98.809670552099,0.7576148962821622,1.3549102959525527e-17,501.7997269775269,0.492,0.16401658374792702,0.001658374792703151,0.0,0.8325041459369817,98.809670552099,0.7576148962821622,1.3549102959525527e-17,501.7997269775269,0.15677943872525354,0.011011724342113137,0.40515303787786394,0.16497781849690807,129.60643314915788,0.36450544049707023,2.349458113732277e-27,505.92512882766886,0.516,0.21493864013267,0.0,0.0,0.8391376451077943,129.60643314915788,0.36450544049707023,2.349458113732277e-27,505.92512882766886,0.08304674904813689,0.013522600788798163,0.22345261077886178,0.0892191211215947,37.765241191557905,0.00754469629343851,5.001383100319708e-46,117.95716572380921,0.623,0.06273466003316748,0.0,0.0,0.19402985074626866,37.765241191557905,0.00754469629343851,5.001383100319708e-46,117.95716572380921,0.06085896779019118,0.007398687486848865,0.15983606370633638,0.06489266643253112,9.325084985844889,5.310711615172243e-05,1.5625523566815317e-77,92.9709978122478,0.754,0.015361525704809286,0.0,0.0,0.14776119402985058,9.325084985844889,5.310711615172243e-05,1.5625523566815317e-77,92.9709978122478,0.0910358178140152,0.013961862876157841,0.20438845013168142,0.09449631413325485,29.60633816141228,0.11621246002245875,3.1141726948830045e-42,101.3160898304458,0.546,0.049096185737976784,0.0,0.0,0.17081260364842454,29.60633816141228,0.11621246002245875,3.1141726948830045e-42,101.3160898304458,0.12003295809335998,0.0747279044292479,0.21100161832008557,0.12753579372982599,23.920969573205145,0.7652378509518343,1.6028326222125908e-10,97.82479504116252,0.491,0.03949087893864013,0.001658374792703151,0.0,0.16417910447761194,23.920969573205145,0.7652378509518343,1.6028326222125908e-10,97.82479504116252
2000-06-28 00:00:00+00:00,inference-2026-08-20T16-49-50Z-2025-06-07,timeseries.json,315.0,2583829.962722908,2952.685835745842,2528.3054430787065,3408.7130345198425,0.6293992088431533,0.5417106260112091,0.7253639031058674,0.9488192725953514,0.8131847164114016,1.0963361089722414,0.17448750042931224,0.029326976000129484,0.40686183724439196,0.18197229631564835,69.22980573171316,14.360957057232275,2.4659574608929542e-17,216.91789486215848,0.362,0.21934603174603176,0.044444444444444446,0.0,0.6888888888888889,69.22980573171316,14.360957057232275,2.4659574608929542e-17,216.91789486215848,0.12887280705878146,0.035607478681888176,0.38035062764382205,0.13609885439853342,55.05372187275378,11.528198289092057,3.814981303835829e-09,212.26997306512703,0.376,0.17509523809523808,0.0380952380952381,0.0,0.6730158730158731,55.05372187275378,11.528198289092057,3.814981303835829e-09,212.26997306512703,0.13370503363630082,0.023977055709291643,0.37040920208095657,0.1408071353717034,59.8091928497788,27.378162223973824,1.2014049458185422e-15,212.0554423532283,0.33,0.1902888888888889,0.08571428571428572,0.0,0.6761904761904762,59.8091928497788,27.378162223973824,1.2014049458185422e-15,212.0554423532283,0.15677943872525354,0.011011724342113137,0.40515303787786394,0.16497781849690807,55.98670700698941,0.5250752208119671,1.642964052886e-39,216.27282804753295,0.504,0.1775142857142857,0.0,0.0,0.6857142857142857,55.98670700698941,0.5250752208119671,1.642964052886e-39,216.27282804753295,0.08304674904813689,0.013522600788798163,0.22345261077886178,0.0892191211215947,15.577323792683792,0.0033192960617266748,8.140870815244281e-37,87.240370657971,0.657,0.04922857142857143,0.0,0.0,0.2858730158730157,15.577323792683792,0.0033192960617266748,8.140870815244281e-37,87.240370657971,0.06085896779019118,0.007398687486848865,0.15983606370633638,0.06489266643253112,11.49820017056527,0.0020879448188103984,2.007532613961376e-82,66.49429433026256,0.649,0.03662222222222222,0.0,0.0,0.20634920634920634,11.49820017056527,0.0020879448188103984,2.007532613961376e-82,66.49429433026256,0.0910358178140152,0.013961862876157841,0.20438845013168142,0.09449631413325485,22.883449464017005,3.295695630864177,2.481898077370848e-20,91.30339721251816,0.429,0.07244761904761904,0.009523809523809525,0.0,0.28888888888888886,22.883449464017005,3.295695630864177,2.481898077370848e-20,91.30339721251816,0.12003295809335998,0.0747279044292479,0.21100161832008557,0.12753579372982599,24.961599111498945,9.701356166529106,1.081613267953316e-08,80.19115733392181,0.341,0.07945714285714285,0.031746031746031744,0.0,0.26031746031746034,24.961599111498945,9.701356166529106,1.081613267953316e-08,80.19115733392181
2000-06-29 00:00:00+00:00,inference-2026-08-20T16-49-50Z-2025-06-07,timeseries.json,687.0,2583829.962722908,2952.685835745842,2528.3054430787065,3408.7130345198425,0.6293992088431533,0.5417106260112091,0.7253639031058674,0.9488192725953514,0.8131847164114016,1.0963361089722414,0.17448750042931224,0.029326976000129484,0.40686183724439196,0.18197229631564835,184.75000648912558,24.20183658985181,5.7980852699250745e-24,502.972184345324,0.375,0.2687802037845706,0.03202328966521106,0.0,0.7336244541484717,184.75000648912558,24.20183658985181,5.7980852699250745e-24,502.972184345324,0.12887280705878146,0.035607478681888176,0.38035062764382205,0.13609885439853342,105.33744872066049,1.0741340669484525,1.5537751385082274e-13,495.26669601150974,0.483,0.15302620087336247,0.001455604075691412,0.0,0.7219796215429404,105.33744872066049,1.0741340669484525,1.5537751385082274e-13,495.26669601150974,0.13370503363630082,0.023977055709291643,0.37040920208095657,0.1408071353717034,98.62497354343627,10.047483393282256,7.651527131267781e-22,496.6620899580112,0.403,0.14405531295487628,0.01455604075691412,0.0,0.7219796215429404,98.62497354343627,10.047483393282256,7.651527131267781e-22,496.6620899580112,0.15677943872525354,0.011011724342113137,0.40515303787786394,0.16497781849690807,141.08550125067373,6.705242529198912,3.665309342024698e-24,503.220999836815,0.414,0.2055778748180495,0.010189228529839884,0.0,0.7336244541484717,141.08550125067373,6.705242529198912,3.665309342024698e-24,503.220999836815,0.08304674904813689,0.013522600788798163,0.22345261077886178,0.0892191211215947,30.591824912409212,0.01032389719906646,4.031580587334536e-35,170.13712602584584,0.66,0.04464046579330422,0.0,0.0,0.23631732168850025,30.591824912409212,0.01032389719906646,4.031580587334536e-35,170.13712602584584,0.06085896779019118,0.007398687486848865,0.15983606370633638,0.06489266643253112,27.899422545117556,1.0779203641185198,6.836514116524998e-41,142.78291405185954,0.488,0.04038573508005822,0.001455604075691412,0.0,0.20822416302765642,27.899422545117556,1.0779203641185198,6.836514116524998e-41,142.78291405185954,0.0910358178140152,0.013961862876157841,0.20438845013168142,0.09449631413325485,40.96965872736053,0.453029934169506,7.40057221592725e-34,179.97557573371517,0.515,0.05961717612809316,0.0,0.0,0.26200873362445415,40.96965872736053,0.453029934169506,7.40057221592725e-34,179.97557573371517,0.12003295809335998,0.0747279044292479,0.21100161832008557,0.12753579372982599,57.741163811216275,29.608682256898426,6.064373124505703e-08,184.85848303654183,0.303,0.0839170305676856,0.043668122270742356,0.0,0.2692867540029112,57.741163811216275,29.608682256898426,6.064373124505703e-08,184.85848303654183
2000-06-30 00:00:00+00:00,inference-2026-08-20T16-49-50Z-2025-06-07,timeseries.json,4432.0,2583829.962722908,2952.685835745842,2528.3054430787065,3408.7130345198425,0.6293992088431533,0.5417106260112091,0.7253639031058674,0.9488192725953514,0.8131847164114016,1.0963361089722414,0.17448750042931224,0.029326976000129484,0.40686183724439196,0.18197229631564835,1328.34311826136,108.29263153809507,3.8661289208033416e-54,3783.904233643272,0.345,0.2996687725631769,0.02391696750902527,0.0,0.8540162454873647,1328.34311826136,108.29263153809507,3.8661289208033416e-54,3783.904233643272,0.12887280705878146,0.035607478681888176,0.38035062764382205,0.13609885439853342,703.6970965016546,8.629748646343028,1.0212119524065845e-16,3763.251804561039,0.408,0.15891110108303247,0.0018050541516245488,0.0,0.848826714801444,703.6970965016546,8.629748646343028,1.0212119524065845e-16,3763.251804561039,0.13370503363630082,0.023977055709291643,0.37040920208095657,0.1408071353717034,678.2351711412259,14.666722566293679,2.8261953127086343e-28,3760.9097068346287,0.414,0.1530284296028881,0.0036101083032490976,0.0,0.8486123646209386,678.2351711412259,14.666722566293679,2.8261953127086343e-28,3760.9097068346287,0.15677943872525354,0.011011724342113137,0.40515303787786394,0.16497781849690807,1025.514496313708,0.8222152755596064,2.9466834703947763e-117,3781.643144187088,0.498,0.231341380866426,0.0002256317689530686,0.0,0.8544675090252708,1025.514496313708,0.8222152755596064,2.9466834703947763e-117,3781.643144187088,0.08304674904813689,0.013522600788798163,0.22345261077886178,0.0892191211215947,225.06985408062843,0.0018224471042346273,5.970940422295791e-36,630.9155298611472,0.623,0.05077324007220217,0.0,0.0,0.14352436823103665,225.06985408062843,0.0018224471042346273,5.970940422295791e-36,630.9155298611472,0.06085896779019118,0.007398687486848865,0.15983606370633638,0.06489266643253112,104.69169466791968,0.2330518525930192,1.9640250132301063e-56,511.1790733952305,0.523,0.023581453068592054,0.0,0.0,0.11733980144404331,104.69169466791968,0.2330518525930192,1.9640250132301063e-56,511.1790733952305,0.0910358178140152,0.013961862876157841,0.20438845013168142,0.09449631413325485,167.97608753223258,14.415319373702442,2.865971000268912e-35,637.6288441787502,0.419,0.03794291516245488,0.0032716606498194942,0.0,0.14373871841155234,167.97608753223258,14.415319373702442,2.865971000268912e-35,637.6288441787502,0.12003295809335998,0.0747279044292479,0.21100161832008557,0.12753579372982599,198.47248150127052,126.54879769931156,3.9270702679249433e-07,630.4434019940368,0.232,0.04475270758122743,0.02910649819494585,0.0,0.14169675090252706,198.47248150127052,126.54879769931156,3.9270702679249433e-07,630.4434019940368
2000-07-01 00:00:00+00:00,inference-2026-08-20T16-49-50Z-2025-06-07,timeseries.json,102.0,2583829.962722908,2952.685835745842,2528.3054430787065,3408.7130345198425,0.6293992088431533,0.5417106260112091,0.7253639031058674,0.9488192725953514,0.8131847164114016,1.0963361089722414,0.17448750042931224,0.029326976000129484,0.40686183724439196,0.18197229631564835,16.035146727225317,6.321842878555176,1.9951836813763463e-37,38.69522632055736,0.406,0.15706862745098038,0.058823529411764705,0.0,0.39215686274509803,16.035146727225317,6.321842878555176,1.9951836813763463e-37,38.69522632055736,0.12887280705878146,0.035607478681888176,0.38035062764382205,0.13609885439853342,10.551559786985427,0.5763473610312553,4.1670018270748904e-13,37.78581366117591,0.494,0.10359803921568628,0.00980392156862745,0.0,0.37254901960784315,10.551559786985427,0.5763473610312553,4.1670018270748904e-13,37.78581366117591,0.13370503363630082,0.023977055709291643,0.37040920208095657,0.1408071353717034,9.894450665196748,0.27141086186472774,1.972459460480173e-21,38.24917855412067,0.553,0.09653921568627451,0.0,0.0,0.38235294117647056,9.894450665196748,0.27141086186472774,1.972459460480173e-21,38.24917855412067,0.15677943872525354,0.011011724342113137,0.40515303787786394,0.16497781849690807,12.755514102865337,0.760867829844327,7.402316940384121e-40,39.00546561341293,0.497,0.12474509803921567,0.00980392156862745,0.0,0.39215686274509803,12.755514102865337,0.760867829844327,7.402316940384121e-40,39.00546561341293,0.08304674904813689,0.013522600788798163,0.22345261077886178,0.0892191211215947,18.690131442076197,3.2428906681818876,4.446005689528147e-31,64.19493396753107,0.438,0.184421568627451,0.029411764705882353,0.0,0.6372549019607843,18.690131442076197,3.2428906681818876,4.446005689528147e-31,64.19493396753107,0.06085896779019118,0.007398687486848865,0.15983606370633638,0.06489266643253112,3.4512640138850665,7.107246110098139e-06,2.677566310829594e-59,28.270784716709862,0.787,0.03440196078431372,0.0,0.0,0.27450980392156865,3.4512640138850665,7.107246110098139e-06,2.677566310829594e-59,28.270784716709862,0.0910358178140152,0.013961862876157841,0.20438845013168142,0.09449631413325485,10.55945418990379,0.010838216876213214,5.0952833894548165e-33,62.13319854483497,0.631,0.10315686274509804,0.0,0.0,0.5985294117647054,10.55945418990379,0.010838216876213214,5.0952833894548165e-33,62.13319854483497,0.12003295809335998,0.0747279044292479,0.21100161832008557,0.12753579372982599,20.062479071862082,5.178005048612862,4.4072281072366046e-11,63.42613356330028,0.384,0.1960686274509804,0.049019607843137254,0.0,0.6274509803921569,20.062479071862082,5.178005048612862,4.4072281072366046e-11,63.42613356330028
2000-07-02 00:00:00+00:00,inference-2026-08-20T16-49-50Z-2025-06-07,timeseries.json,133.0,2583829.962722908,2952.685835745842,2528.3054430787065,3408.7130345198425,0.6293992088431533,0.5417106260112091,0.7253639031058674,0.9488192725953514,0.8131847164114016,1.0963361089722414,0.17448750042931224,0.029326976000129484,0.40686183724439196,0.18197229631564835,16.976881391817777,5.248467996158982,8.686743675676996e-27,50.2044026476274,0.4,0.12746616541353384,0.045112781954887216,0.0,0.3609022556390977,16.976881391817777,5.248467996158982,8.686743675676996e-27,50.2044026476274,0.12887280705878146,0.035607478681888176,0.38035062764382205,0.13609885439853342,17.600476007428252,6.8754833627037115,2.0502501041748389e-07,61.74107261568516,0.352,0.13263157894736843,0.04887218045112782,0.0,0.45112781954887216,17.600476007428252,6.8754833627037115,2.0502501041748389e-07,61.74107261568516,0.13370503363630082,0.023977055709291643,0.37040920208095657,0.1408071353717034,21.518461728067255,10.585035403657049,5.502510090595348e-12,68.81237001127359,0.35,0.16136090225563907,0.08270676691729323,0.0,0.5191729323308267,21.518461728067255,10.585035403657049,5.502510090595348e-12,68.81237001127359,0.15677943872525354,0.011011724342113137,0.40515303787786394,0.16497781849690807,13.749656636718576,1.0316046650769533,4.0424891912026624e-57,41.40235439499526,0.487,0.10379699248120301,0.007518796992481203,0.0,0.3157894736842105,13.749656636718576,1.0316046650769533,4.0424891912026624e-57,41.40235439499526,0.08304674904813689,0.013522600788798163,0.22345261077886178,0.0892191211215947,10.262594112397002,0.02604387313868045,3.385912774500017e-36,57.83139127370959,0.603,0.07689473684210527,0.0,0.0,0.44360902255639095,10.262594112397002,0.02604387313868045,3.385912774500017e-36,57.83139127370959,0.06085896779019118,0.007398687486848865,0.15983606370633638,0.06489266643253112,11.703622709897035,0.00015372190040989484,7.2788010832153725e-62,72.33627629671687,0.666,0.08737593984962405,0.0,0.0,0.5342105263157891,11.703622709897035,0.00015372190040989484,7.2788010832153725e-62,72.33627629671687,0.0910358178140152,0.013961862876157841,0.20438845013168142,0.09449631413325485,22.071901425195477,4.318510654427259,1.009670115209762e-33,73.61287042843632,0.439,0.16573684210526315,0.03007518796992481,0.0,0.5639097744360902,22.071901425195477,4.318510654427259,1.009670115209762e-33,73.61287042843632,0.12003295809335998,0.0747279044292479,0.21100161832008557,0.12753579372982599,19.11640598847859,3.3191580758712176,8.304211282511493e-08,72.62166145772359,0.412,0.1447368421052632,0.022556390977443608,0.0,0.5639097744360902,19.11640598847859,3.3191580758712176,8.304211282511493e-08,72.62166145772359
2000-07-03 00:00:00+00:00,inference-2026-08-20T16-49-50Z-2025-06-07,timeseries.json,157.0,2583829.962722908,2952.685835745842,2528.3054430787065,3408.7130345198425,0.6293992088431533,0.5417106260112091,0.7253639031058674,0.9488192725953514,0.8131847164114016,1.0963361089722414,0.17448750042931224,0.029326976000129484,0.40686183724439196,0.18197229631564835,17.993983296032546,2.509148224624429,1.0887600683798747e-21,51.090987699235555,0.458,0.11470700636942674,0.012738853503184714,0.0,0.33121019108280253,17.993983296032546,2.509148224624429,1.0887600683798747e-21,51.090987699235555,0.12887280705878146,0.035607478681888176,0.38035062764382205,0.13609885439853342,14.034816578541783,0.3202946327634707,1.4225002598523704e-14,53.017250430658436,0.531,0.08914649681528662,0.0,0.0,0.35063694267515894,14.034816578541783,0.3202946327634707,1.4225002598523704e-14,53.017250430658436,0.13370503363630082,0.023977055709291643,0.37040920208095657,0.1408071353717034,23.652189277020973,0.5777443100449777,2.23231673632037e-18,103.7350067201449,0.497,0.15072611464968153,0.006369426751592357,0.0,0.6624203821656051,23.652189277020973,0.5777443100449777,2.23231673632037e-18,103.7350067201449,0.15677943872525354,0.011011724342113137,0.40515303787786394,0.16497781849690807,15.467674427285537,0.3931361031923782,7.064628596514853e-40,51.2729895967825,0.513,0.09815286624203821,0.0,0.0,0.33121019108280253,15.467674427285537,0.3931361031923782,7.064628596514853e-40,51.2729895967825,0.08304674904813689,0.013522600788798163,0.22345261077886178,0.0892191211215947,19.901923448450347,0.029682416046816682,1.2933368799975403e-31,102.8411846766373,0.585,0.1277388535031847,0.0,0.0,0.656369426751592,19.901923448450347,0.029682416046816682,1.2933368799975403e-31,102.8411846766373,0.06085896779019118,0.007398687486848865,0.15983606370633638,0.06489266643253112,10.416931515690022,0.0002720462530792641,3.768602649954405e-63,96.281642620166,0.708,0.06605095541401274,0.0,0.0,0.6050955414012739,10.416931515690022,0.0002720462530792641,3.768602649954405e-63,96.281642620166,0.0910358178140152,0.013961862876157841,0.20438845013168142,0.09449631413325485,32.57437651331609,0.143221186941415,5.901478863379683e-39,106.1841485115237,0.53,0.20748407643312103,0.0,0.0,0.6751592356687898,32.57437651331609,0.143221186941415,5.901478863379683e-39,106.1841485115237,0.12003295809335998,0.0747279044292479,0.21100161832008557,0.12753579372982599,22.95810494366257,0.9892530507898065,3.4132847841049188e-09,105.29515215329964,0.461,0.14599363057324843,0.006369426751592357,0.0,0.6687898089171974,22.95810494366257,0.9892530507898065,3.4132847841049188e-09,105.29515215329964
2000-07-04 00:00:00+00:00,inference-2026-08-20T16-49-50Z-2025-06-07,timeseries.json,4878.0,2583829.962722908,2952.685835745842,2528.3054430787065,3408.7130345198425,0.6293992088431533,0.5417106260112091,0.7253639031058674,0.9488192725953514,0.8131847164114016,1.0963361089722414,0.17448750042931224,0.029326976000129484,0.40686183724439196,0.18197229631564835,1041.8176715274114,293.00349750054374,3.97757289129398e-29,2744.8833833553103,0.333,0.2135690856908569,0.06170561705617056,0.0,0.5623206232062321,1041.8176715274114,293.00349750054374,3.97757289129398e-29,2744.8833833553103,0.12887280705878146,0.035607478681888176,0.38035062764382205,0.13609885439853342,617.1321301616365,13.382463569685026,1.603117844819659e-14,2723.7039707810427,0.383,0.12653649036490366,0.002870028700287003,0.0,0.5576055760557606,617.1321301616365,13.382463569685026,1.603117844819659e-14,2723.7039707810427,0.13370503363630082,0.023977055709291643,0.37040920208095657,0.1408071353717034,635.4254875308729,139.43706852656334,1.5047092172846622e-26,2651.8455196304576,0.34,0.13028269782697827,0.02808528085280853,0.0,0.5449159491594915,635.4254875308729,139.43706852656334,1.5047092172846622e-26,2651.8455196304576,0.15677943872525354,0.011011724342113137,0.40515303787786394,0.16497781849690807,812.5294394978753,14.751292147032395,9.649143541657234e-27,2733.588727675385,0.434,0.1664741697416974,0.003075030750307503,0.0,0.560680606806068,812.5294394978753,14.751292147032395,9.649143541657234e-27,2733.588727675385,0.08304674904813689,0.013522600788798163,0.22345261077886178,0.0892191211215947,354.03858834000005,0.17883627760243648,1.990599975905307e-30,1539.5051856925,0.525,0.0726781467814678,0.0,0.0,0.31067035670356696,354.03858834000005,0.17883627760243648,1.990599975905307e-30,1539.5051856925,0.06085896779019118,0.007398687486848865,0.15983606370633638,0.06489266643253112,299.22177899167855,1.457567807452962,9.376270306524911e-72,1394.3248579613316,0.486,0.06131262812628127,0.0002050020500205002,0.0,0.29112341123411234,299.22177899167855,1.457567807452962,9.376270306524911e-72,1394.3248579613316,0.0910358178140152,0.013961862876157841,0.20438845013168142,0.09449631413325485,586.4800433409993,34.96336808354218,3.322879520998915e-35,1891.6074936691202,0.412,0.12009184091840919,0.007482574825748257,0.0,0.3882738827388274,586.4800433409993,34.96336808354218,3.322879520998915e-35,1891.6074936691202,0.12003295809335998,0.0747279044292479,0.21100161832008557,0.12753579372982599,531.354860609527,333.9605823914593,4.671578228389008e-06,1832.7150283649084,0.247,0.1090549405494055,0.06806068060680606,0.0,0.3765990159901599,531.354860609527,333.9605823914593,4.671578228389008e-06,1832.7150283649084
2000-07-05 00:00:00+00:00,inference-2026-08-20T16-49-50Z-2025-06-07,timeseries.json,4277.0,2583829.962722908,2952.685835745842,2528.3054430787065,3408.7130345198425,0.6293992088431533,0.5417106260112091,0.7253639031058674,0.9488192725953514,0.8131847164114016,1.0963361089722414,0.17448750042931224,0.029326976000129484,0.40686183724439196,0.18197229631564835,1560.9365767184395,15.636657196248702,1.7464268188324763e-47,4251.629504807145,0.411,0.3650378770166004,0.0038578442833761984,0.0,0.994622398877718,1560.9365767184395,15.636657196248702,1.7464268188324763e-47,4251.629504807145,0.12887280705878146,0.035607478681888176,0.38035062764382205,0.13609885439853342,609.2298032552051,3.779296283731874,2.9262033617676806e-13,4243.768363183016,0.416,0.1424250642974047,0.0009352349777881693,0.0,0.992062193126023,609.2298032552051,3.779296283731874,2.9262033617676806e-13,4243.768363183016,0.13370503363630082,0.023977055709291643,0.37040920208095657,0.1408071353717034,648.2175873650074,0.2225211761977135,1.0213359669149425e-24,4247.027218527955,0.53,0.15157820902501754,0.0,0.0,0.9927519289221417,648.2175873650074,0.2225211761977135,1.0213359669149425e-24,4247.027218527955,0.15677943872525354,0.011011724342113137,0.40515303787786394,0.16497781849690807,1236.054686286154,0.5823238365246599,4.6605632868176336e-33,4254.5818645982945,0.5,0.28896188917465515,0.00011690437222352116,0.0,0.9948562076221651,1236.054686286154,0.5823238365246599,4.6605632868176336e-33,4254.5818645982945,0.08304674904813689,0.013522600788798163,0.22345261077886178,0.0892191211215947,205.9209456243273,0.002701607258706996,9.125387384840619e-54,238.64373486831673,0.635,0.048108721066167884,0.0,0.0,0.05464110357724727,205.9209456243273,0.002701607258706996,9.125387384840619e-54,238.64373486831673,0.06085896779019118,0.007398687486848865,0.15983606370633638,0.06489266643253112,3.3087959412278667,4.329394438467988e-05,5.196568616699804e-64,24.204754199558437,0.747,0.0007933130699088145,0.0,0.0,0.005611409866729015,3.3087959412278667,4.329394438467988e-05,5.196568616699804e-64,24.204754199558437,0.0910358178140152,0.013961862876157841,0.20438845013168142,0.09449631413325485,6.5080058955298945,0.010331559066901082,6.402019365545503e-40,31.81091000839533,0.611,0.001524666822539163,0.0,0.0,0.007715688566752397,6.5080058955298945,0.010331559066901082,6.402019365545503e-40,31.81091000839533,0.12003295809335998,0.0747279044292479,0.21100161832008557,0.12753579372982599,6.823598914109193,0.4627074275190672,2.2340361345516524e-10,28.659049900469835,0.514,0.0015702595277063362,0.0,0.0,0.007014262333411269,6.823598914109193,0.4627074275190672,2.2340361345516524e-10,28.659049900469835
2000-07-06 00:00:00+00:00,inference-2026-08-20T16-49-50Z-2025-06-07,timeseries.json,3862.0,2583829.962722908,2952.685835745842,2528.3054430787065,3408.7130345198425,0.6293992088431533,0.5417106260112091,0.7253639031058674,0.9488192725953514,0.8131847164114016,1.0963361089722414,0.17448750042931224,0.029326976000129484,0.40686183724439196,0.18197229631564835,1476.4214381627412,61.80069807776752,9.15824416406831e-66,3858.5630840639797,0.405,0.38224158467115477,0.015406525116519937,0.0,0.9992232004142931,1476.4214381627412,61.80069807776752,9.15824416406831e-66,3858.5630840639797,0.12887280705878146,0.035607478681888176,0.38035062764382205,0.13609885439853342,498.4384957312096,0.14306336118846485,1.13495283379117e-18,3842.3404148265313,0.551,0.12914267219057485,0.0,0.0,0.9953392024857587,498.4384957312096,0.14306336118846485,1.13495283379117e-18,3842.3404148265313,0.13370503363630082,0.023977055709291643,0.37040920208095657,0.1408071353717034,638.7331883641118,0.5732116593726493,2.8981547409378596e-17,3855.804841222014,0.511,0.16558234075608494,0.0,0.0,0.9984464008285863,638.7331883641118,0.5732116593726493,2.8981547409378596e-17,3855.804841222014,0.15677943872525354,0.011011724342113137,0.40515303787786394,0.16497781849690807,1067.0113654976994,0.10627506786839636,4.0288144811137345e-33,3854.8380423906133,0.555,0.27611341273951323,0.0,0.0,0.9984464008285863,1067.0113654976994,0.10627506786839636,4.0288144811137345e-33,3854.8380423906133,0.08304674904813689,0.013522600788798163,0.22345261077886178,0.0892191211215947,177.63388522063158,0.0007461943138816307,2.755347271455329e-40,148.63319563523535,0.734,0.04593940963231486,0.0,0.0,0.03874935266698208,177.63388522063158,0.0007461943138816307,2.755347271455329e-40,148.63319563523535,0.06085896779019118,0.007398687486848865,0.15983606370633638,0.06489266643253112,0.8457372225486951,4.4585240766559014e-05,5.8085019815217295e-96,6.0001777022315865,0.839,0.00022553081305023306,0.0,0.0,0.0015535991714137752,0.8457372225486951,4.4585240766559014e-05,5.8085019815217295e-96,6.0001777022315865,0.0910358178140152,0.013961862876157841,0.20438845013168142,0.09449631413325485,1.260084928641653,0.0016802685423567654,2.4493250930758873e-39,7.78743453221544,0.752,0.00033117555670636976,0.0,0.0,0.0020714655618850335,1.260084928641653,0.0016802685423567654,2.4493250930758873e-39,7.78743453221544,0.12003295809335998,0.0747279044292479,0.21100161832008557,0.12753579372982599,1.6558048724167242,0.08189282200665685,2.758448474663465e-10,8.830180066921862,0.653,0.000423873640600725,0.0,0.0,0.002330398757120663,1.6558048724167242,0.08189282200665685,2.758448474663465e-10,8.830180066921862
2000-07-07 00:00:00+00:00,inference-2026-08-20T16-49-50Z-2025-06-07,timeseries.json,222.0,2583829.962722908,2952.685835745842,2528.3054430787065,3408.7130345198425,0.6293992088431533,0.5417106260112091,0.7253639031058674,0.9488192725953514,0.8131847164114016,1.0963361089722414,0.17448750042931224,0.029326976000129484,0.40686183724439196,0.18197229631564835,21.46793797876656,5.490646900355641,2.035480263538312e-23,52.94126773969412,0.401,0.09686936936936937,0.02252252252252252,0.0,0.24774774774774774,21.46793797876656,5.490646900355641,2.035480263538312e-23,52.94126773969412,0.12887280705878146,0.035607478681888176,0.38035062764382205,0.13609885439853342,14.886897019159278,0.27018050057440446,1.6258706798193322e-17,52.38081428369929,0.529,0.0673018018018018,0.0,0.0,0.23873873873873874,14.886897019159278,0.27018050057440446,1.6258706798193322e-17,52.38081428369929,0.13370503363630082,0.023977055709291643,0.37040920208095657,0.1408071353717034,27.46133248559227,0.30787342034171783,3.516545974904081e-23,159.24480144973444,0.533,0.12357207207207208,0.0,0.0,0.7252252252252253,27.46133248559227,0.30787342034171783,3.516545974904081e-23,159.24480144973444,0.15677943872525354,0.011011724342113137,0.40515303787786394,0.16497781849690807,18.58809492389907,1.6216623691942604,1.965426898081307e-39,53.191046205317534,0.46,0.0842027027027027,0.0045045045045045045,0.0,0.24324324324324326,18.58809492389907,1.6216623691942604,1.965426898081307e-39,53.191046205317534,0.08304674904813689,0.013522600788798163,0.22345261077886178,0.0892191211215947,43.87724895733366,2.031662971039901,1.5160696154988456e-28,169.04069984122145,0.471,0.19739189189189188,0.009009009009009009,0.0,0.7612612612612613,43.87724895733366,2.031662971039901,1.5160696154988456e-28,169.04069984122145,0.06085896779019118,0.007398687486848865,0.15983606370633638,0.06489266643253112,8.187006890514997,0.0001867086763628254,4.475540083465623e-123,59.165109566339524,0.739,0.03681981981981982,0.0,0.0,0.27072072072072034,8.187006890514997,0.0001867086763628254,4.475540083465623e-123,59.165109566339524,0.0910358178140152,0.013961862876157841,0.20438845013168142,0.09449631413325485,45.54908150098554,0.5037858375810899,1.7316208965162428e-38,171.18113167453456,0.51,0.20556306306306305,0.0,0.0,0.7749999999999998,45.54908150098554,0.5037858375810899,1.7316208965162428e-38,171.18113167453456,0.12003295809335998,0.0747279044292479,0.21100161832008557,0.12753579372982599,41.98240024374848,2.2761960893930135,3.6069702908819328e-09,168.04502608121507,0.435,0.1882792792792793,0.009009009009009009,0.0,0.7522522522522522,41.98240024374848,2.2761960893930135,3.6069702908819328e-09,168.04502608121507
2000-07-08 00:00:00+00:00,inference-2026-08-20T16-49-50Z-2025-06-07,timeseries.json,181.0,2583829.962722908,2952.685835745842,2528.3054430787065,3408.7130345198425,0.6293992088431533,0.5417106260112091,0.7253639031058674,0.9488192725953514,0.8131847164114016,1.0963361089722414,0.17448750042931224,0.029326976000129484,0.40686183724439196,0.18197229631564835,23.446605309300036,5.425229749015994,1.434883562910276e-40,62.98280604326918,0.405,0.12976795580110495,0.027624309392265192,0.0,0.35359116022099446,23.446605309300036,5.425229749015994,1.434883562910276e-40,62.98280604326918,0.12887280705878146,0.035607478681888176,0.38035062764382205,0.13609885439853342,19.754558639070073,1.0816257081254808,1.1433032186762763e-12,71.53431090152081,0.474,0.1091657458563536,0.0055248618784530384,0.0,0.4035911602209942,19.754558639070073,1.0816257081254808,1.1433032186762763e-12,71.53431090152081,0.13370503363630082,0.023977055709291643,0.37040920208095657,0.1408071353717034,26.33247964983524,0.5246430349182651,9.806306099648687e-26,113.3895445189261,0.505,0.14528729281767955,0.0,0.0,0.6245856353591157,26.33247964983524,0.5246430349182651,9.806306099648687e-26,113.3895445189261,0.15677943872525354,0.011011724342113137,0.40515303787786394,0.16497781849690807,23.224394751506868,0.6388559324311998,3.2631721410629343e-31,64.63753078099451,0.495,0.12867403314917125,0.0055248618784530384,0.0,0.3701657458563536,23.224394751506868,0.6388559324311998,3.2631721410629343e-31,64.63753078099451,0.08304674904813689,0.013522600788798163,0.22345261077886178,0.0892191211215947,17.752534888606444,0.06892620699313888,1.8389198860262462e-31,92.20760371490226,0.573,0.09830939226519336,0.0,0.0,0.5254143646408834,17.752534888606444,0.06892620699313888,1.8389198860262462e-31,92.20760371490226,0.06085896779019118,0.007398687486848865,0.15983606370633638,0.06489266643253112,9.99562132287452,0.0004283731687451858,2.4242304183729843e-66,63.21157580754946,0.687,0.05503314917127072,0.0,0.0,0.34806629834254144,9.99562132287452,0.0004283731687451858,2.4242304183729843e-66,63.21157580754946,0.0910358178140152,0.013961862876157841,0.20438845013168142,0.09449631413325485,23.9681801991992,0.07378169426520881,1.8636153464206754e-28,115.39504083162963,0.555,0.13276795580110495,0.0,0.0,0.6353591160220995,23.9681801991992,0.07378169426520881,1.8636153464206754e-28,115.39504083162963,0.12003295809335998,0.0747279044292479,0.21100161832008557,0.12753579372982599,36.52562523960767,14.226342844754347,1.5935031290033313e-08,117.43050169483199,0.332,0.20099447513812155,0.08287292817679558,0.0,0.6464088397790055,36.52562523960767,14.226342844754347,1.5935031290033313e-08,117.43050169483199
2000-07-09 00:00:00+00:00,inference-2026-08-20T16-49-50Z-2025-06-07,timeseries.json,1266.0,2583829.962722908,2952.685835745842,2528.3054430787065,3408.7130345198425,0.6293992088431533,0.5417106260112091,0.7253639031058674,0.9488192725953514,0.8131847164114016,1.0963361089722414,0.17448750042931224,0.029326976000129484,0.40686183724439196,0.18197229631564835,102.51623341360795,6.476357435183117,8.248836586522858e-35,333.8238796854042,0.408,0.08101579778830964,0.005134281200631911,0.0,0.26465244865718796,102.51623341360795,6.476357435183117,8.248836586522858e-35,333.8238796854042,0.12887280705878146,0.035607478681888176,0.38035062764382205,0.13609885439853342,116.53947828273952,7.872839048011043,3.107939982080312e-11,350.5800418136403,0.376,0.09184913112164299,0.0071090047393364926,0.0,0.27729067930489726,116.53947828273952,7.872839048011043,3.107939982080312e-11,350.5800418136403,0.13370503363630082,0.023977055709291643,0.37040920208095657,0.1408071353717034,154.78630554092646,4.7510963781743385,2.1611937088787892e-19,921.1081837438402,0.43,0.122304897314376,0.0039494470774091624,0.0,0.7291074249605054,154.78630554092646,4.7510963781743385,2.1611937088787892e-19,921.1081837438402,0.15677943872525354,0.011011724342113137,0.40515303787786394,0.16497781849690807,103.54326857178138,0.5694966031952235,3.6052543247505016e-67,340.1600601476782,0.501,0.08190758293838862,0.0,0.0,0.2693522906793049,103.54326857178138,0.5694966031952235,3.6052543247505016e-67,340.1600601476782,0.08304674904813689,0.013522600788798163,0.22345261077886178,0.0892191211215947,235.91847963212334,2.5573141271338597,5.658786595456971e-34,911.916554684325,0.469,0.1862527646129542,0.002369668246445498,0.0,0.7180489731437598,235.91847963212334,2.5573141271338597,5.658786595456971e-34,911.916554684325,0.06085896779019118,0.007398687486848865,0.15983606370633638,0.06489266643253112,45.75604199432314,4.41170841910094e-05,1.3052155605838336e-68,484.6325628521672,0.749,0.03626461295418641,0.0,0.0,0.3912717219589248,45.75604199432314,4.41170841910094e-05,1.3052155605838336e-68,484.6325628521672,0.0910358178140152,0.013961862876157841,0.20438845013168142,0.09449631413325485,313.5503355887264,19.331275232122774,3.338835336766331e-24,930.4917626949522,0.402,0.2474834123222749,0.01579778830963665,0.0,0.7345971563981043,313.5503355887264,19.331275232122774,3.338835336766331e-24,930.4917626949522,0.12003295809335998,0.0747279044292479,0.21100161832008557,0.12753579372982599,193.38985697577166,9.312104684683892,2.7342431067480242e-08,927.1071724716585,0.371,0.1529218009478673,0.00631911532385466,0.0,0.7322274881516587,193.38985697577166,9.312104684683892,2.7342431067480242e-08,927.1071724716585
2000-07-10 00:00:00+00:00,inference-2026-08-20T16-49-50Z-2025-06-07,timeseries.json,2991.0,2583829.962722908,2952.685835745842,2528.3054430787065,3408.7130345198425,0.6293992088431533,0.5417106260112091,0.7253639031058674,0.9488192725953514,0.8131847164114016,1.0963361089722414,0.17448750042931224,0.029326976000129484,0.40686183724439196,0.18197229631564835,1161.2883887104565,7.0237588355475475,7.904633726870722e-66,2965.267437753104,0.449,0.3881878970244066,0.002340354396522902,0.0,0.9916583082581076,1161.2883887104565,7.0237588355475475,7.904633726870722e-66,2965.267437753104,0.12887280705878146,0.035607478681888176,0.38035062764382205,0.13609885439853342,325.74681584835054,0.4869276396252955,5.878607535115242e-13,2951.3454988262347,0.506,0.10900167168171179,0.0,0.0,0.9866432631227015,325.74681584835054,0.4869276396252955,5.878607535115242e-13,2951.3454988262347,0.13370503363630082,0.023977055709291643,0.37040920208095657,0.1408071353717034,460.5061343507529,0.9618344116247699,1.4608989332507196e-20,2954.0109210132478,0.494,0.15402975593447008,0.00033433634236041456,0.0,0.9879806084921431,460.5061343507529,0.9618344116247699,1.4608989332507196e-20,2954.0109210132478,0.15677943872525354,0.011011724342113137,0.40515303787786394,0.16497781849690807,875.7502454059284,0.30133961112739627,1.4748870256926066e-34,2962.926748214718,0.515,0.2927512537612838,0.0,0.0,0.9909729187562688,875.7502454059284,0.30133961112739627,1.4748870256926066e-34,2962.926748214718,0.08304674904813689,0.013522600788798163,0.22345261077886178,0.0892191211215947,147.7382335602804,0.013553712839069063,8.011087398537281e-40,84.6314384763172,0.622,0.04939585422935472,0.0,0.0,0.028034102306913205,147.7382335602804,0.013553712839069063,8.011087398537281e-40,84.6314384763172,0.06085896779019118,0.007398687486848865,0.15983606370633638,0.06489266643253112,3.526544560166258,3.1661828108984715e-06,1.5648792771625004e-56,29.636686563468004,0.79,0.001178201270478101,0.0,0.0,0.009695753928452023,3.526544560166258,3.1661828108984715e-06,1.5648792771625004e-56,29.636686563468004,0.0910358178140152,0.013961862876157841,0.20438845013168142,0.09449631413325485,8.037752606470844,0.08457950867581787,1.1505275964440305e-31,37.16322936979537,0.577,0.0026482781678368434,0.0,0.0,0.01237044466733534,8.037752606470844,0.08457950867581787,1.1505275964440305e-31,37.16322936979537,0.12003295809335998,0.0747279044292479,0.21100161832008557,0.12753579372982599,8.405884957592813,0.7527769831249426,5.7738828540787305e-11,34.31092180871976,0.488,0.002807087930458041,0.00033433634236041456,0.0,0.0113841524573721,8.405884957592813,0.7527769831249426,5.7738828540787305e-11,34.31092180871976
2000-07-11 00:00:00+00:00,inference-2026-08-20T16-49-50Z-2025-06-07,timeseries.json,4635.0,2583829.962722908,2952.685835745842,2528.3054430787065,3408.7130345198425,0.6293992088431533,0.5417106260112091,0.7253639031058674,0.9488192725953514,0.8131847164114016,1.0963361089722414,0.17448750042931224,0.029326976000129484,0.40686183724439196,0.18197229631564835,1562.0863901749904,35.08664516563635,1.5561720254974543e-31,4491.260175483348,0.398,0.33711974110032367,0.007659115426105718,0.0,0.9691477885652643,1562.0863901749904,35.08664516563635,1.5561720254974543e-31,4491.260175483348,0.12887280705878146,0.035607478681888176,0.38035062764382205,0.13609885439853342,739.7228251201358,7.155510524316819,2.5769934330054815e-11,4464.361049215108,0.422,0.15960755124056095,0.0015102481121898597,0.0,0.9622761596548004,739.7228251201358,7.155510524316819,2.5769934330054815e-11,4464.361049215108,0.13370503363630082,0.023977055709291643,0.37040920208095657,0.1408071353717034,831.8660648395092,9.609526799866009,6.013443500108675e-18,4479.424130204597,0.402,0.17945113268608415,0.002157497303128371,0.0,0.9669902912621359,831.8660648395092,9.609526799866009,6.013443500108675e-18,4479.424130204597,0.15677943872525354,0.011011724342113137,0.40515303787786394,0.16497781849690807,1210.1892210064843,0.4302452682157666,4.180899841916108e-33,4489.738039838373,0.508,0.26106148867313916,0.0,0.0,0.9687162891046386,1210.1892210064843,0.4302452682157666,4.180899841916108e-33,4489.738039838373,0.08304674904813689,0.013522600788798163,0.22345261077886178,0.0892191211215947,193.5779809301653,0.2509761071266353,5.982527712826513e-27,170.6152075692107,0.533,0.04167119741100323,0.0,0.0,0.040140237324703336,193.5779809301653,0.2509761071266353,5.982527712826513e-27,170.6152075692107,0.06085896779019118,0.007398687486848865,0.15983606370633638,0.06489266643253112,12.191817932097461,7.973116739815674e-05,5.8784463376424805e-93,115.80528241897034,0.758,0.0026325782092772383,0.0,0.0,0.024617044228694693,12.191817932097461,7.973116739815674e-05,5.8784463376424805e-93,115.80528241897034,0.0910358178140152,0.013961862876157841,0.20438845013168142,0.09449631413325485,40.651275962785434,0.07245695284629504,2.5711031429860985e-53,166.55343121435473,0.567,0.008719741100323624,0.0,0.0,0.035825242718446594,40.651275962785434,0.07245695284629504,2.5711031429860985e-53,166.55343121435473,0.12003295809335998,0.0747279044292479,0.21100161832008557,0.12753579372982599,44.71442403383015,5.31809013858103,1.556403928043509e-09,154.42365944946127,0.383,0.009736569579288026,0.0012944983818770227,0.0,0.033872707659115424,44.71442403383015,5.31809013858103,1.556403928043509e-09,154.42365944946127
2000-07-12 00:00:00+00:00,inference-2026-08-20T16-49-50Z-2025-06-07,timeseries.json,583.0,2583829.962722908,2952.685835745842,2528.3054430787065,3408.7130345198425,0.6293992088431533,0.5417106260112091,0.7253639031058674,0.9488192725953514,0.8131847164114016,1.0963361089722414,0.17448750042931224,0.029326976000129484,0.40686183724439196,0.18197229631564835,159.8204775494733,3.441583221086791,3.1934292523300217e-41,463.33099259685025,0.438,0.2739176672384219,0.00686106346483705,0.0,0.7975986277873071,159.8204775494733,3.441583221086791,3.1934292523300217e-41,463.33099259685025,0.12887280705878146,0.035607478681888176,0.38035062764382205,0.13609885439853342,88.48059449701016,0.6184956028929092,1.308282013915918e-11,460.9629195854215,0.504,0.1517032590051458,0.0,0.0,0.79073756432247,88.48059449701016,0.6184956028929092,1.308282013915918e-11,460.9629195854215,0.13370503363630082,0.023977055709291643,0.37040920208095657,0.1408071353717034,107.47750514388444,1.820945819713664,7.599191001533073e-22,459.8187337265737,0.461,0.18459176672384223,0.003430531732418525,0.0,0.7873927958833618,107.47750514388444,1.820945819713664,7.599191001533073e-22,459.8187337265737,0.15677943872525354,0.011011724342113137,0.40515303787786394,0.16497781849690807,108.12932633452402,0.10497430617613877,6.667518554758048e-66,462.60759664777635,0.565,0.1856140651801029,0.0,0.0,0.7958833619210978,108.12932633452402,0.10497430617613877,6.667518554758048e-66,462.60759664777635,0.08304674904813689,0.013522600788798163,0.22345261077886178,0.0892191211215947,47.2265194332361,0.6762526508461264,3.3030035803670136e-34,129.4141564371972,0.491,0.08104974271012008,0.0017152658662092624,0.0,0.22478559176672377,47.2265194332361,0.6762526508461264,3.3030035803670136e-34,129.4141564371972,0.06085896779019118,0.007398687486848865,0.15983606370633638,0.06489266643253112,8.657493639488768,2.667785853458399e-05,1.5474527721186626e-63,81.99967581906336,0.779,0.014816466552315607,0.0,0.0,0.14759862778730695,8.657493639488768,2.667785853458399e-05,1.5474527721186626e-63,81.99967581906336,0.0910358178140152,0.013961862876157841,0.20438845013168142,0.09449631413325485,35.50900121038638,0.33841965412936587,8.069591852796486e-29,122.51249484917697,0.521,0.06095883361921098,0.0,0.0,0.21269296740994853,35.50900121038638,0.33841965412936587,8.069591852796486e-29,122.51249484917697,0.12003295809335998,0.0747279044292479,0.21100161832008557,0.12753579372982599,27.69908219199678,1.1542525430578152,1.8151824352018925e-08,121.16651919304431,0.459,0.04734819897084047,0.0017152658662092624,0.0,0.20754716981132076,27.69908219199678,1.1542525430578152,1.8151824352018925e-08,121.16651919304431
2000-07-13 00:00:00+00:00,inference-2026-08-20T16-49-50Z-2025-06-07,timeseries.json,322.0,2583829.962722908,2952.685835745842,2528.3054430787065,3408.7130345198425,0.6293992088431533,0.5417106260112091,0.7253639031058674,0.9488192725953514,0.8131847164114016,1.0963361089722414,0.17448750042931224,0.029326976000129484,0.40686183724439196,0.18197229631564835,29.266123775379477,2.1413732685541143,2.55601115806094e-34,94.78670165478611,0.451,0.09093788819875775,0.006211180124223602,0.0,0.2981366459627329,29.266123775379477,2.1413732685541143,2.55601115806094e-34,94.78670165478611,0.12887280705878146,0.035607478681888176,0.38035062764382205,0.13609885439853342,31.11513461370192,0.5528532810188524,1.2451910713808216e-14,100.99086643859714,0.5,0.09655590062111802,0.0015527950310559005,0.0,0.31692546583850917,31.11513461370192,0.5528532810188524,1.2451910713808216e-14,100.99086643859714,0.13370503363630082,0.023977055709291643,0.37040920208095657,0.1408071353717034,40.467732433336344,10.01965927371489,2.77083091287189e-16,146.70206730970315,0.423,0.12594099378881987,0.03260869565217391,0.0,0.45652173913043476,40.467732433336344,10.01965927371489,2.77083091287189e-16,146.70206730970315,0.15677943872525354,0.011011724342113137,0.40515303787786394,0.16497781849690807,31.938989859389363,1.9046107691236722,6.774011439896564e-42,101.22333079950545,0.472,0.09879503105590061,0.006211180124223602,0.0,0.31381987577639736,31.938989859389363,1.9046107691236722,6.774011439896564e-42,101.22333079950545,0.08304674904813689,0.013522600788798163,0.22345261077886178,0.0892191211215947,32.1969078639134,0.15827764728221339,3.7084731308214704e-26,141.081410328994,0.538,0.10010869565217391,0.0,0.0,0.4503105590062112,32.1969078639134,0.15827764728221339,3.7084731308214704e-26,141.081410328994,0.06085896779019118,0.007398687486848865,0.15983606370633638,0.06489266643253112,37.582241649443965,0.014951985171497609,2.816412641722117e-70,189.44235364392188,0.592,0.11664596273291924,0.0,0.0,0.5993788819875776,37.582241649443965,0.014951985171497609,2.816412641722117e-70,189.44235364392188,0.0910358178140152,0.013961862876157841,0.20438845013168142,0.09449631413325485,62.3785548160749,1.6105019236118185,2.194259692929692e-33,225.6088631934708,0.476,0.19372049689440993,0.006211180124223602,0.0,0.7018633540372671,62.3785548160749,1.6105019236118185,2.194259692929692e-33,225.6088631934708,0.12003295809335998,0.0747279044292479,0.21100161832008557,0.12753579372982599,57.054314988760595,6.749623457842813,2.8347305756962403e-10,223.04504368043766,0.391,0.17729503105590064,0.020186335403726708,0.0,0.6895962732919253,57.054314988760595,6.749623457842813,2.8347305756962403e-10,223.04504368043766
2000-07-14 00:00:00+00:00,inference-2026-08-20T16-49-50Z-2025-06-07,timeseries.json,259.0,2583829.962722908,2952.685835745842,2528.3054430787065,3408.7130345198425,0.6293992088431533,0.5417106260112091,0.7253639031058674,0.9488192725953514,0.8131847164114016,1.0963361089722414,0.17448750042931224,0.029326976000129484,0.40686183724439196,0.18197229631564835,10.781846092235396,1.1761361815904832,2.566308697119443e-35,30.088321961435536,0.473,0.04186100386100386,0.003861003861003861,0.0,0.11969111969111969,10.781846092235396,1.1761361815904832,2.566308697119443e-35,30.088321961435536,0.12887280705878146,0.035607478681888176,0.38035062764382205,0.13609885439853342,18.89377321546468,0.2536689076892145,1.5487187377051743e-11,182.7088328967936,0.539,0.07304247104247104,0.0,0.0,0.6656370656370643,18.89377321546468,0.2536689076892145,1.5487187377051743e-11,182.7088328967936,0.13370503363630082,0.023977055709291643,0.37040920208095657,0.1408071353717034,36.750450293582055,0.7349411320804744,1.1226076075891592e-25,226.31283826765272,0.502,0.1413745173745174,0.0,0.0,0.8687258687258688,36.750450293582055,0.7349411320804744,1.1226076075891592e-25,226.31283826765272,0.15677943872525354,0.011011724342113137,0.40515303787786394,0.16497781849690807,9.083457077901143,0.0646740934176486,8.853083394377052e-56,29.523236512279517,0.568,0.03517760617760618,0.0,0.0,0.11969111969111969,9.083457077901143,0.0646740934176486,8.853083394377052e-56,29.523236512279517,0.08304674904813689,0.013522600788798163,0.22345261077886178,0.0892191211215947,30.468081710312006,0.007715746999243701,1.8915165665025328e-29,211.50261997714588,0.619,0.11771814671814673,0.0,0.0,0.8150579150579147,30.468081710312006,0.007715746999243701,1.8915165665025328e-29,211.50261997714588,0.06085896779019118,0.007398687486848865,0.15983606370633638,0.06489266643253112,18.57628122872354,4.8595186590037696e-05,1.1350030686517679e-60,177.41152265424353,0.734,0.07127799227799227,0.0,0.0,0.6951737451737451,18.57628122872354,4.8595186590037696e-05,1.1350030686517679e-60,177.41152265424353,0.0910358178140152,0.013961862876157841,0.20438845013168142,0.09449631413325485,70.30091532282663,1.272748581770063,2.6682656029501134e-28,229.54725055293147,0.473,0.27135521235521237,0.003861003861003861,0.0,0.888030888030888,70.30091532282663,1.272748581770063,2.6682656029501134e-28,229.54725055293147,0.12003295809335998,0.0747279044292479,0.21100161832008557,0.12753579372982599,64.14519505895456,7.884654246941868,3.1118110993686616e-09,230.31393266022067,0.363,0.24819305019305019,0.02702702702702703,0.0,0.8918918918918919,64.14519505895456,7.884654246941868,3.1118110993686616e-09,230.31393266022067
2000-07-15 00:00:00+00:00,inference-2026-08-20T16-49-50Z-2025-06-07,timeseries.json,282.0,2583829.962722908,2952.685835745842,2528.3054430787065,3408.7130345198425,0.6293992088431533,0.5417106260112091,0.7253639031058674,0.9488192725953514,0.8131847164114016,1.0963361089722414,0.17448750042931224,0.029326976000129484,0.40686183724439196,0.18197229631564835,24.77989574847947,2.7700458063901214,4.814374597715435e-55,65.24090646014872,0.447,0.08802836879432624,0.010638297872340425,0.0,0.2375886524822695,24.77989574847947,2.7700458063901214,4.814374597715435e-55,65.24090646014872,0.12887280705878146,0.035607478681888176,0.38035062764382205,0.13609885439853342,16.10352401615959,0.37873743819031774,1.992010348702404e-14,65.62859793735109,0.507,0.05745744680851063,0.0,0.0,0.23421985815602822,16.10352401615959,0.37873743819031774,1.992010348702404e-14,65.62859793735109,0.13370503363630082,0.023977055709291643,0.37040920208095657,0.1408071353717034,31.913578637237304,0.6164702320425346,3.602281007492227e-18,212.1554568931976,0.497,0.11324113475177304,0.0035460992907801418,0.0,0.74822695035461,31.913578637237304,0.6164702320425346,3.602281007492227e-18,212.1554568931976,0.15677943872525354,0.011011724342113137,0.40515303787786394,0.16497781849690807,17.484901788057783,0.05889439803256763,5.211316038188866e-28,65.04130912909123,0.561,0.0616063829787234,0.0,0.0,0.23067375886524807,17.484901788057783,0.05889439803256763,5.211316038188866e-28,65.04130912909123,0.08304674904813689,0.013522600788798163,0.22345261077886178,0.0892191211215947,71.263056236172,10.32394283275552,4.318456406683e-28,226.65694020812566,0.405,0.25301418439716317,0.03546099290780142,0.0,0.8015957446808509,71.263056236172,10.32394283275552,4.318456406683e-28,226.65694020812566,0.06085896779019118,0.007398687486848865,0.15983606370633638,0.06489266643253112,6.158655770734446,3.189986039690662e-05,7.528593259421842e-74,39.834730362736074,0.773,0.0219822695035461,0.0,0.0,0.14556737588652466,6.158655770734446,3.189986039690662e-05,7.528593259421842e-74,39.834730362736074,0.0910358178140152,0.013961862876157841,0.20438845013168142,0.09449631413325485,67.4398571559933,0.6731779368874258,2.3893691525920918e-53,238.38576016953442,0.497,0.23907092198581564,0.0035460992907801418,0.0,0.8406028368794325,67.4398571559933,0.6731779368874258,2.3893691525920918e-53,238.38576016953442,0.12003295809335998,0.0747279044292479,0.21100161832008557,0.12753579372982599,46.85653064716606,1.2571675982955681,4.072410813895324e-09,216.7247319574442,0.455,0.16559929078014185,0.0035460992907801418,0.0,0.7659574468085106,46.85653064716606,1.2571675982955681,4.072410813895324e-09,216.7247319574442
2000-07-16 00:00:00+00:00,inference-2026-08-20T16-49-50Z-2025-06-07,timeseries.json,2736.0,2583829.962722908,2952.685835745842,2528.3054430787065,3408.7130345198425,0.6293992088431533,0.5417106260112091,0.7253639031058674,0.9488192725953514,0.8131847164114016,1.0963361089722414,0.17448750042931224,0.029326976000129484,0.40686183724439196,0.18197229631564835,233.77601240311995,14.085809462548998,2.5318109651404094e-19,595.9014553411965,0.407,0.08552156432748538,0.0043859649122807015,0.0,0.21827485380116454,233.77601240311995,14.085809462548998,2.5318109651404094e-19,595.9014553411965,0.12887280705878146,0.035607478681888176,0.38035062764382205,0.13609885439853342,95.49756230505426,1.6752391426003068,1.6692432243599324e-12,559.0943212166019,0.453,0.03491337719298245,0.0007309941520467836,0.0,0.20180921052631573,95.49756230505426,1.6752391426003068,1.6692432243599324e-12,559.0943212166019,0.13370503363630082,0.023977055709291643,0.37040920208095657,0.1408071353717034,347.2738854895551,6.753582647895296,3.1871006632575515e-20,1852.6553084217308,0.438,0.1267675438596491,0.0027412280701754384,0.0,0.6737938596491226,347.2738854895551,6.753582647895296,3.1871006632575515e-20,1852.6553084217308,0.15677943872525354,0.011011724342113137,0.40515303787786394,0.16497781849690807,165.34395136526868,2.6336980564265473,2.7634610695654986e-34,572.79687793924,0.441,0.06052668128654971,0.0010964912280701754,0.0,0.20981359649122805,165.34395136526868,2.6336980564265473,2.7634610695654986e-34,572.79687793924,0.08304674904813689,0.013522600788798163,0.22345261077886178,0.0892191211215947,736.0011259689364,516.9069170541561,1.2455633557117103e-12,2150.1725369043543,0.183,0.2690073099415205,0.18987573099415206,0.0,0.7837171052631577,736.0011259689364,516.9069170541561,1.2455633557117103e-12,2150.1725369043543,0.06085896779019118,0.007398687486848865,0.15983606370633638,0.06489266643253112,54.5669003477583,0.01570308506997365,3.500118155193617e-104,294.71415302027486,0.627,0.01993969298245614,0.0,0.0,0.10635964912280702,54.5669003477583,0.01570308506997365,3.500118155193617e-104,294.71415302027486,0.0910358178140152,0.013961862876157841,0.20438845013168142,0.09449631413325485,622.3848367740045,40.56380835810726,1.7046577261770242e-26,2171.3301191276755,0.4,0.22758808479532167,0.015350877192982455,0.0,0.794608918128655,622.3848367740045,40.56380835810726,1.7046577261770242e-26,2171.3301191276755,0.12003295809335998,0.0747279044292479,0.21100161832008557,0.12753579372982599,481.1557253463024,24.956005618194386,6.8806125082522866e-09,2096.8895971296733,0.357,0.1757357456140351,0.00932017543859649,0.0,0.7668494152046784,481.1557253463024,24.956005618194386,6.8806125082522866e-09,2096.8895971296733
