timestamp,run_name,blob_name,class,corrected_mean,corrected_median,corrected_lower,corrected_upper
2000-01-01 00:00:00+00:00,inference-2026-08-20T16-49-50Z-2025-06-05,timeseries.json,Noctiluca,49.56955406938849,0.36748482657970194,3.6757242940640766e-51,174.43232782967152
2000-01-01 00:00:00+00:00,inference-2026-08-20T16-49-50Z-2025-06-05,timeseries.json,Phyto_Centrics,7.020993630336929,0.044636266713557776,1.0115559521358645e-11,32.91530328082469
2000-01-01 00:00:00+00:00,inference-2026-08-20T16-49-50Z-2025-06-05,timeseries.json,Tripos,151.6650349235862,1.557952211986878,4.297820368290903e-19,946.7827345468332
2000-01-01 00:00:00+00:00,inference-2026-08-20T16-49-50Z-2025-06-05,timeseries.json,bubbles,135.4663882613509,0.31886921557900255,1.0092662473062265e-45,908.7961086435304
2000-01-01 00:00:00+00:00,inference-2026-08-20T16-49-50Z-2025-06-05,timeseries.json,copepods,60.558332895884014,0.015097362186456551,7.446322105243198e-36,273.47957060187997
2000-01-01 00:00:00+00:00,inference-2026-08-20T16-49-50Z-2025-06-05,timeseries.json,fish_eggs,279.62173584739355,0.16031451508371775,4.532489424012462e-62,969.8452246897003
2000-01-01 00:00:00+00:00,inference-2026-08-20T16-49-50Z-2025-06-05,timeseries.json,fish_larvae,113.18451847708344,0.5200130554190462,1.0984099967500516e-25,913.8755858531292
2000-01-01 00:00:00+00:00,inference-2026-08-20T16-49-50Z-2025-06-05,timeseries.json,other,204.91344189497636,27.36785945311006,8.032461615298002e-08,931.4909418251403
2000-01-02 00:00:00+00:00,inference-2026-08-20T16-49-50Z-2025-06-05,timeseries.json,Noctiluca,56.49146449252247,0.44753149004223414,2.6085681311302744e-18,184.62499973092142
2000-01-02 00:00:00+00:00,inference-2026-08-20T16-49-50Z-2025-06-05,timeseries.json,Phyto_Centrics,2.713480627600595,0.024063918918780895,2.61889893753251e-15,14.3764496252947
2000-01-02 00:00:00+00:00,inference-2026-08-20T16-49-50Z-2025-06-05,timeseries.json,Tripos,158.08669440912814,0.2475861803198876,1.684109650784981e-20,1044.6659369094255
2000-01-02 00:00:00+00:00,inference-2026-08-20T16-49-50Z-2025-06-05,timeseries.json,bubbles,157.43479146497273,0.4680073398642518,3.1146381872203615e-37,1047.747257421818
2000-01-02 00:00:00+00:00,inference-2026-08-20T16-49-50Z-2025-06-05,timeseries.json,copepods,54.96291174093082,0.0029080500873677876,5.495110959440304e-52,171.11793382264753
2000-01-02 00:00:00+00:00,inference-2026-08-20T16-49-50Z-2025-06-05,timeseries.json,fish_eggs,309.60257060009536,0.05116565537339043,8.40979413982615e-68,1049.794064142803
2000-01-02 00:00:00+00:00,inference-2026-08-20T16-49-50Z-2025-06-05,timeseries.json,fish_larvae,107.15450404771077,0.02734789474907918,1.3452965735505348e-29,1041.8795022519714
2000-01-02 00:00:00+00:00,inference-2026-08-20T16-49-50Z-2025-06-05,timeseries.json,other,209.5535826170389,0.6195335905367512,2.236872675880555e-09,1049.2076118047191
2000-01-03 00:00:00+00:00,inference-2026-08-20T16-49-50Z-2025-06-05,timeseries.json,Noctiluca,543.442175643313,30.324660546863534,2.4425489327978935e-52,1644.5572879150996
2000-01-03 00:00:00+00:00,inference-2026-08-20T16-49-50Z-2025-06-05,timeseries.json,Phyto_Centrics,146.46398230198426,4.02086583611754,3.56748284201282e-14,625.1014066316567
2000-01-03 00:00:00+00:00,inference-2026-08-20T16-49-50Z-2025-06-05,timeseries.json,Tripos,1200.6176381396008,30.57395286403433,6.930425896639317e-18,7115.209984177464
2000-01-03 00:00:00+00:00,inference-2026-08-20T16-49-50Z-2025-06-05,timeseries.json,bubbles,1242.9571365451372,115.09934873598712,4.8614455954786285e-31,7165.752731874217
2000-01-03 00:00:00+00:00,inference-2026-08-20T16-49-50Z-2025-06-05,timeseries.json,copepods,404.19793906628354,0.020644868700294722,9.21589329804934e-32,1484.1719866162648
2000-01-03 00:00:00+00:00,inference-2026-08-20T16-49-50Z-2025-06-05,timeseries.json,fish_eggs,2059.9600577389947,0.35446385991766033,2.9079337033162337e-53,7136.095020000193
2000-01-03 00:00:00+00:00,inference-2026-08-20T16-49-50Z-2025-06-05,timeseries.json,fish_larvae,716.3462226101892,0.07281438075716538,5.040400414730101e-35,7052.309863444785
2000-01-03 00:00:00+00:00,inference-2026-08-20T16-49-50Z-2025-06-05,timeseries.json,other,1439.0148479544953,7.322738257349462,6.032972221799691e-09,7146.0225669244755
2000-01-04 00:00:00+00:00,inference-2026-08-20T16-49-50Z-2025-06-05,timeseries.json,Noctiluca,27.20505985169404,1.9427873378538014,8.838359731217639e-31,131.72131519404502
2000-01-04 00:00:00+00:00,inference-2026-08-20T16-49-50Z-2025-06-05,timeseries.json,Phyto_Centrics,36.36540676109386,2.7059244764157633,4.307769097083691e-17,135.25126766860782
2000-01-04 00:00:00+00:00,inference-2026-08-20T16-49-50Z-2025-06-05,timeseries.json,Tripos,16.288280045938368,0.17872399500960284,3.097485291725421e-25,94.6162056239396
2000-01-04 00:00:00+00:00,inference-2026-08-20T16-49-50Z-2025-06-05,timeseries.json,bubbles,46.30965028683983,44.899808387692104,5.210854221688965e-26,139.33947623886183
2000-01-04 00:00:00+00:00,inference-2026-08-20T16-49-50Z-2025-06-05,timeseries.json,copepods,16.35909457968075,0.0020815746491621694,4.195248111802585e-36,132.11500267821307
2000-01-04 00:00:00+00:00,inference-2026-08-20T16-49-50Z-2025-06-05,timeseries.json,fish_eggs,21.316903867382003,9.846322512155141e-05,3.6145304751115035e-114,133.54643366042285
2000-01-04 00:00:00+00:00,inference-2026-08-20T16-49-50Z-2025-06-05,timeseries.json,fish_larvae,10.818096165359224,0.003746513628295831,6.6906625584646965e-31,126.27482548497912
2000-01-04 00:00:00+00:00,inference-2026-08-20T16-49-50Z-2025-06-05,timeseries.json,other,15.337508442011764,0.052679788723565824,2.0717914244375004e-11,133.67433779510753
2000-01-05 00:00:00+00:00,inference-2026-08-20T16-49-50Z-2025-06-05,timeseries.json,Noctiluca,23.833850279179334,2.920201792565215,8.037016961258306e-43,164.01711840667411
2000-01-05 00:00:00+00:00,inference-2026-08-20T16-49-50Z-2025-06-05,timeseries.json,Phyto_Centrics,37.00003830726113,1.0082187782658716,1.0766835616989046e-10,165.2300677111071
2000-01-05 00:00:00+00:00,inference-2026-08-20T16-49-50Z-2025-06-05,timeseries.json,Tripos,12.119470390926033,0.012485625375433759,1.6649516867808286e-29,55.109598242440626
2000-01-05 00:00:00+00:00,inference-2026-08-20T16-49-50Z-2025-06-05,timeseries.json,bubbles,46.01720493726417,19.536514727347424,1.2241024610911837e-39,170.80564017295862
2000-01-05 00:00:00+00:00,inference-2026-08-20T16-49-50Z-2025-06-05,timeseries.json,copepods,17.51622600148871,0.00022009990247903684,7.974023208871972e-34,161.55334139450198
2000-01-05 00:00:00+00:00,inference-2026-08-20T16-49-50Z-2025-06-05,timeseries.json,fish_eggs,24.484554109487238,1.1049222968225267e-05,2.045640422614268e-80,164.18909036755974
2000-01-05 00:00:00+00:00,inference-2026-08-20T16-49-50Z-2025-06-05,timeseries.json,fish_larvae,12.564143995908225,0.0019757258821127416,1.0951949372203221e-34,137.33440379414415
2000-01-05 00:00:00+00:00,inference-2026-08-20T16-49-50Z-2025-06-05,timeseries.json,other,17.46451197848514,0.034350179726527555,2.3387657295672344e-10,163.12838630646542
2000-01-06 00:00:00+00:00,inference-2026-08-20T16-49-50Z-2025-06-05,timeseries.json,Noctiluca,21.194617510775835,3.4541238509580303,2.2877963095698835e-44,133.66780432420236
2000-01-06 00:00:00+00:00,inference-2026-08-20T16-49-50Z-2025-06-05,timeseries.json,Phyto_Centrics,31.880354345490012,4.25346804674067,2.309558290476684e-10,135.88523595476664
2000-01-06 00:00:00+00:00,inference-2026-08-20T16-49-50Z-2025-06-05,timeseries.json,Tripos,12.93535004846695,0.43955866440402347,8.30010120260904e-21,67.54622263241347
2000-01-06 00:00:00+00:00,inference-2026-08-20T16-49-50Z-2025-06-05,timeseries.json,bubbles,35.80703490928029,12.955604643605643,6.480016155636526e-29,140.41011233145025
2000-01-06 00:00:00+00:00,inference-2026-08-20T16-49-50Z-2025-06-05,timeseries.json,copepods,14.61505283748511,0.0008854282384600458,1.8287403090005935e-41,129.36151862471664
2000-01-06 00:00:00+00:00,inference-2026-08-20T16-49-50Z-2025-06-05,timeseries.json,fish_eggs,19.550124671376416,0.0006229079616645118,6.232434442688238e-74,131.95773993744316
2000-01-06 00:00:00+00:00,inference-2026-08-20T16-49-50Z-2025-06-05,timeseries.json,fish_larvae,12.678110237694206,0.003250737256075258,2.899393869041736e-40,125.5425673587845
2000-01-06 00:00:00+00:00,inference-2026-08-20T16-49-50Z-2025-06-05,timeseries.json,other,16.339355439431145,0.20311079488624928,1.9806233181611487e-10,133.37671580607665
2000-01-07 00:00:00+00:00,inference-2026-08-20T16-49-50Z-2025-06-05,timeseries.json,Noctiluca,30.40711268394049,27.456369324426998,5.25065080892541e-53,85.07011525564928
2000-01-07 00:00:00+00:00,inference-2026-08-20T16-49-50Z-2025-06-05,timeseries.json,Phyto_Centrics,25.208124606932692,0.6549122162317575,4.5606904316071916e-18,87.00986185689571
2000-01-07 00:00:00+00:00,inference-2026-08-20T16-49-50Z-2025-06-05,timeseries.json,Tripos,15.10445350692448,0.0726792603386938,5.099126883377602e-25,61.520338654092306
2000-01-07 00:00:00+00:00,inference-2026-08-20T16-49-50Z-2025-06-05,timeseries.json,bubbles,33.85087430506812,16.165108073393938,3.46598331553722e-29,89.08796758542898
2000-01-07 00:00:00+00:00,inference-2026-08-20T16-49-50Z-2025-06-05,timeseries.json,copepods,10.785918319285802,0.0009028784159794997,7.809859933540916e-35,84.16989743888497
2000-01-07 00:00:00+00:00,inference-2026-08-20T16-49-50Z-2025-06-05,timeseries.json,fish_eggs,13.012943585855071,4.640094213707982e-05,1.9022943727137664e-87,84.38842291955262
2000-01-07 00:00:00+00:00,inference-2026-08-20T16-49-50Z-2025-06-05,timeseries.json,fish_larvae,6.267291502082008,0.0007537884265964815,1.2236394961901833e-33,75.85887526019013
2000-01-07 00:00:00+00:00,inference-2026-08-20T16-49-50Z-2025-06-05,timeseries.json,other,9.363281489911243,0.0166121957259003,6.775458234598736e-12,85.02663708945934
2000-01-08 00:00:00+00:00,inference-2026-08-20T16-49-50Z-2025-06-05,timeseries.json,Noctiluca,22.532178231517605,2.5191931123251705,5.819925141696585e-34,126.26796050560328
2000-01-08 00:00:00+00:00,inference-2026-08-20T16-49-50Z-2025-06-05,timeseries.json,Phyto_Centrics,30.813455257101023,2.4196464274107012,2.2159318022579602e-13,125.81210615235328
2000-01-08 00:00:00+00:00,inference-2026-08-20T16-49-50Z-2025-06-05,timeseries.json,Tripos,13.56358942187469,0.06651898090108298,9.990400207268229e-21,45.304130860185566
2000-01-08 00:00:00+00:00,inference-2026-08-20T16-49-50Z-2025-06-05,timeseries.json,bubbles,40.10181225399109,23.180988338587724,1.6189560790532362e-25,132.31465253048717
2000-01-08 00:00:00+00:00,inference-2026-08-20T16-49-50Z-2025-06-05,timeseries.json,copepods,13.444963637129122,0.012876956797056912,3.9251471383421395e-33,117.65586045356196
2000-01-08 00:00:00+00:00,inference-2026-08-20T16-49-50Z-2025-06-05,timeseries.json,fish_eggs,18.11756022365795,0.00011411918541874138,1.5626159910062712e-61,122.9686101335832
2000-01-08 00:00:00+00:00,inference-2026-08-20T16-49-50Z-2025-06-05,timeseries.json,fish_larvae,8.937415524694506,0.002439226766237231,2.76756510527275e-37,91.64340664035927
2000-01-08 00:00:00+00:00,inference-2026-08-20T16-49-50Z-2025-06-05,timeseries.json,other,18.48902545003397,0.3904150596225945,8.84022708647012e-10,126.62288534861989
2000-01-09 00:00:00+00:00,inference-2026-08-20T16-49-50Z-2025-06-05,timeseries.json,Noctiluca,21.53422086581109,3.8757261151993125,2.112338869419718e-27,115.9172527527926
2000-01-09 00:00:00+00:00,inference-2026-08-20T16-49-50Z-2025-06-05,timeseries.json,Phyto_Centrics,31.195792084327515,4.121746758885616,2.254280739579487e-15,132.98744461761098
2000-01-09 00:00:00+00:00,inference-2026-08-20T16-49-50Z-2025-06-05,timeseries.json,Tripos,12.859658511114151,0.05570113415760848,2.3185505976098736e-22,56.39624559872114
2000-01-09 00:00:00+00:00,inference-2026-08-20T16-49-50Z-2025-06-05,timeseries.json,bubbles,40.415502019729324,29.775913747645394,4.658684219711947e-28,139.50064011348184
2000-01-09 00:00:00+00:00,inference-2026-08-20T16-49-50Z-2025-06-05,timeseries.json,copepods,15.282207667288828,0.08253232640813453,3.1968790356416616e-23,111.38171009574481
2000-01-09 00:00:00+00:00,inference-2026-08-20T16-49-50Z-2025-06-05,timeseries.json,fish_eggs,18.74986956575226,1.0423107114215135e-05,7.33137420381894e-97,130.68739098847493
2000-01-09 00:00:00+00:00,inference-2026-08-20T16-49-50Z-2025-06-05,timeseries.json,fish_larvae,9.61412191746966,0.007531796132577417,1.8144156582351808e-55,88.60364196370958
2000-01-09 00:00:00+00:00,inference-2026-08-20T16-49-50Z-2025-06-05,timeseries.json,other,22.348627368507103,0.7928367961175236,1.4157053292155239e-08,126.41666520618234
2000-01-10 00:00:00+00:00,inference-2026-08-20T16-49-50Z-2025-06-05,timeseries.json,Noctiluca,26.614281078449384,21.715254291030675,7.6151291165157e-39,91.3296705198261
2000-01-10 00:00:00+00:00,inference-2026-08-20T16-49-50Z-2025-06-05,timeseries.json,Phyto_Centrics,34.61877801236357,11.352355507795819,7.972287771250099e-08,109.17329246502355
2000-01-10 00:00:00+00:00,inference-2026-08-20T16-49-50Z-2025-06-05,timeseries.json,Tripos,23.18677797619676,3.4747260667175093,2.855189197253155e-18,97.83036027488764
2000-01-10 00:00:00+00:00,inference-2026-08-20T16-49-50Z-2025-06-05,timeseries.json,bubbles,30.846214487587467,11.688885077947573,3.644768030703335e-34,107.38003064828736
2000-01-10 00:00:00+00:00,inference-2026-08-20T16-49-50Z-2025-06-05,timeseries.json,copepods,16.124749375085635,0.010283581438327343,2.8995613488111734e-32,95.19631279239606
2000-01-10 00:00:00+00:00,inference-2026-08-20T16-49-50Z-2025-06-05,timeseries.json,fish_eggs,23.274640152075843,0.0023561417167809193,5.0186802643926086e-175,101.72754743275358
2000-01-10 00:00:00+00:00,inference-2026-08-20T16-49-50Z-2025-06-05,timeseries.json,fish_larvae,30.205398003475548,1.3792559310411596,1.3714895856950237e-17,112.08056436103121
2000-01-10 00:00:00+00:00,inference-2026-08-20T16-49-50Z-2025-06-05,timeseries.json,other,24.129160914765727,0.6967940145699483,2.7372987404958673e-09,102.52035855442573
2000-01-11 00:00:00+00:00,inference-2026-08-20T16-49-50Z-2025-06-05,timeseries.json,Noctiluca,22.10913110742513,1.8481397184562907,4.879922319927439e-46,157.02286403055663
2000-01-11 00:00:00+00:00,inference-2026-08-20T16-49-50Z-2025-06-05,timeseries.json,Phyto_Centrics,34.94542992998839,1.5813414365713,4.365727525158228e-14,155.53364924445347
2000-01-11 00:00:00+00:00,inference-2026-08-20T16-49-50Z-2025-06-05,timeseries.json,Tripos,12.916826225286595,0.24600357422794134,2.090961795504524e-30,56.947297282118484
2000-01-11 00:00:00+00:00,inference-2026-08-20T16-49-50Z-2025-06-05,timeseries.json,bubbles,42.55441770255212,18.888070586521224,1.1111917443941745e-36,164.21512591438432
2000-01-11 00:00:00+00:00,inference-2026-08-20T16-49-50Z-2025-06-05,timeseries.json,copepods,17.0286290188423,0.0009787437190294278,1.2707563391500415e-33,154.0309909861223
2000-01-11 00:00:00+00:00,inference-2026-08-20T16-49-50Z-2025-06-05,timeseries.json,fish_eggs,23.927571142043806,0.0001273260213917268,1.670447535356486e-66,158.10885231458647
2000-01-11 00:00:00+00:00,inference-2026-08-20T16-49-50Z-2025-06-05,timeseries.json,fish_larvae,13.223611317628048,0.01702612900401005,1.7193144808452814e-38,134.00795391648936
2000-01-11 00:00:00+00:00,inference-2026-08-20T16-49-50Z-2025-06-05,timeseries.json,other,18.294383556233495,0.08712435013132185,3.591680916745431e-11,155.72036141075702
2000-01-12 00:00:00+00:00,inference-2026-08-20T16-49-50Z-2025-06-06,timeseries.json,Noctiluca,1859.6906220541398,132.20683681516056,7.425062598833206e-33,7772.1771100179
2000-01-12 00:00:00+00:00,inference-2026-08-20T16-49-50Z-2025-06-06,timeseries.json,Phyto_Centrics,3341.220612028784,3221.6532097013032,8.936378964743288e-16,7806.616136410112
2000-01-12 00:00:00+00:00,inference-2026-08-20T16-49-50Z-2025-06-06,timeseries.json,Tripos,1985.4162091286607,1.0382444251952396,1.06569392265626e-29,7702.02309138281
2000-01-12 00:00:00+00:00,inference-2026-08-20T16-49-50Z-2025-06-06,timeseries.json,bubbles,619.6374782669059,0.09907228568586704,1.2398141500349422e-42,3362.9739665912703
2000-01-12 00:00:00+00:00,inference-2026-08-20T16-49-50Z-2025-06-06,timeseries.json,copepods,9.680807037441639,9.555209970522567e-05,3.1201999784535083e-38,6.642721723743306
2000-01-12 00:00:00+00:00,inference-2026-08-20T16-49-50Z-2025-06-06,timeseries.json,fish_eggs,0.9382705861455495,6.395943291345209e-06,1.0648240636791815e-74,4.603436962635258
2000-01-12 00:00:00+00:00,inference-2026-08-20T16-49-50Z-2025-06-06,timeseries.json,fish_larvae,1.088479806940879,0.001050184688704,4.696567804455137e-47,7.327317274957336
2000-01-12 00:00:00+00:00,inference-2026-08-20T16-49-50Z-2025-06-06,timeseries.json,other,1.3275210909836688,0.03691921797900886,2.9306625130284957e-11,8.318744459762353
2000-01-13 00:00:00+00:00,inference-2026-08-20T16-49-50Z-2025-06-06,timeseries.json,Noctiluca,604.194730889543,56.46026593597617,4.866421214328742e-21,1935.4448191310883
2000-01-13 00:00:00+00:00,inference-2026-08-20T16-49-50Z-2025-06-06,timeseries.json,Phyto_Centrics,502.258129178502,21.57158856392988,4.389123507781141e-14,2083.9339207087887
2000-01-13 00:00:00+00:00,inference-2026-08-20T16-49-50Z-2025-06-06,timeseries.json,Tripos,406.93577238936945,0.284986614852627,2.624850990123034e-21,2088.525820568405
2000-01-13 00:00:00+00:00,inference-2026-08-20T16-49-50Z-2025-06-06,timeseries.json,bubbles,506.23658689089143,0.22370960550710234,3.662715573614027e-44,2070.018134480023
2000-01-13 00:00:00+00:00,inference-2026-08-20T16-49-50Z-2025-06-06,timeseries.json,copepods,70.86848316922969,3.168487680675474e-05,4.4511806143328586e-38,27.75229356079209
2000-01-13 00:00:00+00:00,inference-2026-08-20T16-49-50Z-2025-06-06,timeseries.json,fish_eggs,0.5909349949323434,1.3154189292921903e-05,1.4480460579230592e-80,4.309641044865291
2000-01-13 00:00:00+00:00,inference-2026-08-20T16-49-50Z-2025-06-06,timeseries.json,fish_larvae,1.0307000702472566,0.00210231839237442,2.1765042967594793e-43,6.075377559321191
2000-01-13 00:00:00+00:00,inference-2026-08-20T16-49-50Z-2025-06-06,timeseries.json,other,1.8846624172846274,0.07286087250366277,6.962455280055531e-10,8.411350596481762
2000-01-14 00:00:00+00:00,inference-2026-08-20T16-49-50Z-2025-06-06,timeseries.json,Noctiluca,31.45297647741326,4.009840430555405,4.972076108184968e-41,91.62892774750433
2000-01-14 00:00:00+00:00,inference-2026-08-20T16-49-50Z-2025-06-06,timeseries.json,Phyto_Centrics,40.341798741417655,13.871068593721493,4.004412993292605e-15,134.35891017200086
2000-01-14 00:00:00+00:00,inference-2026-08-20T16-49-50Z-2025-06-06,timeseries.json,Tripos,37.27204762932882,1.0219362038274185,9.138424357576139e-25,166.90850891321628
2000-01-14 00:00:00+00:00,inference-2026-08-20T16-49-50Z-2025-06-06,timeseries.json,bubbles,39.05041676724438,3.250326957663667,3.0032502250083435e-62,103.88608654840769
2000-01-14 00:00:00+00:00,inference-2026-08-20T16-49-50Z-2025-06-06,timeseries.json,copepods,23.73103655505502,0.08501746387472521,2.2107385978779217e-43,119.27608227516323
2000-01-14 00:00:00+00:00,inference-2026-08-20T16-49-50Z-2025-06-06,timeseries.json,fish_eggs,18.919638683312254,0.0005729645399143947,2.08969545280905e-108,118.06252861259064
2000-01-14 00:00:00+00:00,inference-2026-08-20T16-49-50Z-2025-06-06,timeseries.json,fish_larvae,40.644921264694354,0.2531169252407519,4.4373855756563665e-28,165.18571267973064
2000-01-14 00:00:00+00:00,inference-2026-08-20T16-49-50Z-2025-06-06,timeseries.json,other,42.587163881534416,4.656694617697091,5.137883857668224e-09,177.86435570776715
2000-01-15 00:00:00+00:00,inference-2026-08-20T16-49-50Z-2025-06-06,timeseries.json,Noctiluca,14.54272929188417,0.09510895106502582,1.1876634844787755e-43,131.36811021171013
2000-01-15 00:00:00+00:00,inference-2026-08-20T16-49-50Z-2025-06-06,timeseries.json,Phyto_Centrics,34.86358150249616,0.1733110733458348,3.395691364300321e-16,187.5899106405026
2000-01-15 00:00:00+00:00,inference-2026-08-20T16-49-50Z-2025-06-06,timeseries.json,Tripos,24.174808917201293,0.27285963265875235,1.3749117261379572e-32,135.99175292881353
2000-01-15 00:00:00+00:00,inference-2026-08-20T16-49-50Z-2025-06-06,timeseries.json,bubbles,33.43360066714848,0.5682486622248937,8.88283038498142e-47,176.24747578455248
2000-01-15 00:00:00+00:00,inference-2026-08-20T16-49-50Z-2025-06-06,timeseries.json,copepods,22.44952509610803,0.04333712442375791,1.930617599755661e-40,134.25709138776557
2000-01-15 00:00:00+00:00,inference-2026-08-20T16-49-50Z-2025-06-06,timeseries.json,fish_eggs,23.093350646923984,0.0002852644423077168,5.217788178240247e-59,127.27304150153498
2000-01-15 00:00:00+00:00,inference-2026-08-20T16-49-50Z-2025-06-06,timeseries.json,fish_larvae,39.460240420723615,0.6023848797765887,2.885629523124772e-37,150.41228994349342
2000-01-15 00:00:00+00:00,inference-2026-08-20T16-49-50Z-2025-06-06,timeseries.json,other,42.9821634575143,7.041633311604843,1.5891807652046974e-08,156.61040432661923
2000-01-16 00:00:00+00:00,inference-2026-08-20T16-49-50Z-2025-06-06,timeseries.json,Noctiluca,16.53955001890679,0.08321876101458663,3.088482412777088e-25,159.27395535090213
2000-01-16 00:00:00+00:00,inference-2026-08-20T16-49-50Z-2025-06-06,timeseries.json,Phyto_Centrics,46.58709088395682,0.1327048329889396,1.4028627517973756e-14,230.64306551301155
2000-01-16 00:00:00+00:00,inference-2026-08-20T16-49-50Z-2025-06-06,timeseries.json,Tripos,23.320250846951158,0.03285640774331116,3.4989254622635655e-30,148.11738088380218
2000-01-16 00:00:00+00:00,inference-2026-08-20T16-49-50Z-2025-06-06,timeseries.json,bubbles,38.137444631856695,0.2838881811404208,3.5430181543072753e-43,193.28335571459772
2000-01-16 00:00:00+00:00,inference-2026-08-20T16-49-50Z-2025-06-06,timeseries.json,copepods,30.50753134734153,0.07656878405288145,5.80294429984906e-38,176.0154608147814
2000-01-16 00:00:00+00:00,inference-2026-08-20T16-49-50Z-2025-06-06,timeseries.json,fish_eggs,31.276658855527316,0.0004958630699365359,1.2454546553687704e-62,182.23346457722306
2000-01-16 00:00:00+00:00,inference-2026-08-20T16-49-50Z-2025-06-06,timeseries.json,fish_larvae,38.655522316497716,0.0922665055812308,2.387978593136663e-31,182.21387891579855
2000-01-16 00:00:00+00:00,inference-2026-08-20T16-49-50Z-2025-06-06,timeseries.json,other,52.97595109896197,10.373705987943545,4.742491531378923e-09,205.98666115589344
2000-01-17 00:00:00+00:00,inference-2026-08-20T16-49-50Z-2025-06-06,timeseries.json,Noctiluca,82.94489179857703,0.32927940496594266,4.097580664892687e-53,702.775930349259
2000-01-17 00:00:00+00:00,inference-2026-08-20T16-49-50Z-2025-06-06,timeseries.json,Phyto_Centrics,211.33146695218593,0.9086437968876502,5.222705130345231e-12,896.0728158045229
2000-01-17 00:00:00+00:00,inference-2026-08-20T16-49-50Z-2025-06-06,timeseries.json,Tripos,244.01763133416853,0.39662110410568296,5.903695317913374e-20,1402.0119995747255
2000-01-17 00:00:00+00:00,inference-2026-08-20T16-49-50Z-2025-06-06,timeseries.json,bubbles,163.5745988774115,0.5056849992408847,8.555407106725869e-37,783.5966732058941
2000-01-17 00:00:00+00:00,inference-2026-08-20T16-49-50Z-2025-06-06,timeseries.json,copepods,211.18813366737916,0.3038236847396458,1.7798450827932655e-33,1160.737770436383
2000-01-17 00:00:00+00:00,inference-2026-08-20T16-49-50Z-2025-06-06,timeseries.json,fish_eggs,200.47786742426624,0.0026570770065447316,4.724272372643162e-82,1138.9647890057781
2000-01-17 00:00:00+00:00,inference-2026-08-20T16-49-50Z-2025-06-06,timeseries.json,fish_larvae,454.2815245602763,21.709348537691405,3.280611407004263e-43,1417.8780535518456
2000-01-17 00:00:00+00:00,inference-2026-08-20T16-49-50Z-2025-06-06,timeseries.json,other,463.1838853857357,184.6459712028058,1.4959396024309285e-08,1483.2533273424024
2000-01-18 00:00:00+00:00,inference-2026-08-20T16-49-50Z-2025-06-06,timeseries.json,Noctiluca,2999.742297579189,3049.241825426363,2.0187486666067147e-36,7505.341552601868
2000-01-18 00:00:00+00:00,inference-2026-08-20T16-49-50Z-2025-06-06,timeseries.json,Phyto_Centrics,3173.5442843849482,3511.3775037003206,2.888517524153062e-11,7900.224863247803
2000-01-18 00:00:00+00:00,inference-2026-08-20T16-49-50Z-2025-06-06,timeseries.json,Tripos,2149.412822760959,14.964305550527943,9.883286435921388e-30,7240.801675522731
2000-01-18 00:00:00+00:00,inference-2026-08-20T16-49-50Z-2025-06-06,timeseries.json,bubbles,1756.755228421597,0.3254974486214242,1.7782472213123858e-95,6447.760347658003
2000-01-18 00:00:00+00:00,inference-2026-08-20T16-49-50Z-2025-06-06,timeseries.json,copepods,134.33434004527638,0.09259651312865218,1.340568896775774e-31,74.44521938740847
2000-01-18 00:00:00+00:00,inference-2026-08-20T16-49-50Z-2025-06-06,timeseries.json,fish_eggs,3.8361791360714452,1.985369577693814e-05,1.270721713289717e-74,28.929975871694598
2000-01-18 00:00:00+00:00,inference-2026-08-20T16-49-50Z-2025-06-06,timeseries.json,fish_larvae,8.640011294412314,0.015474226297527123,4.181696579443428e-25,49.55284904301001
2000-01-18 00:00:00+00:00,inference-2026-08-20T16-49-50Z-2025-06-06,timeseries.json,other,8.734836377538311,0.30544300859126905,7.555445446478137e-10,39.500251734589185
2000-01-19 00:00:00+00:00,inference-2026-08-20T16-49-50Z-2025-06-06,timeseries.json,Noctiluca,2399.6376122717024,248.5160095643088,7.495882803713446e-42,9725.027404880591
2000-01-19 00:00:00+00:00,inference-2026-08-20T16-49-50Z-2025-06-06,timeseries.json,Phyto_Centrics,4168.1744759919475,2785.3577475230336,1.4487325282017077e-17,9949.838907404335
2000-01-19 00:00:00+00:00,inference-2026-08-20T16-49-50Z-2025-06-06,timeseries.json,Tripos,2602.423175381049,92.60189116514346,3.3118502490931026e-20,9882.137797758085
2000-01-19 00:00:00+00:00,inference-2026-08-20T16-49-50Z-2025-06-06,timeseries.json,bubbles,829.3199111950178,20.386903921429923,3.3021241286634807e-44,6091.293991957157
2000-01-19 00:00:00+00:00,inference-2026-08-20T16-49-50Z-2025-06-06,timeseries.json,copepods,76.52252558864586,0.41448639101829415,2.0011537203426796e-32,202.85009671322047
2000-01-19 00:00:00+00:00,inference-2026-08-20T16-49-50Z-2025-06-06,timeseries.json,fish_eggs,24.325174505685276,0.000211526700229567,2.9106743340940464e-75,155.49148496855491
2000-01-19 00:00:00+00:00,inference-2026-08-20T16-49-50Z-2025-06-06,timeseries.json,fish_larvae,44.62310405609064,0.25444231576295573,2.2834986185494497e-27,201.32541309651765
2000-01-19 00:00:00+00:00,inference-2026-08-20T16-49-50Z-2025-06-06,timeseries.json,other,55.974021009854475,14.14877748964638,3.2656360875381034e-10,208.34991307339644
2000-01-20 00:00:00+00:00,inference-2026-08-20T16-49-50Z-2025-06-06,timeseries.json,Noctiluca,870.014797548452,732.9654738227484,6.682631525215043e-37,2468.893873303228
2000-01-20 00:00:00+00:00,inference-2026-08-20T16-49-50Z-2025-06-06,timeseries.json,Phyto_Centrics,1126.6645682738138,1161.724450496789,3.2434972205922284e-19,3114.9203201639652
2000-01-20 00:00:00+00:00,inference-2026-08-20T16-49-50Z-2025-06-06,timeseries.json,Tripos,710.1045002506812,4.809302849093703,1.0834081800811499e-19,2541.946011951561
2000-01-20 00:00:00+00:00,inference-2026-08-20T16-49-50Z-2025-06-06,timeseries.json,bubbles,489.60364928089746,0.25782768066397355,2.5290307037520208e-42,2089.8815446310905
2000-01-20 00:00:00+00:00,inference-2026-08-20T16-49-50Z-2025-06-06,timeseries.json,copepods,55.93275628487172,0.0005604019682597554,4.894006186530946e-44,35.00998429943411
2000-01-20 00:00:00+00:00,inference-2026-08-20T16-49-50Z-2025-06-06,timeseries.json,fish_eggs,1.4996273095993176,1.0788644286528221e-05,4.156903661735665e-94,10.252538052044386
2000-01-20 00:00:00+00:00,inference-2026-08-20T16-49-50Z-2025-06-06,timeseries.json,fish_larvae,2.663363447710529,0.0013435031660848679,9.469927846762562e-37,16.65422776118939
2000-01-20 00:00:00+00:00,inference-2026-08-20T16-49-50Z-2025-06-06,timeseries.json,other,3.516737603975796,0.17659594107080606,3.2638391545340324e-11,17.589974329671453
2000-01-21 00:00:00+00:00,inference-2026-08-20T16-49-50Z-2025-06-06,timeseries.json,Noctiluca,64.48967839736312,32.695695374670265,6.156417270843126e-45,150.76190092547512
2000-01-21 00:00:00+00:00,inference-2026-08-20T16-49-50Z-2025-06-06,timeseries.json,Phyto_Centrics,69.39222930249494,22.5229438839338,2.0156921357781136e-11,208.41693368256242
2000-01-21 00:00:00+00:00,inference-2026-08-20T16-49-50Z-2025-06-06,timeseries.json,Tripos,44.304197196222944,5.766478785501802,3.681494909977313e-21,148.91478929380867
2000-01-21 00:00:00+00:00,inference-2026-08-20T16-49-50Z-2025-06-06,timeseries.json,bubbles,75.03580637254326,74.54017933458992,1.011494972526918e-62,183.58189336232442
2000-01-21 00:00:00+00:00,inference-2026-08-20T16-49-50Z-2025-06-06,timeseries.json,copepods,35.81781351807462,0.016698632267317236,3.588094074333366e-31,189.29062670877397
2000-01-21 00:00:00+00:00,inference-2026-08-20T16-49-50Z-2025-06-06,timeseries.json,fish_eggs,35.81580255014152,0.11094985753803774,8.18699733728214e-77,146.76461150137953
2000-01-21 00:00:00+00:00,inference-2026-08-20T16-49-50Z-2025-06-06,timeseries.json,fish_larvae,36.04736074002958,0.46316467734014094,4.410879856735852e-40,169.41229529317076
2000-01-21 00:00:00+00:00,inference-2026-08-20T16-49-50Z-2025-06-06,timeseries.json,other,52.09711192312983,15.251917663554918,4.128967908951279e-09,188.0588009349401
2000-01-22 00:00:00+00:00,inference-2026-08-20T16-49-50Z-2025-06-06,timeseries.json,Noctiluca,23.758631044222323,1.7447984112394488,9.840254529820312e-32,180.87916880034822
2000-01-22 00:00:00+00:00,inference-2026-08-20T16-49-50Z-2025-06-06,timeseries.json,Phyto_Centrics,47.058060515461875,0.8787330169605343,1.2743288348864933e-13,237.38890856615785
2000-01-22 00:00:00+00:00,inference-2026-08-20T16-49-50Z-2025-06-06,timeseries.json,Tripos,47.189557316598346,2.285012226164584,5.459721040219061e-19,251.97707041225885
2000-01-22 00:00:00+00:00,inference-2026-08-20T16-49-50Z-2025-06-06,timeseries.json,bubbles,57.733972737898746,7.798672460700427,1.1397397993786774e-41,266.81526757338696
2000-01-22 00:00:00+00:00,inference-2026-08-20T16-49-50Z-2025-06-06,timeseries.json,copepods,44.84166643173855,0.08916966511017244,4.587269985215076e-37,225.3609635956344
2000-01-22 00:00:00+00:00,inference-2026-08-20T16-49-50Z-2025-06-06,timeseries.json,fish_eggs,43.66173644386106,7.072511322264557e-05,4.952604191219093e-77,230.48894262817356
2000-01-22 00:00:00+00:00,inference-2026-08-20T16-49-50Z-2025-06-06,timeseries.json,fish_larvae,78.41142513369459,1.554742674552837,2.628124052102685e-36,265.1641179260298
2000-01-22 00:00:00+00:00,inference-2026-08-20T16-49-50Z-2025-06-06,timeseries.json,other,98.34495037652421,26.53434734287663,4.183528047646695e-08,360.2520859384799
2000-01-23 00:00:00+00:00,inference-2026-08-20T16-49-50Z-2025-06-06,timeseries.json,Noctiluca,22.13730914496355,5.319641289582341,1.3980687990090132e-37,139.65601112926336
2000-01-23 00:00:00+00:00,inference-2026-08-20T16-49-50Z-2025-06-06,timeseries.json,Phyto_Centrics,42.66582610890406,3.119472548996476,4.1200079106398965e-16,193.725884493996
2000-01-23 00:00:00+00:00,inference-2026-08-20T16-49-50Z-2025-06-06,timeseries.json,Tripos,40.84514718684565,0.6522808201622374,6.0398970848592415e-24,222.36252941684643
2000-01-23 00:00:00+00:00,inference-2026-08-20T16-49-50Z-2025-06-06,timeseries.json,bubbles,51.52968614507111,13.668559903704185,8.111280679732368e-36,257.775131356012
2000-01-23 00:00:00+00:00,inference-2026-08-20T16-49-50Z-2025-06-06,timeseries.json,copepods,36.10554080398969,0.14158374898076945,6.22802929518719e-39,190.4547180300129
2000-01-23 00:00:00+00:00,inference-2026-08-20T16-49-50Z-2025-06-06,timeseries.json,fish_eggs,35.63816703031818,9.294267505963068e-05,4.994166350419001e-93,202.75665214181933
2000-01-23 00:00:00+00:00,inference-2026-08-20T16-49-50Z-2025-06-06,timeseries.json,fish_larvae,63.38903410103013,0.8564405010411348,5.895303981226796e-35,222.29583286807497
2000-01-23 00:00:00+00:00,inference-2026-08-20T16-49-50Z-2025-06-06,timeseries.json,other,86.68928947887751,14.422132179574596,2.514924136258186e-10,298.4140260019205
2000-01-24 00:00:00+00:00,inference-2026-08-20T16-49-50Z-2025-06-06,timeseries.json,Noctiluca,17.080905979425,0.6149779827871918,3.4193859937170323e-35,123.79996522543634
2000-01-24 00:00:00+00:00,inference-2026-08-20T16-49-50Z-2025-06-06,timeseries.json,Phyto_Centrics,46.239305590133014,0.49474707561289166,3.053377498011413e-14,275.40710526655926
2000-01-24 00:00:00+00:00,inference-2026-08-20T16-49-50Z-2025-06-06,timeseries.json,Tripos,42.90399427250127,0.17979754397483816,2.410796623755389e-24,273.81168707900116
2000-01-24 00:00:00+00:00,inference-2026-08-20T16-49-50Z-2025-06-06,timeseries.json,bubbles,43.48857532612337,1.1615041954897138,1.794286425119178e-38,242.1692303776457
2000-01-24 00:00:00+00:00,inference-2026-08-20T16-49-50Z-2025-06-06,timeseries.json,copepods,48.24886562280516,0.3936500808044003,2.5721808846871865e-29,247.5343815337826
2000-01-24 00:00:00+00:00,inference-2026-08-20T16-49-50Z-2025-06-06,timeseries.json,fish_eggs,37.19102491370295,0.008047187809607231,6.424476499520333e-82,228.30298233661136
2000-01-24 00:00:00+00:00,inference-2026-08-20T16-49-50Z-2025-06-06,timeseries.json,fish_larvae,65.89715112746205,0.30919439479231037,3.5597439140762506e-37,299.1197013160281
2000-01-24 00:00:00+00:00,inference-2026-08-20T16-49-50Z-2025-06-06,timeseries.json,other,108.9501771678471,39.201728291331094,1.3906609662265191e-11,360.43766537594036
2000-01-25 00:00:00+00:00,inference-2026-08-20T16-49-50Z-2025-06-06,timeseries.json,Noctiluca,18.182103585679997,0.2743604778077531,9.362302649090644e-46,141.5987997283173
2000-01-25 00:00:00+00:00,inference-2026-08-20T16-49-50Z-2025-06-06,timeseries.json,Phyto_Centrics,44.14529137410716,0.2991409926881935,1.005671213648851e-15,236.21637093900142
2000-01-25 00:00:00+00:00,inference-2026-08-20T16-49-50Z-2025-06-06,timeseries.json,Tripos,25.572085529533414,0.753711164072569,1.4379441409144561e-18,141.1756859092345
2000-01-25 00:00:00+00:00,inference-2026-08-20T16-49-50Z-2025-06-06,timeseries.json,bubbles,47.210946953380514,2.4981492124544085,7.386356981602852e-48,182.9196079931762
2000-01-25 00:00:00+00:00,inference-2026-08-20T16-49-50Z-2025-06-06,timeseries.json,copepods,26.103285631553234,0.023547515131929056,4.511125961189099e-36,160.1836511107965
2000-01-25 00:00:00+00:00,inference-2026-08-20T16-49-50Z-2025-06-06,timeseries.json,fish_eggs,63.45293253002268,37.17370305426404,5.186451518184281e-97,186.3264788087453
2000-01-25 00:00:00+00:00,inference-2026-08-20T16-49-50Z-2025-06-06,timeseries.json,fish_larvae,36.54833142661386,0.5183600067162406,1.281108702169569e-25,178.2810136942214
2000-01-25 00:00:00+00:00,inference-2026-08-20T16-49-50Z-2025-06-06,timeseries.json,other,55.785022969109285,18.624920236007895,1.024311609184832e-08,210.45790093724275
2000-01-26 00:00:00+00:00,inference-2026-08-20T16-49-50Z-2025-06-06,timeseries.json,Noctiluca,986.5338188397272,192.89398526253714,4.718238719727448e-37,3036.8598400998876
2000-01-26 00:00:00+00:00,inference-2026-08-20T16-49-50Z-2025-06-06,timeseries.json,Phyto_Centrics,940.0347900816323,265.22449650726685,6.36402465570429e-14,3026.512407484813
2000-01-26 00:00:00+00:00,inference-2026-08-20T16-49-50Z-2025-06-06,timeseries.json,Tripos,772.3469082171223,113.88706490598841,1.1845614409885773e-22,3072.634557906708
2000-01-26 00:00:00+00:00,inference-2026-08-20T16-49-50Z-2025-06-06,timeseries.json,bubbles,570.1316838081333,157.82438866194065,1.161681188544417e-13,3046.082612580407
2000-01-26 00:00:00+00:00,inference-2026-08-20T16-49-50Z-2025-06-06,timeseries.json,copepods,64.97511075338191,0.1717951246126337,1.9057460328391385e-49,302.4990416708536
2000-01-26 00:00:00+00:00,inference-2026-08-20T16-49-50Z-2025-06-06,timeseries.json,fish_eggs,65.18031711247686,0.03882495024341481,1.3294223310982594e-83,304.0444105386261
2000-01-26 00:00:00+00:00,inference-2026-08-20T16-49-50Z-2025-06-06,timeseries.json,fish_larvae,88.02869368332506,0.3469696492899522,5.598509613156843e-30,398.412520440258
2000-01-26 00:00:00+00:00,inference-2026-08-20T16-49-50Z-2025-06-06,timeseries.json,other,182.76867750420143,158.16104247570567,3.988168756041163e-07,485.3638033647755
2000-01-27 00:00:00+00:00,inference-2026-08-20T16-49-50Z-2025-06-06,timeseries.json,Noctiluca,403.097256709043,222.37873627088922,8.499830852540533e-35,1081.2035867229397
2000-01-27 00:00:00+00:00,inference-2026-08-20T16-49-50Z-2025-06-06,timeseries.json,Phyto_Centrics,260.17926887341326,70.81286525308312,2.7728379873844337e-13,1052.1347669696504
2000-01-27 00:00:00+00:00,inference-2026-08-20T16-49-50Z-2025-06-06,timeseries.json,Tripos,430.6054368962175,17.762381707422403,5.258413703304783e-20,1482.9620201427317
2000-01-27 00:00:00+00:00,inference-2026-08-20T16-49-50Z-2025-06-06,timeseries.json,bubbles,390.4876266421644,103.01106925152816,2.650981067011449e-44,1087.8678066396064
2000-01-27 00:00:00+00:00,inference-2026-08-20T16-49-50Z-2025-06-06,timeseries.json,copepods,311.0802579306731,27.304828917047608,2.1195778933910627e-49,1264.0046757078862
2000-01-27 00:00:00+00:00,inference-2026-08-20T16-49-50Z-2025-06-06,timeseries.json,fish_eggs,142.88277592020515,0.00018978865016332068,1.989362698675003e-69,1209.8424123974758
2000-01-27 00:00:00+00:00,inference-2026-08-20T16-49-50Z-2025-06-06,timeseries.json,fish_larvae,436.97213964775574,15.277558638457661,1.5717282712414858e-38,1498.103065748867
2000-01-27 00:00:00+00:00,inference-2026-08-20T16-49-50Z-2025-06-06,timeseries.json,other,377.6952373805263,57.13809672218335,4.5222237379411216e-08,1490.969819860481
2000-01-28 00:00:00+00:00,inference-2026-08-20T16-49-50Z-2025-06-06,timeseries.json,Noctiluca,290.34271642367946,357.0885692740894,1.390050476403265e-27,601.8909669339106
2000-01-28 00:00:00+00:00,inference-2026-08-20T16-49-50Z-2025-06-06,timeseries.json,Phyto_Centrics,252.50835600169978,70.99653756019075,3.7934131798524786e-10,707.888190586754
2000-01-28 00:00:00+00:00,inference-2026-08-20T16-49-50Z-2025-06-06,timeseries.json,Tripos,309.306621659221,115.76155458556326,2.9148512074891e-17,1284.2339915304863
2000-01-28 00:00:00+00:00,inference-2026-08-20T16-49-50Z-2025-06-06,timeseries.json,bubbles,355.2789172690983,393.80717309123094,1.0040352171074321e-30,781.2415218848793
2000-01-28 00:00:00+00:00,inference-2026-08-20T16-49-50Z-2025-06-06,timeseries.json,copepods,314.55190658341377,16.579873105645746,7.762809250288348e-45,1237.4475736622985
2000-01-28 00:00:00+00:00,inference-2026-08-20T16-49-50Z-2025-06-06,timeseries.json,fish_eggs,236.25087710870875,0.023785492728070276,1.4010798512331813e-72,1308.3072424349734
2000-01-28 00:00:00+00:00,inference-2026-08-20T16-49-50Z-2025-06-06,timeseries.json,fish_larvae,296.18052152302903,4.202654222937646,7.911123224116476e-23,1335.1887181964912
2000-01-28 00:00:00+00:00,inference-2026-08-20T16-49-50Z-2025-06-06,timeseries.json,other,413.58008343114943,156.70468123621146,7.27212892275585e-08,1339.0709328289927
2000-01-29 00:00:00+00:00,inference-2026-08-20T16-49-50Z-2025-06-06,timeseries.json,Noctiluca,118.75683524524898,89.73099577239054,3.109573860012977e-33,315.19817739888566
2000-01-29 00:00:00+00:00,inference-2026-08-20T16-49-50Z-2025-06-06,timeseries.json,Phyto_Centrics,129.46928653489206,107.95254974216144,4.1135710549558725e-09,366.52228830285605
2000-01-29 00:00:00+00:00,inference-2026-08-20T16-49-50Z-2025-06-06,timeseries.json,Tripos,130.62509772519522,88.98116986856247,4.750765557540304e-15,376.90640767845355
2000-01-29 00:00:00+00:00,inference-2026-08-20T16-49-50Z-2025-06-06,timeseries.json,bubbles,99.56487937651339,36.1705040201977,5.94673763679407e-75,347.2361321751204
2000-01-29 00:00:00+00:00,inference-2026-08-20T16-49-50Z-2025-06-06,timeseries.json,copepods,70.20543145151986,0.4764615450994647,2.025051401905772e-35,339.8946014986533
2000-01-29 00:00:00+00:00,inference-2026-08-20T16-49-50Z-2025-06-06,timeseries.json,fish_eggs,97.62048048027941,0.07148754128600626,2.2261197296858442e-64,401.067637110009
2000-01-29 00:00:00+00:00,inference-2026-08-20T16-49-50Z-2025-06-06,timeseries.json,fish_larvae,137.48676230329795,46.53784927135544,5.90132550806351e-26,421.1342385020893
2000-01-29 00:00:00+00:00,inference-2026-08-20T16-49-50Z-2025-06-06,timeseries.json,other,138.2712268830534,93.22625644550186,1.3382204923022268e-06,395.8383174785058
2000-01-30 00:00:00+00:00,inference-2026-08-20T16-49-50Z-2025-06-06,timeseries.json,Noctiluca,6.994090826631761,1.7240268773542193,3.744017817727061e-35,19.79219306682058
2000-01-30 00:00:00+00:00,inference-2026-08-20T16-49-50Z-2025-06-06,timeseries.json,Phyto_Centrics,9.214421121398455,0.11370179274095474,8.611360749527884e-15,62.050272630330674
2000-01-30 00:00:00+00:00,inference-2026-08-20T16-49-50Z-2025-06-06,timeseries.json,Tripos,18.5595483203864,1.310435708292542,1.9501143898424325e-22,101.84037405751327
2000-01-30 00:00:00+00:00,inference-2026-08-20T16-49-50Z-2025-06-06,timeseries.json,bubbles,4.966282886928531,0.22123558152903885,9.84840595959018e-40,16.5704927701433
2000-01-30 00:00:00+00:00,inference-2026-08-20T16-49-50Z-2025-06-06,timeseries.json,copepods,14.031617714412782,0.006988626253806289,1.8643886620436302e-51,107.75882775300404
2000-01-30 00:00:00+00:00,inference-2026-08-20T16-49-50Z-2025-06-06,timeseries.json,fish_eggs,12.41599650725526,0.0001471090638646762,2.656270416576676e-78,99.28456923756208
2000-01-30 00:00:00+00:00,inference-2026-08-20T16-49-50Z-2025-06-06,timeseries.json,fish_larvae,36.87902495120284,2.440072205648108,9.607463284947516e-33,110.12176420282802
2000-01-30 00:00:00+00:00,inference-2026-08-20T16-49-50Z-2025-06-06,timeseries.json,other,22.939017671783986,1.0109996792986673,6.413966317486249e-09,109.59702271467191
2000-01-31 00:00:00+00:00,inference-2026-08-20T16-49-50Z-2025-06-06,timeseries.json,Noctiluca,3.8025493724398145,0.04390490391624721,4.757415020012132e-28,13.818264348809423
2000-01-31 00:00:00+00:00,inference-2026-08-20T16-49-50Z-2025-06-06,timeseries.json,Phyto_Centrics,10.62928582206278,0.047630103801879445,6.937000739728739e-13,83.13754762093
2000-01-31 00:00:00+00:00,inference-2026-08-20T16-49-50Z-2025-06-06,timeseries.json,Tripos,23.305247255443923,0.05362671637652589,1.0219006978844418e-19,153.04661697700388
2000-01-31 00:00:00+00:00,inference-2026-08-20T16-49-50Z-2025-06-06,timeseries.json,bubbles,3.6882604082492794,0.02761806400427707,5.72687392564468e-50,20.60960936537586
2000-01-31 00:00:00+00:00,inference-2026-08-20T16-49-50Z-2025-06-06,timeseries.json,copepods,21.976345125499858,0.06318907159612328,1.7456954226487488e-35,146.78421076005637
2000-01-31 00:00:00+00:00,inference-2026-08-20T16-49-50Z-2025-06-06,timeseries.json,fish_eggs,12.431290866102803,2.714466982382569e-05,1.4332713765175405e-71,90.70786834691232
2000-01-31 00:00:00+00:00,inference-2026-08-20T16-49-50Z-2025-06-06,timeseries.json,fish_larvae,36.080157652626795,0.46040885968358725,2.1628795624576166e-35,153.80632671408256
2000-01-31 00:00:00+00:00,inference-2026-08-20T16-49-50Z-2025-06-06,timeseries.json,other,50.08686349757475,10.535502032760167,7.980688829740479e-09,158.63134361299953
2000-02-01 00:00:00+00:00,inference-2026-08-20T16-49-50Z-2025-06-06,timeseries.json,Noctiluca,5.959083838352819,0.06703837652798601,2.0538794959461737e-37,49.59189678507198
2000-02-01 00:00:00+00:00,inference-2026-08-20T16-49-50Z-2025-06-06,timeseries.json,Phyto_Centrics,10.628834728247222,0.25303633354869126,1.4853599506397481e-13,76.67698562815741
2000-02-01 00:00:00+00:00,inference-2026-08-20T16-49-50Z-2025-06-06,timeseries.json,Tripos,27.405958359824883,0.26190226253222554,6.141969705668925e-21,146.51746911782013
2000-02-01 00:00:00+00:00,inference-2026-08-20T16-49-50Z-2025-06-06,timeseries.json,bubbles,8.850032855181086,0.24403405558947228,6.434417324320482e-70,59.872977418372926
2000-02-01 00:00:00+00:00,inference-2026-08-20T16-49-50Z-2025-06-06,timeseries.json,copepods,11.083047648037434,0.00340325879778933,8.54379806011214e-52,71.41936549093238
2000-02-01 00:00:00+00:00,inference-2026-08-20T16-49-50Z-2025-06-06,timeseries.json,fish_eggs,22.342649134641857,0.028400561087818486,1.2334910200680647e-72,111.01275386596939
2000-02-01 00:00:00+00:00,inference-2026-08-20T16-49-50Z-2025-06-06,timeseries.json,fish_larvae,31.453792955386806,0.3988154391630514,4.212657957101917e-24,145.28098589825206
2000-02-01 00:00:00+00:00,inference-2026-08-20T16-49-50Z-2025-06-06,timeseries.json,other,38.27660048032794,14.488403180881399,2.0392618819565142e-07,130.43753029421194
2000-02-02 00:00:00+00:00,inference-2026-08-20T16-49-50Z-2025-06-06,timeseries.json,Noctiluca,4.382828469293293,0.07987294990380078,2.6595878632601444e-36,19.036705245477837
2000-02-02 00:00:00+00:00,inference-2026-08-20T16-49-50Z-2025-06-06,timeseries.json,Phyto_Centrics,21.798140462486895,0.3041894754680897,3.0141389206530835e-13,122.66204530905434
2000-02-02 00:00:00+00:00,inference-2026-08-20T16-49-50Z-2025-06-06,timeseries.json,Tripos,22.576750329598784,0.3477590845554067,1.7983078068255272e-26,129.40362762013706
2000-02-02 00:00:00+00:00,inference-2026-08-20T16-49-50Z-2025-06-06,timeseries.json,bubbles,20.27395574251263,1.4429210840509556,1.8974084708975864e-66,107.31257235014186
2000-02-02 00:00:00+00:00,inference-2026-08-20T16-49-50Z-2025-06-06,timeseries.json,copepods,17.164156302477654,0.018806239700555002,3.786236543440073e-39,113.46946151934594
2000-02-02 00:00:00+00:00,inference-2026-08-20T16-49-50Z-2025-06-06,timeseries.json,fish_eggs,20.058989944279972,0.001088325237415672,2.8084287354723052e-87,108.5991347191701
2000-02-02 00:00:00+00:00,inference-2026-08-20T16-49-50Z-2025-06-06,timeseries.json,fish_larvae,32.874255615862985,0.21208186340794416,3.82528203886469e-46,154.88802265201824
2000-02-02 00:00:00+00:00,inference-2026-08-20T16-49-50Z-2025-06-06,timeseries.json,other,44.870923133487786,16.676060087980208,3.2173549437037036e-09,162.52965230767887
2000-02-03 00:00:00+00:00,inference-2026-08-20T16-49-50Z-2025-06-06,timeseries.json,Noctiluca,4.612007092443104,0.11318874647461395,2.7420544767322425e-35,34.940472941474226
2000-02-03 00:00:00+00:00,inference-2026-08-20T16-49-50Z-2025-06-06,timeseries.json,Phyto_Centrics,11.951600977508553,0.10221434555383554,8.114974529363353e-14,89.46254194772021
2000-02-03 00:00:00+00:00,inference-2026-08-20T16-49-50Z-2025-06-06,timeseries.json,Tripos,27.340147648907106,0.4785750602658355,1.1342088361608393e-17,152.42073873346877
2000-02-03 00:00:00+00:00,inference-2026-08-20T16-49-50Z-2025-06-06,timeseries.json,bubbles,10.113888648738287,0.14994335079245646,2.9029147456871614e-31,69.26754354244135
2000-02-03 00:00:00+00:00,inference-2026-08-20T16-49-50Z-2025-06-06,timeseries.json,copepods,15.37820140751755,0.00781615509651078,3.047415807770701e-39,100.39666632900202
2000-02-03 00:00:00+00:00,inference-2026-08-20T16-49-50Z-2025-06-06,timeseries.json,fish_eggs,17.130126876903226,3.7129803815313006e-05,2.6540030272402966e-87,114.86540815349784
2000-02-03 00:00:00+00:00,inference-2026-08-20T16-49-50Z-2025-06-06,timeseries.json,fish_larvae,36.75170445965123,0.3303888171707598,3.529774511194267e-38,151.85392327067743
2000-02-03 00:00:00+00:00,inference-2026-08-20T16-49-50Z-2025-06-06,timeseries.json,other,40.72232288833091,10.090892866265508,4.966504166860985e-09,157.6352120238983
2000-02-04 00:00:00+00:00,inference-2026-08-20T16-49-50Z-2025-06-06,timeseries.json,Noctiluca,2.107182422719344,0.07657363962728117,1.4274415143951404e-27,6.97295383356921
2000-02-04 00:00:00+00:00,inference-2026-08-20T16-49-50Z-2025-06-06,timeseries.json,Phyto_Centrics,9.912793247406894,0.06664328989713166,4.695308132667333e-15,60.011732912111235
2000-02-04 00:00:00+00:00,inference-2026-08-20T16-49-50Z-2025-06-06,timeseries.json,Tripos,25.61688682477224,0.036398858313426076,5.362653798434057e-22,161.52369012280445
2000-02-04 00:00:00+00:00,inference-2026-08-20T16-49-50Z-2025-06-06,timeseries.json,bubbles,2.597426009235429,0.011780434382957658,5.434701958403451e-40,15.642087409010378
2000-02-04 00:00:00+00:00,inference-2026-08-20T16-49-50Z-2025-06-06,timeseries.json,copepods,17.485167428047586,0.010292756139444595,2.6689103002693423e-87,140.86401966801103
2000-02-04 00:00:00+00:00,inference-2026-08-20T16-49-50Z-2025-06-06,timeseries.json,fish_eggs,16.437788798692807,0.0002082694877220446,2.5750104900289765e-83,150.38139095664067
2000-02-04 00:00:00+00:00,inference-2026-08-20T16-49-50Z-2025-06-06,timeseries.json,fish_larvae,50.601634597095355,0.1393240651089573,1.1081414495446041e-34,162.34670104741
2000-02-04 00:00:00+00:00,inference-2026-08-20T16-49-50Z-2025-06-06,timeseries.json,other,39.241120672030384,1.091923379088845,1.0726711555661524e-10,161.67623759710125
2000-02-05 00:00:00+00:00,inference-2026-08-20T16-49-50Z-2025-06-06,timeseries.json,Noctiluca,1.4659826500551776,0.0455064471967253,2.46190749217946e-41,3.5692570214062296
2000-02-05 00:00:00+00:00,inference-2026-08-20T16-49-50Z-2025-06-06,timeseries.json,Phyto_Centrics,9.29268337870768,0.020662754128175993,5.6440848043582395e-15,64.70256488164287
2000-02-05 00:00:00+00:00,inference-2026-08-20T16-49-50Z-2025-06-06,timeseries.json,Tripos,27.192521774720472,0.04786637003691138,9.506112903423799e-21,171.51258717997305
2000-02-05 00:00:00+00:00,inference-2026-08-20T16-49-50Z-2025-06-06,timeseries.json,bubbles,1.974474776716019,0.020313094141101988,3.524287211981311e-76,6.504824456494877
2000-02-05 00:00:00+00:00,inference-2026-08-20T16-49-50Z-2025-06-06,timeseries.json,copepods,18.336047933292697,0.000681931413774305,1.9311376375461922e-46,166.18211530596733
2000-02-05 00:00:00+00:00,inference-2026-08-20T16-49-50Z-2025-06-06,timeseries.json,fish_eggs,19.410067305780355,0.00026781186896335935,9.55735425777448e-69,169.27943931503043
2000-02-05 00:00:00+00:00,inference-2026-08-20T16-49-50Z-2025-06-06,timeseries.json,fish_larvae,54.975915692698,0.23662783836133022,2.2746127808171093e-33,172.26168666447018
2000-02-05 00:00:00+00:00,inference-2026-08-20T16-49-50Z-2025-06-06,timeseries.json,other,41.35230648802956,1.1715541495636825,4.81032901043238e-09,172.68668244939957
2000-02-06 00:00:00+00:00,inference-2026-08-20T16-49-50Z-2025-06-06,timeseries.json,Noctiluca,139.56526466285905,35.80451298923139,4.086111044807105e-20,934.7363571780292
2000-02-06 00:00:00+00:00,inference-2026-08-20T16-49-50Z-2025-06-06,timeseries.json,Phyto_Centrics,400.3222656130827,29.25866400953188,3.4857964090569055e-13,1664.4104319240444
2000-02-06 00:00:00+00:00,inference-2026-08-20T16-49-50Z-2025-06-06,timeseries.json,Tripos,413.6495434468163,11.056970329064459,6.573088545366978e-19,1998.0813950349013
2000-02-06 00:00:00+00:00,inference-2026-08-20T16-49-50Z-2025-06-06,timeseries.json,bubbles,347.8102581744082,60.190126050286906,1.1688541031509613e-24,1463.4267157358404
2000-02-06 00:00:00+00:00,inference-2026-08-20T16-49-50Z-2025-06-06,timeseries.json,copepods,297.2752099980821,2.2405618163845924,4.1795733632021003e-38,1488.211218064047
2000-02-06 00:00:00+00:00,inference-2026-08-20T16-49-50Z-2025-06-06,timeseries.json,fish_eggs,338.37115910764174,6.6281205557778495,4.660191566799354e-71,1702.3933899285275
2000-02-06 00:00:00+00:00,inference-2026-08-20T16-49-50Z-2025-06-06,timeseries.json,fish_larvae,561.6922012122501,25.525737961023296,2.6151860900253523e-37,2137.420113789502
2000-02-06 00:00:00+00:00,inference-2026-08-20T16-49-50Z-2025-06-06,timeseries.json,other,717.3140977848607,391.6539369683434,4.561082015862993e-06,2359.965976871656
2000-02-07 00:00:00+00:00,inference-2026-08-20T16-49-50Z-2025-06-06,timeseries.json,Noctiluca,3398.927035951415,91.65543398488028,2.936115225444733e-34,9389.052561737688
2000-02-07 00:00:00+00:00,inference-2026-08-20T16-49-50Z-2025-06-06,timeseries.json,Phyto_Centrics,1390.063942211881,4.965946519210564,4.162910185978134e-10,9390.020608483122
2000-02-07 00:00:00+00:00,inference-2026-08-20T16-49-50Z-2025-06-06,timeseries.json,Tripos,1542.7948860592194,0.2728594979046818,2.709216775187411e-24,9399.67611751104
2000-02-07 00:00:00+00:00,inference-2026-08-20T16-49-50Z-2025-06-06,timeseries.json,bubbles,2649.389124934184,0.09772705163730538,1.385219175754034e-62,9392.709674533677
2000-02-07 00:00:00+00:00,inference-2026-08-20T16-49-50Z-2025-06-06,timeseries.json,copepods,418.9110240886164,0.0005795869828284326,2.412270901698282e-38,337.1294310329461
2000-02-07 00:00:00+00:00,inference-2026-08-20T16-49-50Z-2025-06-06,timeseries.json,fish_eggs,0.7406242835547262,7.057608204177541e-06,1.1451562050929517e-70,5.415090101865812
2000-02-07 00:00:00+00:00,inference-2026-08-20T16-49-50Z-2025-06-06,timeseries.json,fish_larvae,0.857027916966115,0.0011436871505065423,3.815516329303433e-39,5.375332248514137
2000-02-07 00:00:00+00:00,inference-2026-08-20T16-49-50Z-2025-06-06,timeseries.json,other,1.3163345541637856,0.016070013882867204,7.912310244005812e-11,7.697897898755324
2000-02-08 00:00:00+00:00,inference-2026-08-20T16-49-50Z-2025-06-06,timeseries.json,Noctiluca,1604.7084226658264,746.9168661304868,4.413174333489081e-27,5669.165497607759
2000-02-08 00:00:00+00:00,inference-2026-08-20T16-49-50Z-2025-06-06,timeseries.json,Phyto_Centrics,2385.6728357796583,2452.5203268358637,2.3884154400517447e-10,6322.597735409481
2000-02-08 00:00:00+00:00,inference-2026-08-20T16-49-50Z-2025-06-06,timeseries.json,Tripos,1519.5076902351686,63.30564096575998,1.9777089760829586e-28,6283.422596723619
2000-02-08 00:00:00+00:00,inference-2026-08-20T16-49-50Z-2025-06-06,timeseries.json,bubbles,891.0522778358783,29.246380859277764,6.538131928534596e-41,4383.9066585087185
2000-02-08 00:00:00+00:00,inference-2026-08-20T16-49-50Z-2025-06-06,timeseries.json,copepods,84.88947133695518,0.0013531038201083378,5.981478092098551e-40,147.8338621956099
2000-02-08 00:00:00+00:00,inference-2026-08-20T16-49-50Z-2025-06-06,timeseries.json,fish_eggs,12.924554685396007,0.0003013861890383975,1.1267127982791515e-81,87.70544244948152
2000-02-08 00:00:00+00:00,inference-2026-08-20T16-49-50Z-2025-06-06,timeseries.json,fish_larvae,29.654230192330978,0.4508488719124185,1.544498770645777e-29,147.23690837142306
2000-02-08 00:00:00+00:00,inference-2026-08-20T16-49-50Z-2025-06-06,timeseries.json,other,35.590517268789654,3.8135747875340025,3.718585270631362e-09,144.1087413543201
2000-02-09 00:00:00+00:00,inference-2026-08-20T16-49-50Z-2025-06-06,timeseries.json,Noctiluca,366.0341370767766,41.35852954820987,3.8057515566544466e-35,1530.9590822238176
2000-02-09 00:00:00+00:00,inference-2026-08-20T16-49-50Z-2025-06-06,timeseries.json,Phyto_Centrics,666.9307534686843,555.7463642892276,8.450004400421645e-14,1563.3877088763193
2000-02-09 00:00:00+00:00,inference-2026-08-20T16-49-50Z-2025-06-06,timeseries.json,Tripos,401.2076231862658,0.42732027877892215,3.72582384955723e-22,1561.2827917299157
2000-02-09 00:00:00+00:00,inference-2026-08-20T16-49-50Z-2025-06-06,timeseries.json,bubbles,121.98291005196742,0.03893248476790359,3.793739133682437e-42,1103.6450495899933
2000-02-09 00:00:00+00:00,inference-2026-08-20T16-49-50Z-2025-06-06,timeseries.json,copepods,9.496091632318652,0.0003415327346449063,1.4013567706612964e-39,6.3885497248011305
2000-02-09 00:00:00+00:00,inference-2026-08-20T16-49-50Z-2025-06-06,timeseries.json,fish_eggs,0.2755001750832253,2.559605817124961e-07,1.932111005709822e-69,1.8443816364406986
2000-02-09 00:00:00+00:00,inference-2026-08-20T16-49-50Z-2025-06-06,timeseries.json,fish_larvae,0.5445395459995253,0.0003583140603395651,3.194884888630447e-32,3.2753914983740318
2000-02-09 00:00:00+00:00,inference-2026-08-20T16-49-50Z-2025-06-06,timeseries.json,other,0.5284448629045172,0.013440657290503057,6.8941220244873e-11,2.8625872621235526
2000-02-10 00:00:00+00:00,inference-2026-08-20T16-49-50Z-2025-06-06,timeseries.json,Noctiluca,19.65048306742877,6.2776732843702705,2.90562156017947e-38,48.73001364690341
2000-02-10 00:00:00+00:00,inference-2026-08-20T16-49-50Z-2025-06-06,timeseries.json,Phyto_Centrics,18.392093977401398,2.342398741591288,5.228081205544697e-12,74.4575789570844
2000-02-10 00:00:00+00:00,inference-2026-08-20T16-49-50Z-2025-06-06,timeseries.json,Tripos,17.704172398165475,0.34398070164744465,4.0957288378785517e-26,101.2069479677201
2000-02-10 00:00:00+00:00,inference-2026-08-20T16-49-50Z-2025-06-06,timeseries.json,bubbles,20.59589630495882,1.9682949805399308,1.8412902364461795e-46,69.5995729613506
2000-02-10 00:00:00+00:00,inference-2026-08-20T16-49-50Z-2025-06-06,timeseries.json,copepods,41.18961477803065,19.64716241119563,4.010922160496615e-29,137.84791025170634
2000-02-10 00:00:00+00:00,inference-2026-08-20T16-49-50Z-2025-06-06,timeseries.json,fish_eggs,9.100537644105332,0.00024136723138213758,4.683708351801198e-78,63.13231903062345
2000-02-10 00:00:00+00:00,inference-2026-08-20T16-49-50Z-2025-06-06,timeseries.json,fish_larvae,14.338398378848296,0.02511218056528297,1.5499467480190836e-27,88.16597631926747
2000-02-10 00:00:00+00:00,inference-2026-08-20T16-49-50Z-2025-06-06,timeseries.json,other,45.02880345106129,13.057468992213238,1.2765052771869613e-08,139.3246792294462
2000-02-11 00:00:00+00:00,inference-2026-08-20T16-49-50Z-2025-06-06,timeseries.json,Noctiluca,6.981316622929377,0.053524196992972575,4.570793684865536e-23,47.944489477089284
2000-02-11 00:00:00+00:00,inference-2026-08-20T16-49-50Z-2025-06-06,timeseries.json,Phyto_Centrics,3.929745124976685,0.01924293973719508,1.2301392382343969e-21,14.90402846856153
2000-02-11 00:00:00+00:00,inference-2026-08-20T16-49-50Z-2025-06-06,timeseries.json,Tripos,13.225588959177939,0.11123598838752076,5.08199083341046e-18,111.81946083746234
2000-02-11 00:00:00+00:00,inference-2026-08-20T16-49-50Z-2025-06-06,timeseries.json,bubbles,3.1549737466248855,0.05259659149086242,4.226097990355311e-38,16.691089310983628
2000-02-11 00:00:00+00:00,inference-2026-08-20T16-49-50Z-2025-06-06,timeseries.json,copepods,42.47652424571515,14.035840363825928,4.789600246789414e-14,135.71544144166268
2000-02-11 00:00:00+00:00,inference-2026-08-20T16-49-50Z-2025-06-06,timeseries.json,fish_eggs,9.797703392699638,1.539648632184675e-05,1.2936160078888487e-96,83.12052450699683
2000-02-11 00:00:00+00:00,inference-2026-08-20T16-49-50Z-2025-06-06,timeseries.json,fish_larvae,18.651842951520294,0.018747715816619458,9.773402340164497e-28,127.88194420151716
2000-02-11 00:00:00+00:00,inference-2026-08-20T16-49-50Z-2025-06-06,timeseries.json,other,39.782304956356,2.7463463410156854,7.316669315166094e-10,136.0991003930373
2000-02-12 00:00:00+00:00,inference-2026-08-20T16-49-50Z-2025-06-06,timeseries.json,Noctiluca,127.71003861805512,50.65833491112658,5.726117952372397e-47,462.82150480349395
2000-02-12 00:00:00+00:00,inference-2026-08-20T16-49-50Z-2025-06-06,timeseries.json,Phyto_Centrics,212.33444097549184,92.65415643896574,5.3230861768412094e-09,782.653142135306
2000-02-12 00:00:00+00:00,inference-2026-08-20T16-49-50Z-2025-06-06,timeseries.json,Tripos,236.21055939336364,11.3466967568686,8.015996379969106e-28,1184.431473258401
2000-02-12 00:00:00+00:00,inference-2026-08-20T16-49-50Z-2025-06-06,timeseries.json,bubbles,235.8484182196818,181.594389766319,4.625010518232893e-58,742.3975738150727
2000-02-12 00:00:00+00:00,inference-2026-08-20T16-49-50Z-2025-06-06,timeseries.json,copepods,378.49208633750806,301.4660965875498,1.1945442144002452e-38,1097.3007073371605
2000-02-12 00:00:00+00:00,inference-2026-08-20T16-49-50Z-2025-06-06,timeseries.json,fish_eggs,103.22027411813431,0.00011737452473072752,9.305580105449422e-87,585.0655236074214
2000-02-12 00:00:00+00:00,inference-2026-08-20T16-49-50Z-2025-06-06,timeseries.json,fish_larvae,269.9089354216684,18.00824443914047,8.737613179127277e-49,1029.1329338806431
2000-02-12 00:00:00+00:00,inference-2026-08-20T16-49-50Z-2025-06-06,timeseries.json,other,427.27524691609756,311.19832987254654,3.1732453985806343e-08,1475.5476227408649
2000-02-13 00:00:00+00:00,inference-2026-08-20T16-49-50Z-2025-06-06,timeseries.json,Noctiluca,520.1893780886978,25.28246933249195,2.676203809419362e-32,1879.4716621004743
2000-02-13 00:00:00+00:00,inference-2026-08-20T16-49-50Z-2025-06-06,timeseries.json,Phyto_Centrics,494.86171676340837,19.070797716765355,2.809831469980651e-14,1850.533291500096
2000-02-13 00:00:00+00:00,inference-2026-08-20T16-49-50Z-2025-06-06,timeseries.json,Tripos,453.40809631158197,10.750553783036693,2.390955943567042e-22,1847.9487142411026
2000-02-13 00:00:00+00:00,inference-2026-08-20T16-49-50Z-2025-06-06,timeseries.json,bubbles,410.62810668163,29.183270616090365,1.7189503048186603e-28,1882.578822998503
2000-02-13 00:00:00+00:00,inference-2026-08-20T16-49-50Z-2025-06-06,timeseries.json,copepods,190.48153937355738,4.77364130492136,4.723921851967826e-49,528.9708871550513
2000-02-13 00:00:00+00:00,inference-2026-08-20T16-49-50Z-2025-06-06,timeseries.json,fish_eggs,21.30760684202927,0.0001073992460153643,1.8001804033441804e-75,151.039806585915
2000-02-13 00:00:00+00:00,inference-2026-08-20T16-49-50Z-2025-06-06,timeseries.json,fish_larvae,108.1413427498841,1.057069319217388,2.1261814356639563e-36,473.17094465850056
2000-02-13 00:00:00+00:00,inference-2026-08-20T16-49-50Z-2025-06-06,timeseries.json,other,161.98221318921145,53.40402571950076,2.1017721843272482e-07,500.12004965176027
2000-02-14 00:00:00+00:00,inference-2026-08-20T16-49-50Z-2025-06-06,timeseries.json,Noctiluca,2285.91496990803,2.2147745890603883,4.393445652074879e-46,5874.329400562708
2000-02-14 00:00:00+00:00,inference-2026-08-20T16-49-50Z-2025-06-06,timeseries.json,Phyto_Centrics,661.7281369925788,0.19411022043880255,1.5352760187059328e-13,5863.127754044427
2000-02-14 00:00:00+00:00,inference-2026-08-20T16-49-50Z-2025-06-06,timeseries.json,Tripos,892.7362847898974,0.02599542432549977,4.3675358755458675e-22,5870.148126712375
2000-02-14 00:00:00+00:00,inference-2026-08-20T16-49-50Z-2025-06-06,timeseries.json,bubbles,1741.3836921620182,0.01882575197840775,3.911029185581134e-41,5875.362035547214
2000-02-14 00:00:00+00:00,inference-2026-08-20T16-49-50Z-2025-06-06,timeseries.json,copepods,291.64093259177656,0.0007027103243094862,3.231099874897041e-44,293.88215201290916
2000-02-14 00:00:00+00:00,inference-2026-08-20T16-49-50Z-2025-06-06,timeseries.json,fish_eggs,1.134993892651032,1.2358657099666244e-06,4.9760044806989066e-83,7.731410217836689
2000-02-14 00:00:00+00:00,inference-2026-08-20T16-49-50Z-2025-06-06,timeseries.json,fish_larvae,2.19873085625523,0.0013601908566406662,1.002186389517648e-37,12.419179490373702
2000-02-14 00:00:00+00:00,inference-2026-08-20T16-49-50Z-2025-06-06,timeseries.json,other,2.2622588067890836,0.0501474204136864,8.869020224728468e-11,12.530835887320746
2000-02-15 00:00:00+00:00,inference-2026-08-20T16-49-50Z-2025-06-06,timeseries.json,Noctiluca,19.602380937105867,8.749157027804522,4.448151619699036e-29,46.40584886888554
2000-02-15 00:00:00+00:00,inference-2026-08-20T16-49-50Z-2025-06-06,timeseries.json,Phyto_Centrics,11.115002397679207,0.09489528210894486,2.3396197554079642e-26,44.26382986676968
2000-02-15 00:00:00+00:00,inference-2026-08-20T16-49-50Z-2025-06-06,timeseries.json,Tripos,9.990262837803249,0.16482540810003854,4.126726358225862e-19,44.443244257679524
2000-02-15 00:00:00+00:00,inference-2026-08-20T16-49-50Z-2025-06-06,timeseries.json,bubbles,16.835425502604952,0.8213613664458949,1.3734014214900237e-46,46.351689784075155
2000-02-15 00:00:00+00:00,inference-2026-08-20T16-49-50Z-2025-06-06,timeseries.json,copepods,25.561944656056063,11.327718242899607,5.875508513107814e-16,74.08797158552863
2000-02-15 00:00:00+00:00,inference-2026-08-20T16-49-50Z-2025-06-06,timeseries.json,fish_eggs,3.7089973587175913,1.1705175095757047e-05,1.4679772679076629e-65,27.142275052569936
2000-02-15 00:00:00+00:00,inference-2026-08-20T16-49-50Z-2025-06-06,timeseries.json,fish_larvae,9.552786594785601,0.011256326732623709,5.184414522209986e-31,61.59270179307241
2000-02-15 00:00:00+00:00,inference-2026-08-20T16-49-50Z-2025-06-06,timeseries.json,other,20.633199715247482,1.2234427238168781,3.790216494778358e-09,71.89339191171848
2000-02-16 00:00:00+00:00,inference-2026-08-20T16-49-50Z-2025-06-06,timeseries.json,Noctiluca,4.144722616331896,0.11439433633437981,1.4930679218890927e-48,15.978894538163662
2000-02-16 00:00:00+00:00,inference-2026-08-20T16-49-50Z-2025-06-06,timeseries.json,Phyto_Centrics,9.48408778737676,0.23383569339635027,4.188850245738054e-17,59.112189994250244
2000-02-16 00:00:00+00:00,inference-2026-08-20T16-49-50Z-2025-06-06,timeseries.json,Tripos,11.820848021517497,0.12033893311045343,2.6556446559273953e-25,83.83287886184064
2000-02-16 00:00:00+00:00,inference-2026-08-20T16-49-50Z-2025-06-06,timeseries.json,bubbles,8.430677652827157,0.49444029261769595,8.440373157290635e-43,52.87018227143354
2000-02-16 00:00:00+00:00,inference-2026-08-20T16-49-50Z-2025-06-06,timeseries.json,copepods,21.440808154958745,0.7264518132203757,2.0833937556637063e-49,94.66987732868068
2000-02-16 00:00:00+00:00,inference-2026-08-20T16-49-50Z-2025-06-06,timeseries.json,fish_eggs,9.089434288349896,8.92024714100636e-05,2.025246182107949e-115,58.54888497194092
2000-02-16 00:00:00+00:00,inference-2026-08-20T16-49-50Z-2025-06-06,timeseries.json,fish_larvae,17.30506039170483,0.1364985889541195,1.5609768813502125e-34,91.8589377814984
2000-02-16 00:00:00+00:00,inference-2026-08-20T16-49-50Z-2025-06-06,timeseries.json,other,29.28436108693321,3.8988234822771797,4.267161554555098e-09,101.75991211828654
2000-02-17 00:00:00+00:00,inference-2026-08-20T16-49-50Z-2025-06-06,timeseries.json,Noctiluca,172.67325909052218,35.00412353416539,4.261880509964544e-59,942.0677913211495
2000-02-17 00:00:00+00:00,inference-2026-08-20T16-49-50Z-2025-06-06,timeseries.json,Phyto_Centrics,173.88841060388748,7.993359460810602,3.170484816935351e-11,676.2595389029254
2000-02-17 00:00:00+00:00,inference-2026-08-20T16-49-50Z-2025-06-06,timeseries.json,Tripos,214.13618445346833,7.194709727453615,2.0759696338289034e-15,1391.4034680343766
2000-02-17 00:00:00+00:00,inference-2026-08-20T16-49-50Z-2025-06-06,timeseries.json,bubbles,244.27401371460056,227.98944732884996,6.344140134754778e-32,696.0662744057433
2000-02-17 00:00:00+00:00,inference-2026-08-20T16-49-50Z-2025-06-06,timeseries.json,copepods,447.9182401891224,190.22793839035108,4.482333987853894e-08,1439.1452645866184
2000-02-17 00:00:00+00:00,inference-2026-08-20T16-49-50Z-2025-06-06,timeseries.json,fish_eggs,285.30674965406973,0.656963118973825,1.5555770221067284e-82,1248.7132369341214
2000-02-17 00:00:00+00:00,inference-2026-08-20T16-49-50Z-2025-06-06,timeseries.json,fish_larvae,203.0021425575577,1.085407859003323,2.9930322073447014e-29,1341.52005916746
2000-02-17 00:00:00+00:00,inference-2026-08-20T16-49-50Z-2025-06-06,timeseries.json,other,550.8009997367716,402.40169236989726,6.911187683517667e-07,1983.5034726053639
2000-02-18 00:00:00+00:00,inference-2026-08-20T16-49-50Z-2025-06-06,timeseries.json,Noctiluca,204.96108380240875,10.315197159335831,2.5013466584362165e-34,559.7308383727959
2000-02-18 00:00:00+00:00,inference-2026-08-20T16-49-50Z-2025-06-06,timeseries.json,Phyto_Centrics,92.31811321586524,0.7513950206465771,7.746691864697234e-15,554.615042273275
2000-02-18 00:00:00+00:00,inference-2026-08-20T16-49-50Z-2025-06-06,timeseries.json,Tripos,90.36089693761652,0.09367369707358458,2.1316700593543442e-27,554.5691081916232
2000-02-18 00:00:00+00:00,inference-2026-08-20T16-49-50Z-2025-06-06,timeseries.json,bubbles,158.59854568001498,0.2507372466277048,2.149223650723507e-127,559.7239755102195
2000-02-18 00:00:00+00:00,inference-2026-08-20T16-49-50Z-2025-06-06,timeseries.json,copepods,29.977493438559364,0.046362514579014,6.369572216710226e-35,53.37008764279429
2000-02-18 00:00:00+00:00,inference-2026-08-20T16-49-50Z-2025-06-06,timeseries.json,fish_eggs,3.6590216935842435,1.3703345734059652e-07,6.401841672063044e-89,36.66974945227955
2000-02-18 00:00:00+00:00,inference-2026-08-20T16-49-50Z-2025-06-06,timeseries.json,fish_larvae,11.176146197417951,0.04910060376314768,4.095258137188213e-40,46.83778726406337
2000-02-18 00:00:00+00:00,inference-2026-08-20T16-49-50Z-2025-06-06,timeseries.json,other,11.948699034533366,0.9038050619329703,1.9922748627986613e-09,45.40267726659401
2000-02-19 00:00:00+00:00,inference-2026-08-20T16-49-50Z-2025-06-06,timeseries.json,Noctiluca,1081.0816652799006,116.90756390230806,5.922836513999496e-37,4000.6288570116403
2000-02-19 00:00:00+00:00,inference-2026-08-20T16-49-50Z-2025-06-06,timeseries.json,Phyto_Centrics,1303.6306484857641,484.66233474960484,1.1863360612825567e-12,3935.487301658733
2000-02-19 00:00:00+00:00,inference-2026-08-20T16-49-50Z-2025-06-06,timeseries.json,Tripos,1091.5106427789756,95.87551583620066,2.7367427303205657e-18,3977.8150248666343
2000-02-19 00:00:00+00:00,inference-2026-08-20T16-49-50Z-2025-06-06,timeseries.json,bubbles,845.5393175776196,59.99936605141996,6.586884184128407e-32,3993.3951732640658
2000-02-19 00:00:00+00:00,inference-2026-08-20T16-49-50Z-2025-06-06,timeseries.json,copepods,268.8769574271871,0.2963888359503275,8.979696877580562e-32,1316.8942380799588
2000-02-19 00:00:00+00:00,inference-2026-08-20T16-49-50Z-2025-06-06,timeseries.json,fish_eggs,110.04962681360652,8.756749349729187e-05,1.8151292784332264e-83,679.2348754516224
2000-02-19 00:00:00+00:00,inference-2026-08-20T16-49-50Z-2025-06-06,timeseries.json,fish_larvae,222.87621618618738,1.962177596700382,1.0054172697083912e-26,1058.399366863001
2000-02-19 00:00:00+00:00,inference-2026-08-20T16-49-50Z-2025-06-06,timeseries.json,other,407.43492545075867,260.92891084214807,5.871711112594975e-09,1221.723990223727
2000-02-20 00:00:00+00:00,inference-2026-08-20T16-49-50Z-2025-06-06,timeseries.json,Noctiluca,33.04837000249601,6.6068410205338015,3.5649603208366616e-31,94.7867828826312
2000-02-20 00:00:00+00:00,inference-2026-08-20T16-49-50Z-2025-06-06,timeseries.json,Phyto_Centrics,21.90981151591383,0.8681202588234174,1.5603535696358387e-21,93.70644662019342
2000-02-20 00:00:00+00:00,inference-2026-08-20T16-49-50Z-2025-06-06,timeseries.json,Tripos,18.098973051911578,0.076665765877583,1.8700587725506614e-25,93.19106776009936
2000-02-20 00:00:00+00:00,inference-2026-08-20T16-49-50Z-2025-06-06,timeseries.json,bubbles,27.5692876584303,0.8580224225016807,2.706439919109186e-37,95.25692447665601
2000-02-20 00:00:00+00:00,inference-2026-08-20T16-49-50Z-2025-06-06,timeseries.json,copepods,15.73908098845191,1.0628209635720305,1.8901028082153518e-39,47.41374017040843
2000-02-20 00:00:00+00:00,inference-2026-08-20T16-49-50Z-2025-06-06,timeseries.json,fish_eggs,2.9264907166167458,2.6365992534084474e-06,7.3226997144957886e-121,24.167538986884225
2000-02-20 00:00:00+00:00,inference-2026-08-20T16-49-50Z-2025-06-06,timeseries.json,fish_larvae,7.07809262835374,0.004353392901379258,8.222723442464492e-38,40.971233527097155
2000-02-20 00:00:00+00:00,inference-2026-08-20T16-49-50Z-2025-06-06,timeseries.json,other,12.629893437825906,1.0035239550751285,9.333390050313226e-09,44.071438738227464
2000-02-21 00:00:00+00:00,inference-2026-08-20T16-49-50Z-2025-06-06,timeseries.json,Noctiluca,4.257826218678971,0.808265751841481,1.840625559975049e-101,11.513041383670256
2000-02-21 00:00:00+00:00,inference-2026-08-20T16-49-50Z-2025-06-06,timeseries.json,Phyto_Centrics,5.96102059815682,0.12895279714163205,5.132277716003812e-11,25.71574775452615
2000-02-21 00:00:00+00:00,inference-2026-08-20T16-49-50Z-2025-06-06,timeseries.json,Tripos,14.39820681578279,0.2989356721486728,5.7786629982992915e-21,85.89920864540483
2000-02-21 00:00:00+00:00,inference-2026-08-20T16-49-50Z-2025-06-06,timeseries.json,bubbles,4.428980308233941,0.08668452005149066,2.1369641067562371e-29,11.737786370344274
2000-02-21 00:00:00+00:00,inference-2026-08-20T16-49-50Z-2025-06-06,timeseries.json,copepods,13.443791277053332,0.003319636831984634,1.251101966290997e-33,84.55772770343168
2000-02-21 00:00:00+00:00,inference-2026-08-20T16-49-50Z-2025-06-06,timeseries.json,fish_eggs,7.533401748858966,3.849271251253222e-05,1.5269738440504833e-77,74.29589438271702
2000-02-21 00:00:00+00:00,inference-2026-08-20T16-49-50Z-2025-06-06,timeseries.json,fish_larvae,27.4700353346879,1.0966627227965593,5.437260759131421e-28,85.97979275180668
2000-02-21 00:00:00+00:00,inference-2026-08-20T16-49-50Z-2025-06-06,timeseries.json,other,19.506737698547223,0.7186643049938751,4.95320960008063e-10,85.58798770423573
2000-02-22 00:00:00+00:00,inference-2026-08-20T16-49-50Z-2025-06-06,timeseries.json,Noctiluca,4.223090805997408,0.5492271297585946,3.9847600402605325e-51,20.631016604701863
2000-02-22 00:00:00+00:00,inference-2026-08-20T16-49-50Z-2025-06-06,timeseries.json,Phyto_Centrics,9.749455265617202,0.8522687246682512,1.89122050604822e-18,57.984328735740014
2000-02-22 00:00:00+00:00,inference-2026-08-20T16-49-50Z-2025-06-06,timeseries.json,Tripos,13.057167752108525,0.20068326415070867,1.4339581283989612e-23,83.34444129100828
2000-02-22 00:00:00+00:00,inference-2026-08-20T16-49-50Z-2025-06-06,timeseries.json,bubbles,7.435652546230411,0.7189960724335451,6.460795119563176e-32,44.75504376473643
2000-02-22 00:00:00+00:00,inference-2026-08-20T16-49-50Z-2025-06-06,timeseries.json,copepods,10.069479523868411,0.018850685355984068,8.405030016931697e-40,60.552934467961784
2000-02-22 00:00:00+00:00,inference-2026-08-20T16-49-50Z-2025-06-06,timeseries.json,fish_eggs,8.524647948845367,6.492640495496242e-05,5.989529972823372e-66,61.44253523770068
2000-02-22 00:00:00+00:00,inference-2026-08-20T16-49-50Z-2025-06-06,timeseries.json,fish_larvae,15.861258972958543,0.10035496467957666,8.551796402598878e-29,80.49987786776978
2000-02-22 00:00:00+00:00,inference-2026-08-20T16-49-50Z-2025-06-06,timeseries.json,other,23.079247184374186,3.884231661460725,4.959806957558282e-08,82.59120198701663
2000-02-23 00:00:00+00:00,inference-2026-08-20T16-49-50Z-2025-06-06,timeseries.json,Noctiluca,4.27587329365004,0.08648152319870381,7.071970353932708e-35,23.385744935507045
2000-02-23 00:00:00+00:00,inference-2026-08-20T16-49-50Z-2025-06-06,timeseries.json,Phyto_Centrics,12.351315849423035,0.1274189457106522,2.9022491079464236e-14,96.43840781524086
2000-02-23 00:00:00+00:00,inference-2026-08-20T16-49-50Z-2025-06-06,timeseries.json,Tripos,15.333319676086594,0.049316166981196195,6.671779578890803e-22,109.71479529653962
2000-02-23 00:00:00+00:00,inference-2026-08-20T16-49-50Z-2025-06-06,timeseries.json,bubbles,5.616437534496842,0.028609617478432353,1.2262742788079367e-51,32.63150762101852
2000-02-23 00:00:00+00:00,inference-2026-08-20T16-49-50Z-2025-06-06,timeseries.json,copepods,15.393895341607868,0.034801514282188084,3.604703482347205e-39,98.80885324565267
2000-02-23 00:00:00+00:00,inference-2026-08-20T16-49-50Z-2025-06-06,timeseries.json,fish_eggs,9.396519155209676,9.599007521207144e-05,9.54718306321207e-105,89.65811052189166
2000-02-23 00:00:00+00:00,inference-2026-08-20T16-49-50Z-2025-06-06,timeseries.json,fish_larvae,21.00370266302765,0.13248921021201565,1.802394632372269e-31,109.08402264495292
2000-02-23 00:00:00+00:00,inference-2026-08-20T16-49-50Z-2025-06-06,timeseries.json,other,34.62893648649827,4.106427822082406,7.516393259780816e-11,113.99947097056553
2000-02-24 00:00:00+00:00,inference-2026-08-20T16-49-50Z-2025-06-06,timeseries.json,Noctiluca,154.18958199871733,28.642732027343584,2.6823065501073255e-30,1138.7728855848898
2000-02-24 00:00:00+00:00,inference-2026-08-20T16-49-50Z-2025-06-06,timeseries.json,Phyto_Centrics,159.59922262650275,2.973303410178419,4.592815954551563e-13,608.8783641755224
2000-02-24 00:00:00+00:00,inference-2026-08-20T16-49-50Z-2025-06-06,timeseries.json,Tripos,188.28464500310378,3.5135932082806747,4.055561058246396e-16,1257.7323002456621
2000-02-24 00:00:00+00:00,inference-2026-08-20T16-49-50Z-2025-06-06,timeseries.json,bubbles,230.5987597508349,123.20812748593589,2.5244283988560966e-30,787.4413271004439
2000-02-24 00:00:00+00:00,inference-2026-08-20T16-49-50Z-2025-06-06,timeseries.json,copepods,478.7165816757152,127.3171727841193,4.886482498841463e-15,1607.3764171443904
2000-02-24 00:00:00+00:00,inference-2026-08-20T16-49-50Z-2025-06-06,timeseries.json,fish_eggs,302.87829518763755,1.2282598497417547,1.122442093573179e-88,1391.524320897709
2000-02-24 00:00:00+00:00,inference-2026-08-20T16-49-50Z-2025-06-06,timeseries.json,fish_larvae,278.5645003420579,7.346320516064143,1.2497434071971508e-32,1445.4548631223317
2000-02-24 00:00:00+00:00,inference-2026-08-20T16-49-50Z-2025-06-06,timeseries.json,other,723.1684134154302,555.2021843076591,4.9081103100242455e-06,2261.966918906955
2000-02-25 00:00:00+00:00,inference-2026-08-20T16-49-50Z-2025-06-06,timeseries.json,Noctiluca,168.098585977763,20.070891393591985,6.561746833660639e-58,601.1210997331284
2000-02-25 00:00:00+00:00,inference-2026-08-20T16-49-50Z-2025-06-06,timeseries.json,Phyto_Centrics,176.96172280435903,19.377184632869564,3.3096135238173663e-13,595.3286216914892
2000-02-25 00:00:00+00:00,inference-2026-08-20T16-49-50Z-2025-06-06,timeseries.json,Tripos,124.30642587885863,12.527300668181798,3.9645023328793866e-20,596.6198468593728
2000-02-25 00:00:00+00:00,inference-2026-08-20T16-49-50Z-2025-06-06,timeseries.json,bubbles,176.74626169371822,3.3520953041168005,4.368012573799481e-31,602.6419401081885
2000-02-25 00:00:00+00:00,inference-2026-08-20T16-49-50Z-2025-06-06,timeseries.json,copepods,47.32989403436971,0.0519703917018185,1.3379434134655545e-31,207.42810733619447
2000-02-25 00:00:00+00:00,inference-2026-08-20T16-49-50Z-2025-06-06,timeseries.json,fish_eggs,34.19203570167424,0.05397956093626678,3.613569429000874e-73,159.32844206378232
2000-02-25 00:00:00+00:00,inference-2026-08-20T16-49-50Z-2025-06-06,timeseries.json,fish_larvae,49.20543410930295,0.5738906057283264,1.0333943634155462e-25,217.68540247502233
2000-02-25 00:00:00+00:00,inference-2026-08-20T16-49-50Z-2025-06-06,timeseries.json,other,72.15963979995442,36.845246703820635,5.533671655356687e-07,230.2301308233426
2000-02-26 00:00:00+00:00,inference-2026-08-20T16-49-50Z-2025-06-06,timeseries.json,Noctiluca,2695.6085061076305,43.29124160666652,9.219295218065167e-47,7585.671741627892
2000-02-26 00:00:00+00:00,inference-2026-08-20T16-49-50Z-2025-06-06,timeseries.json,Phyto_Centrics,1171.8777641439874,10.442838019751953,5.084037854200479e-15,7569.562873194281
2000-02-26 00:00:00+00:00,inference-2026-08-20T16-49-50Z-2025-06-06,timeseries.json,Tripos,1309.9881270464678,2.1496941958541296,2.89248310191703e-25,7590.718719027451
2000-02-26 00:00:00+00:00,inference-2026-08-20T16-49-50Z-2025-06-06,timeseries.json,bubbles,2069.760760110612,0.6922476353300546,5.156214011245898e-40,7589.203918815576
2000-02-26 00:00:00+00:00,inference-2026-08-20T16-49-50Z-2025-06-06,timeseries.json,copepods,353.85798835626724,0.0029511882058924823,4.4183868298432856e-30,335.079621255342
2000-02-26 00:00:00+00:00,inference-2026-08-20T16-49-50Z-2025-06-06,timeseries.json,fish_eggs,1.415179702194615,1.0159427181246863e-05,1.1897653598749432e-56,10.970487655742813
2000-02-26 00:00:00+00:00,inference-2026-08-20T16-49-50Z-2025-06-06,timeseries.json,fish_larvae,2.220085806673649,0.002185147736641301,1.400167295495478e-50,13.802847863310678
2000-02-26 00:00:00+00:00,inference-2026-08-20T16-49-50Z-2025-06-06,timeseries.json,other,3.2715887261675216,0.1775024844113215,4.981820924228253e-10,16.72166413498822
2000-02-27 00:00:00+00:00,inference-2026-08-20T16-49-50Z-2025-06-06,timeseries.json,Noctiluca,45.8638838228249,2.134451247849883,1.6561012386433145e-63,150.3618098773367
2000-02-27 00:00:00+00:00,inference-2026-08-20T16-49-50Z-2025-06-06,timeseries.json,Phyto_Centrics,37.79076554880048,3.006173510527914,3.652137351680171e-14,148.85606165537516
2000-02-27 00:00:00+00:00,inference-2026-08-20T16-49-50Z-2025-06-06,timeseries.json,Tripos,33.758548245475666,1.2740275878607878,2.0303011943596764e-20,149.32026022070843
2000-02-27 00:00:00+00:00,inference-2026-08-20T16-49-50Z-2025-06-06,timeseries.json,bubbles,40.56424730599012,1.2377786658477306,4.922031282397161e-46,150.68394399446746
2000-02-27 00:00:00+00:00,inference-2026-08-20T16-49-50Z-2025-06-06,timeseries.json,copepods,14.468037402425153,0.3041458554211446,4.1934233492050516e-26,48.12874917803516
2000-02-27 00:00:00+00:00,inference-2026-08-20T16-49-50Z-2025-06-06,timeseries.json,fish_eggs,2.9651846268080444,2.522537380627164e-05,5.644573002239958e-73,23.131048548683918
2000-02-27 00:00:00+00:00,inference-2026-08-20T16-49-50Z-2025-06-06,timeseries.json,fish_larvae,8.512330514727251,0.02409532500276211,5.349731306881553e-43,45.13453949363302
2000-02-27 00:00:00+00:00,inference-2026-08-20T16-49-50Z-2025-06-06,timeseries.json,other,13.077002532948221,0.8910485213122146,2.7695780546936263e-09,46.4109869920637
2000-02-28 00:00:00+00:00,inference-2026-08-20T16-49-50Z-2025-06-06,timeseries.json,Noctiluca,5.1643698502374225,1.6226732786386866,8.177576362101905e-35,12.32591154548362
2000-02-28 00:00:00+00:00,inference-2026-08-20T16-49-50Z-2025-06-06,timeseries.json,Phyto_Centrics,11.697646044615235,0.19983341154563455,5.378683334901594e-15,84.84415230308078
2000-02-28 00:00:00+00:00,inference-2026-08-20T16-49-50Z-2025-06-06,timeseries.json,Tripos,18.689939621272764,0.5095988572414503,9.408065978024646e-19,122.21529453187614
2000-02-28 00:00:00+00:00,inference-2026-08-20T16-49-50Z-2025-06-06,timeseries.json,bubbles,10.053666023102252,0.4743258901558426,3.3842700102826e-33,64.90727874895741
2000-02-28 00:00:00+00:00,inference-2026-08-20T16-49-50Z-2025-06-06,timeseries.json,copepods,11.876907054358979,0.0033617409723612763,1.9395355133435922e-36,90.97424453206125
2000-02-28 00:00:00+00:00,inference-2026-08-20T16-49-50Z-2025-06-06,timeseries.json,fish_eggs,15.865958430438651,0.002272162461829113,3.652417257057615e-148,102.64776481219897
2000-02-28 00:00:00+00:00,inference-2026-08-20T16-49-50Z-2025-06-06,timeseries.json,fish_larvae,30.688796989933497,0.07890720264087471,8.975263283674415e-43,129.4087867173499
2000-02-28 00:00:00+00:00,inference-2026-08-20T16-49-50Z-2025-06-06,timeseries.json,other,37.96271598604122,8.023975759345712,7.022392549815917e-09,130.94811384200636
2000-02-29 00:00:00+00:00,inference-2026-08-20T16-49-50Z-2025-06-06,timeseries.json,Noctiluca,5.996846367336238,0.23680431452376352,5.975209711951147e-28,41.56119402029946
2000-02-29 00:00:00+00:00,inference-2026-08-20T16-49-50Z-2025-06-06,timeseries.json,Phyto_Centrics,10.495006511688723,0.2769865041345484,9.365351877732639e-16,69.38335998043719
2000-02-29 00:00:00+00:00,inference-2026-08-20T16-49-50Z-2025-06-06,timeseries.json,Tripos,13.166627429556764,0.14030922683722608,9.282488917327647e-23,76.45630113895689
2000-02-29 00:00:00+00:00,inference-2026-08-20T16-49-50Z-2025-06-06,timeseries.json,bubbles,10.72933827194038,0.6580468157968038,1.524362300723285e-35,66.27226899154931
2000-02-29 00:00:00+00:00,inference-2026-08-20T16-49-50Z-2025-06-06,timeseries.json,copepods,12.252258046601067,0.009949690135385379,6.715650420218077e-39,71.79568860858103
2000-02-29 00:00:00+00:00,inference-2026-08-20T16-49-50Z-2025-06-06,timeseries.json,fish_eggs,8.44207951809079,3.873008979639121e-05,3.8225504946000556e-60,60.322470567001034
2000-02-29 00:00:00+00:00,inference-2026-08-20T16-49-50Z-2025-06-06,timeseries.json,fish_larvae,17.834902187760285,0.11148794166007645,1.9679787172930713e-36,87.74997338299278
2000-02-29 00:00:00+00:00,inference-2026-08-20T16-49-50Z-2025-06-06,timeseries.json,other,29.08294166702582,6.247847751102632,4.4010809197782815e-09,100.99896110236685
2000-03-01 00:00:00+00:00,inference-2026-08-20T16-49-50Z-2025-06-06,timeseries.json,Noctiluca,994.5672112002418,40.98509214797963,1.5255010472173145e-23,3555.2288804557516
2000-03-01 00:00:00+00:00,inference-2026-08-20T16-49-50Z-2025-06-06,timeseries.json,Phyto_Centrics,927.3696137117439,111.33976169258003,1.2672744056376447e-13,3501.653081585779
2000-03-01 00:00:00+00:00,inference-2026-08-20T16-49-50Z-2025-06-06,timeseries.json,Tripos,889.7760382906285,89.97647337660763,9.363908948751291e-24,3537.9062655352677
2000-03-01 00:00:00+00:00,inference-2026-08-20T16-49-50Z-2025-06-06,timeseries.json,bubbles,772.9754510916797,4.051144464121876,5.648089095410043e-52,3560.6647639571033
2000-03-01 00:00:00+00:00,inference-2026-08-20T16-49-50Z-2025-06-06,timeseries.json,copepods,200.6190303728313,2.533747794535716,1.674269384622611e-48,616.5107467205743
2000-03-01 00:00:00+00:00,inference-2026-08-20T16-49-50Z-2025-06-06,timeseries.json,fish_eggs,48.59144903995888,0.00014482287277830787,1.7694798265641408e-74,451.57493220625776
2000-03-01 00:00:00+00:00,inference-2026-08-20T16-49-50Z-2025-06-06,timeseries.json,fish_larvae,144.01527449755042,1.1534377393437203,8.944302107130111e-27,612.8408789022997
2000-03-01 00:00:00+00:00,inference-2026-08-20T16-49-50Z-2025-06-06,timeseries.json,other,163.08593179536356,17.01121403198907,5.708339379893284e-10,584.2042002161788
2000-03-02 00:00:00+00:00,inference-2026-08-20T16-49-50Z-2025-06-06,timeseries.json,Noctiluca,1168.4316899318997,330.13934748166605,7.470974944643246e-37,3780.826454832109
2000-03-02 00:00:00+00:00,inference-2026-08-20T16-49-50Z-2025-06-06,timeseries.json,Phyto_Centrics,1058.1611146358048,52.00006874419031,5.4260105779460425e-11,3724.268267390208
2000-03-02 00:00:00+00:00,inference-2026-08-20T16-49-50Z-2025-06-06,timeseries.json,Tripos,763.7269183124346,49.47755621326036,4.201907479009446e-22,3738.2713760925553
2000-03-02 00:00:00+00:00,inference-2026-08-20T16-49-50Z-2025-06-06,timeseries.json,bubbles,809.1167877210993,1.047097200712403,4.656875582963826e-45,3791.7107798752277
2000-03-02 00:00:00+00:00,inference-2026-08-20T16-49-50Z-2025-06-06,timeseries.json,copepods,195.95070583350358,0.6260725396474811,1.9006435891920744e-30,534.0522045247836
2000-03-02 00:00:00+00:00,inference-2026-08-20T16-49-50Z-2025-06-06,timeseries.json,fish_eggs,67.28934698745448,0.013313460924702421,6.743478652785856e-158,398.6551355008109
2000-03-02 00:00:00+00:00,inference-2026-08-20T16-49-50Z-2025-06-06,timeseries.json,fish_larvae,167.341472903984,0.18281119195433188,1.775721430270367e-27,687.5623195918959
2000-03-02 00:00:00+00:00,inference-2026-08-20T16-49-50Z-2025-06-06,timeseries.json,other,212.98196367382013,114.28057318884788,1.0100688477696366e-06,694.99282998911
2000-03-03 00:00:00+00:00,inference-2026-08-20T16-49-50Z-2025-06-06,timeseries.json,Noctiluca,3302.535238817034,19.51191257846395,3.389173938668104e-30,9004.703827975914
2000-03-03 00:00:00+00:00,inference-2026-08-20T16-49-50Z-2025-06-06,timeseries.json,Phyto_Centrics,1239.6402251716356,1.251749545857454,1.4079845558745443e-16,8977.16623111549
2000-03-03 00:00:00+00:00,inference-2026-08-20T16-49-50Z-2025-06-06,timeseries.json,Tripos,1365.7535113602005,2.2700118021355897,1.7789147092318667e-21,8976.550795678857
2000-03-03 00:00:00+00:00,inference-2026-08-20T16-49-50Z-2025-06-06,timeseries.json,bubbles,2655.3097437280308,0.7378714550468723,4.2939207890301975e-45,9004.12554548811
2000-03-03 00:00:00+00:00,inference-2026-08-20T16-49-50Z-2025-06-06,timeseries.json,copepods,460.8782432395942,0.024502765259557933,6.765715538757133e-38,624.478681987468
2000-03-03 00:00:00+00:00,inference-2026-08-20T16-49-50Z-2025-06-06,timeseries.json,fish_eggs,16.60244998528766,0.00042294232141674754,3.676739000384183e-107,95.96531835886526
2000-03-03 00:00:00+00:00,inference-2026-08-20T16-49-50Z-2025-06-06,timeseries.json,fish_larvae,21.954827425627627,0.14819560358327366,3.433029419110948e-28,100.29562032100944
2000-03-03 00:00:00+00:00,inference-2026-08-20T16-49-50Z-2025-06-06,timeseries.json,other,29.32576027258439,9.085752066795077,1.3690130851653869e-07,95.44892143412234
2000-03-04 00:00:00+00:00,inference-2026-08-20T16-49-50Z-2025-06-06,timeseries.json,Noctiluca,4252.928130385672,6.6281804488773615,1.3329702477081304e-27,10673.01244209025
2000-03-04 00:00:00+00:00,inference-2026-08-20T16-49-50Z-2025-06-06,timeseries.json,Phyto_Centrics,1080.2964503195021,0.15893720917352486,2.5565226712870994e-15,10623.048144802031
2000-03-04 00:00:00+00:00,inference-2026-08-20T16-49-50Z-2025-06-06,timeseries.json,Tripos,1600.025416880442,0.09902096627002308,4.098997481287189e-18,10646.981423865589
2000-03-04 00:00:00+00:00,inference-2026-08-20T16-49-50Z-2025-06-06,timeseries.json,bubbles,3198.724769569935,0.10096323738129268,8.466260912046083e-62,10673.078861273498
2000-03-04 00:00:00+00:00,inference-2026-08-20T16-49-50Z-2025-06-06,timeseries.json,copepods,532.3828591853461,0.00017284167618993046,6.249558905959952e-41,583.2488512581074
2000-03-04 00:00:00+00:00,inference-2026-08-20T16-49-50Z-2025-06-06,timeseries.json,fish_eggs,3.3824211159017867,2.392653079437879e-05,5.3013514299296734e-55,23.307711185755526
2000-03-04 00:00:00+00:00,inference-2026-08-20T16-49-50Z-2025-06-06,timeseries.json,fish_larvae,3.2756763274532137,0.0008821611096762846,9.066675139017708e-37,21.522571310044658
2000-03-04 00:00:00+00:00,inference-2026-08-20T16-49-50Z-2025-06-06,timeseries.json,other,3.9842762157389955,0.050396719679516866,5.587011762535611e-10,27.382876320563042
2000-03-05 00:00:00+00:00,inference-2026-08-20T16-49-50Z-2025-06-06,timeseries.json,Noctiluca,3658.3251787289105,24.601512716781052,5.5549433512283e-52,9400.631076351396
2000-03-05 00:00:00+00:00,inference-2026-08-20T16-49-50Z-2025-06-06,timeseries.json,Phyto_Centrics,1054.8632603424119,0.19217272633690596,3.9236579564897597e-16,9367.163218526153
2000-03-05 00:00:00+00:00,inference-2026-08-20T16-49-50Z-2025-06-06,timeseries.json,Tripos,1422.5862421442698,3.0821606859274238,2.0891758316441072e-19,9373.451687770617
2000-03-05 00:00:00+00:00,inference-2026-08-20T16-49-50Z-2025-06-06,timeseries.json,bubbles,2799.706457089674,2.85429765235809,1.2320558540010593e-32,9396.869149263908
2000-03-05 00:00:00+00:00,inference-2026-08-20T16-49-50Z-2025-06-06,timeseries.json,copepods,467.4323832040012,0.0010688966231953722,3.3956764470202065e-38,494.06412534703855
2000-03-05 00:00:00+00:00,inference-2026-08-20T16-49-50Z-2025-06-06,timeseries.json,fish_eggs,10.499804760011424,0.0010131761730258404,3.738736246265264e-60,61.91346938877838
2000-03-05 00:00:00+00:00,inference-2026-08-20T16-49-50Z-2025-06-06,timeseries.json,fish_larvae,6.806320936225016,0.019062966634866497,5.878018682181126e-25,40.24131101644225
2000-03-05 00:00:00+00:00,inference-2026-08-20T16-49-50Z-2025-06-06,timeseries.json,other,16.78035279449037,2.6491710501924777,2.6441688053431513e-08,69.07144738037034
2000-03-06 00:00:00+00:00,inference-2026-08-20T16-49-50Z-2025-06-06,timeseries.json,Noctiluca,2681.6282397284626,57.5039722972522,6.401529002977843e-22,6745.6356907262225
2000-03-06 00:00:00+00:00,inference-2026-08-20T16-49-50Z-2025-06-06,timeseries.json,Phyto_Centrics,706.3463554666353,2.2562542396240115,2.879470931585411e-10,6698.49708467479
2000-03-06 00:00:00+00:00,inference-2026-08-20T16-49-50Z-2025-06-06,timeseries.json,Tripos,1012.8140627394919,2.4905344593905507,4.796932470649344e-24,6691.416577480097
2000-03-06 00:00:00+00:00,inference-2026-08-20T16-49-50Z-2025-06-06,timeseries.json,bubbles,2014.6059868132381,2.290860695083655,1.0886883628853151e-32,6736.286638206849
2000-03-06 00:00:00+00:00,inference-2026-08-20T16-49-50Z-2025-06-06,timeseries.json,copepods,331.9333391381822,0.0008555825208059622,1.551479609369924e-38,351.8547240471833
2000-03-06 00:00:00+00:00,inference-2026-08-20T16-49-50Z-2025-06-06,timeseries.json,fish_eggs,10.330368984935628,0.012909898981114297,6.615693759956697e-84,58.92555392016434
2000-03-06 00:00:00+00:00,inference-2026-08-20T16-49-50Z-2025-06-06,timeseries.json,fish_larvae,8.448408948070377,0.016476560044076684,1.5701803389533718e-34,55.99544386381627
2000-03-06 00:00:00+00:00,inference-2026-08-20T16-49-50Z-2025-06-06,timeseries.json,other,11.893238180982982,0.3787247161350167,2.141886085035588e-08,67.259735066963
2000-03-07 00:00:00+00:00,inference-2026-08-20T16-49-50Z-2025-06-06,timeseries.json,Noctiluca,25.69158471857094,4.6929016920050035,7.254769607657699e-25,72.82860652464858
2000-03-07 00:00:00+00:00,inference-2026-08-20T16-49-50Z-2025-06-06,timeseries.json,Phyto_Centrics,21.665875827279873,0.6867955554795958,1.0930702263668199e-12,73.9341034015438
2000-03-07 00:00:00+00:00,inference-2026-08-20T16-49-50Z-2025-06-06,timeseries.json,Tripos,36.63604489334254,6.187419511196017,2.878825640347261e-21,130.22809428792954
2000-03-07 00:00:00+00:00,inference-2026-08-20T16-49-50Z-2025-06-06,timeseries.json,bubbles,16.887776621641915,0.058648115576576856,1.689657594940165e-64,71.83699453617204
2000-03-07 00:00:00+00:00,inference-2026-08-20T16-49-50Z-2025-06-06,timeseries.json,copepods,19.968166823836167,0.0030725800284156055,4.797663631606043e-39,121.35652342043853
2000-03-07 00:00:00+00:00,inference-2026-08-20T16-49-50Z-2025-06-06,timeseries.json,fish_eggs,12.732567346172248,0.00021630937096953152,1.3302125286689547e-93,112.11861712048635
2000-03-07 00:00:00+00:00,inference-2026-08-20T16-49-50Z-2025-06-06,timeseries.json,fish_larvae,35.38690819141348,0.3179674367631813,5.6719317146467516e-31,131.1621286566118
2000-03-07 00:00:00+00:00,inference-2026-08-20T16-49-50Z-2025-06-06,timeseries.json,other,34.03107557774282,3.045841549981114,2.0955224547351617e-09,130.67791030732306
2000-03-08 00:00:00+00:00,inference-2026-08-20T16-49-50Z-2025-06-06,timeseries.json,Noctiluca,1.0889417367654142,0.011587893453650605,3.8986027701665035e-36,2.368163656679028
2000-03-08 00:00:00+00:00,inference-2026-08-20T16-49-50Z-2025-06-06,timeseries.json,Phyto_Centrics,6.055584600312259,0.0043031475121651135,7.494368345962768e-20,46.91033471206777
2000-03-08 00:00:00+00:00,inference-2026-08-20T16-49-50Z-2025-06-06,timeseries.json,Tripos,15.803828881263858,0.0516398211745511,1.3543870762625017e-20,106.54769057866183
2000-03-08 00:00:00+00:00,inference-2026-08-20T16-49-50Z-2025-06-06,timeseries.json,bubbles,1.6226194362879123,0.023475562271301327,1.9579410694986064e-34,5.405949600726154
2000-03-08 00:00:00+00:00,inference-2026-08-20T16-49-50Z-2025-06-06,timeseries.json,copepods,14.615835412790972,0.0015871712643892692,9.994653723467667e-30,106.3351030225419
2000-03-08 00:00:00+00:00,inference-2026-08-20T16-49-50Z-2025-06-06,timeseries.json,fish_eggs,11.082451467673492,0.00012359653220667179,4.438947451819835e-65,103.30603750190174
2000-03-08 00:00:00+00:00,inference-2026-08-20T16-49-50Z-2025-06-06,timeseries.json,fish_larvae,34.87991813517013,0.32682047201690323,4.607663507692576e-37,107.42263428974317
2000-03-08 00:00:00+00:00,inference-2026-08-20T16-49-50Z-2025-06-06,timeseries.json,other,23.850820329735917,0.5780919763473917,5.593234413576929e-09,107.97509084954847
2000-03-09 00:00:00+00:00,inference-2026-08-20T16-49-50Z-2025-06-06,timeseries.json,Noctiluca,3.661955408391041,0.39160137714605303,6.790798562300635e-26,13.92631142370267
2000-03-09 00:00:00+00:00,inference-2026-08-20T16-49-50Z-2025-06-06,timeseries.json,Phyto_Centrics,12.081538047509325,0.2514958381173242,3.36657329531398e-19,90.74737943651392
2000-03-09 00:00:00+00:00,inference-2026-08-20T16-49-50Z-2025-06-06,timeseries.json,Tripos,24.516348490640492,0.1996075835539814,1.6396600262836095e-22,154.67240467062965
2000-03-09 00:00:00+00:00,inference-2026-08-20T16-49-50Z-2025-06-06,timeseries.json,bubbles,8.488621950106992,0.32712858373518977,2.4510364323384764e-35,50.25237397881464
2000-03-09 00:00:00+00:00,inference-2026-08-20T16-49-50Z-2025-06-06,timeseries.json,copepods,18.285710836986258,0.0019290757608894928,2.7568461186505616e-40,134.78721718544435
2000-03-09 00:00:00+00:00,inference-2026-08-20T16-49-50Z-2025-06-06,timeseries.json,fish_eggs,15.925427902623024,7.713761448194294e-05,9.19526455714412e-95,130.94153784259993
2000-03-09 00:00:00+00:00,inference-2026-08-20T16-49-50Z-2025-06-06,timeseries.json,fish_larvae,43.77796524431636,0.2576918522053532,2.466475930455741e-37,158.14365368321225
2000-03-09 00:00:00+00:00,inference-2026-08-20T16-49-50Z-2025-06-06,timeseries.json,other,38.26243211942647,1.3045157762906079,2.2026773562290292e-11,157.85951267490964
2000-03-10 00:00:00+00:00,inference-2026-08-20T16-49-50Z-2025-06-06,timeseries.json,Noctiluca,3452.1673659477683,93.34002588924119,5.6942201730136666e-33,8873.12182350725
2000-03-10 00:00:00+00:00,inference-2026-08-20T16-49-50Z-2025-06-06,timeseries.json,Phyto_Centrics,992.814207203688,11.99652528995778,1.9411524389895467e-11,8821.47768041938
2000-03-10 00:00:00+00:00,inference-2026-08-20T16-49-50Z-2025-06-06,timeseries.json,Tripos,1487.7370542592325,21.511443924988015,2.932673415151097e-23,8845.639840831085
2000-03-10 00:00:00+00:00,inference-2026-08-20T16-49-50Z-2025-06-06,timeseries.json,bubbles,2658.2576979106893,1.3732941917062653,7.091926182480899e-31,8859.314168114473
2000-03-10 00:00:00+00:00,inference-2026-08-20T16-49-50Z-2025-06-06,timeseries.json,copepods,498.7489912898105,0.01063203426993076,1.04695725853981e-30,963.7887740412775
2000-03-10 00:00:00+00:00,inference-2026-08-20T16-49-50Z-2025-06-06,timeseries.json,fish_eggs,49.07449156308442,3.570145083892158e-05,2.496599382174724e-72,436.42473844093763
2000-03-10 00:00:00+00:00,inference-2026-08-20T16-49-50Z-2025-06-06,timeseries.json,fish_larvae,150.79504594856965,0.554297768591016,9.338214094581072e-39,592.1313504441335
2000-03-10 00:00:00+00:00,inference-2026-08-20T16-49-50Z-2025-06-06,timeseries.json,other,165.4051458771495,28.23136822146217,5.602615442361717e-09,576.2448755420735
2000-03-11 00:00:00+00:00,inference-2026-08-20T16-49-50Z-2025-06-06,timeseries.json,Noctiluca,3804.380645279232,14.718489067304933,4.4074888667977463e-20,9543.434270729627
2000-03-11 00:00:00+00:00,inference-2026-08-20T16-49-50Z-2025-06-06,timeseries.json,Phyto_Centrics,979.6077174143061,1.577325847509543,3.022276810337662e-11,9510.047275131616
2000-03-11 00:00:00+00:00,inference-2026-08-20T16-49-50Z-2025-06-06,timeseries.json,Tripos,1437.0958675844283,0.7532882557920149,1.2106873440975137e-24,9505.724942884655
2000-03-11 00:00:00+00:00,inference-2026-08-20T16-49-50Z-2025-06-06,timeseries.json,bubbles,2846.305694394542,4.1064300405327625,7.975601338871591e-35,9541.944271257538
2000-03-11 00:00:00+00:00,inference-2026-08-20T16-49-50Z-2025-06-06,timeseries.json,copepods,474.76761085074594,0.0018297044565351904,4.436774373698155e-48,412.09667158804973
2000-03-11 00:00:00+00:00,inference-2026-08-20T16-49-50Z-2025-06-06,timeseries.json,fish_eggs,3.303326395713252,5.0863825883704155e-05,1.304616129148725e-53,19.685120542096335
2000-03-11 00:00:00+00:00,inference-2026-08-20T16-49-50Z-2025-06-06,timeseries.json,fish_larvae,4.233420305255825,0.0029624111326059036,1.970196669305792e-34,26.199339379979037
2000-03-11 00:00:00+00:00,inference-2026-08-20T16-49-50Z-2025-06-06,timeseries.json,other,7.305717775774155,0.6185477934888228,9.387375675567441e-09,36.48100556180313
2000-03-12 00:00:00+00:00,inference-2026-08-20T16-49-50Z-2025-06-06,timeseries.json,Noctiluca,1325.5378992597166,116.29300787251869,4.38095926197954e-27,4910.226927923386
2000-03-12 00:00:00+00:00,inference-2026-08-20T16-49-50Z-2025-06-06,timeseries.json,Phyto_Centrics,1396.0144316329352,218.11488343715666,2.5641284185021517e-14,4881.628148863119
2000-03-12 00:00:00+00:00,inference-2026-08-20T16-49-50Z-2025-06-06,timeseries.json,Tripos,1031.838358443185,49.880158400650615,1.075351995958552e-23,4893.433205891763
2000-03-12 00:00:00+00:00,inference-2026-08-20T16-49-50Z-2025-06-06,timeseries.json,bubbles,1110.0592999398866,140.68072358905658,1.2585339300057833e-61,4909.134086408891
2000-03-12 00:00:00+00:00,inference-2026-08-20T16-49-50Z-2025-06-06,timeseries.json,copepods,243.79986088938296,0.08642678812378288,1.985790371112189e-48,395.37396365671407
2000-03-12 00:00:00+00:00,inference-2026-08-20T16-49-50Z-2025-06-06,timeseries.json,fish_eggs,42.90969206267042,0.017681923002963097,5.537268379501228e-58,232.55275358301213
2000-03-12 00:00:00+00:00,inference-2026-08-20T16-49-50Z-2025-06-06,timeseries.json,fish_larvae,61.093256943017735,0.1316090875670702,5.536334146821193e-32,309.9454610696566
2000-03-12 00:00:00+00:00,inference-2026-08-20T16-49-50Z-2025-06-06,timeseries.json,other,122.74720082920514,61.11403488569386,1.0137572767258676e-07,380.8119134139048
2000-03-13 00:00:00+00:00,inference-2026-08-20T16-49-50Z-2025-06-06,timeseries.json,Noctiluca,12.537589746320915,0.8839034144713889,2.0049093280954884e-27,99.88962917882158
2000-03-13 00:00:00+00:00,inference-2026-08-20T16-49-50Z-2025-06-06,timeseries.json,Phyto_Centrics,26.37279875972083,0.22972112264538597,1.024037616697848e-17,143.6994525555983
2000-03-13 00:00:00+00:00,inference-2026-08-20T16-49-50Z-2025-06-06,timeseries.json,Tripos,15.46919883480168,0.06529606678531508,7.234341619167962e-23,113.26133859429534
2000-03-13 00:00:00+00:00,inference-2026-08-20T16-49-50Z-2025-06-06,timeseries.json,bubbles,30.183807146913644,1.275275077804967,3.837325187071957e-57,155.9151077927162
2000-03-13 00:00:00+00:00,inference-2026-08-20T16-49-50Z-2025-06-06,timeseries.json,copepods,35.175945166237064,0.8072393878413401,1.2274457006294935e-38,170.71235785044357
2000-03-13 00:00:00+00:00,inference-2026-08-20T16-49-50Z-2025-06-06,timeseries.json,fish_eggs,20.857463821642625,0.00031901219621108663,1.2869618122281565e-69,115.98719923161134
2000-03-13 00:00:00+00:00,inference-2026-08-20T16-49-50Z-2025-06-06,timeseries.json,fish_larvae,30.79029885941058,0.4847919757175752,5.32922238220483e-44,129.64437314408897
2000-03-13 00:00:00+00:00,inference-2026-08-20T16-49-50Z-2025-06-06,timeseries.json,other,45.61289766495274,5.590847063409153,2.4065579331739256e-08,175.23985617609688
2000-03-14 00:00:00+00:00,inference-2026-08-20T16-49-50Z-2025-06-06,timeseries.json,Noctiluca,16.89045871325061,2.639811900920405,2.9176824420641887e-31,71.98040205395681
2000-03-14 00:00:00+00:00,inference-2026-08-20T16-49-50Z-2025-06-06,timeseries.json,Phyto_Centrics,17.368267130602234,1.410515056827609,3.1454026407673414e-17,77.18166916384587
2000-03-14 00:00:00+00:00,inference-2026-08-20T16-49-50Z-2025-06-06,timeseries.json,Tripos,9.448651257908974,0.07960482445795802,1.402082541328019e-21,41.94049983094522
2000-03-14 00:00:00+00:00,inference-2026-08-20T16-49-50Z-2025-06-06,timeseries.json,bubbles,27.597868161512555,21.681472366624725,7.047825481802866e-30,97.24420037142754
2000-03-14 00:00:00+00:00,inference-2026-08-20T16-49-50Z-2025-06-06,timeseries.json,copepods,46.691569508778386,30.25275166975898,1.8851650073032447e-36,150.51656473856852
2000-03-14 00:00:00+00:00,inference-2026-08-20T16-49-50Z-2025-06-06,timeseries.json,fish_eggs,11.101307300972499,1.6654031085770405e-05,2.4062921184698505e-64,75.89046587223568
2000-03-14 00:00:00+00:00,inference-2026-08-20T16-49-50Z-2025-06-06,timeseries.json,fish_larvae,18.83868034901942,0.05023401142272346,7.6617080881126305e-25,103.09540413323928
2000-03-14 00:00:00+00:00,inference-2026-08-20T16-49-50Z-2025-06-06,timeseries.json,other,40.063197577955506,2.369889879304888,4.535267078882625e-08,146.68147412331808
2000-03-15 00:00:00+00:00,inference-2026-08-20T16-49-50Z-2025-06-06,timeseries.json,Noctiluca,226.1212356245312,68.8374744511257,2.4655728080735e-23,891.6641871574465
2000-03-15 00:00:00+00:00,inference-2026-08-20T16-49-50Z-2025-06-06,timeseries.json,Phyto_Centrics,298.7481557185082,115.51305830800075,1.757319601819454e-17,1077.771431599596
2000-03-15 00:00:00+00:00,inference-2026-08-20T16-49-50Z-2025-06-06,timeseries.json,Tripos,295.2494368567776,9.274839479302162,9.093591604509974e-19,1610.7826310101814
2000-03-15 00:00:00+00:00,inference-2026-08-20T16-49-50Z-2025-06-06,timeseries.json,bubbles,303.98853346167266,218.48459514703694,4.542109966220092e-24,1032.7632225941447
2000-03-15 00:00:00+00:00,inference-2026-08-20T16-49-50Z-2025-06-06,timeseries.json,copepods,662.4546410029193,554.3708111938068,3.8646887946587127e-29,1754.2873630731167
2000-03-15 00:00:00+00:00,inference-2026-08-20T16-49-50Z-2025-06-06,timeseries.json,fish_eggs,137.99006713962603,6.596620297094903e-05,7.517540011290051e-125,792.7748343500996
2000-03-15 00:00:00+00:00,inference-2026-08-20T16-49-50Z-2025-06-06,timeseries.json,fish_larvae,376.0278848182416,11.485873248682186,1.2753423007499498e-35,1684.6600274048644
2000-03-15 00:00:00+00:00,inference-2026-08-20T16-49-50Z-2025-06-06,timeseries.json,other,697.420045377724,234.0648605113084,4.572447088859317e-06,2365.129473180324
2000-03-16 00:00:00+00:00,inference-2026-08-20T16-49-50Z-2025-06-06,timeseries.json,Noctiluca,2345.886250855099,472.3182440775624,5.360622253821873e-31,5838.039189361737
2000-03-16 00:00:00+00:00,inference-2026-08-20T16-49-50Z-2025-06-06,timeseries.json,Phyto_Centrics,715.4673584737433,4.1821693472872115,2.365543555448358e-07,5806.352397611177
2000-03-16 00:00:00+00:00,inference-2026-08-20T16-49-50Z-2025-06-06,timeseries.json,Tripos,931.6983613974587,1.7558262553484316,1.2213599062896238e-18,5797.98613086499
2000-03-16 00:00:00+00:00,inference-2026-08-20T16-49-50Z-2025-06-06,timeseries.json,bubbles,1740.932488502122,0.2793309243916129,6.210378292211419e-44,5828.954634384736
2000-03-16 00:00:00+00:00,inference-2026-08-20T16-49-50Z-2025-06-06,timeseries.json,copepods,310.7821380612079,0.0002422270879755728,4.60046767259574e-27,744.1088054546248
2000-03-16 00:00:00+00:00,inference-2026-08-20T16-49-50Z-2025-06-06,timeseries.json,fish_eggs,79.43672681591913,0.00018251347537935413,1.1898007170614248e-88,536.2817573749584
2000-03-16 00:00:00+00:00,inference-2026-08-20T16-49-50Z-2025-06-06,timeseries.json,fish_larvae,104.56966558655229,0.033983941989324556,2.2186171866131714e-36,543.8590494847625
2000-03-16 00:00:00+00:00,inference-2026-08-20T16-49-50Z-2025-06-06,timeseries.json,other,74.22701030789966,0.10677460869223515,1.205380546610924e-10,483.1015443189717
2000-03-17 00:00:00+00:00,inference-2026-08-20T16-49-50Z-2025-06-06,timeseries.json,Noctiluca,2663.0464963786476,99.91704796778521,1.6830317690497393e-36,6670.700290126802
2000-03-17 00:00:00+00:00,inference-2026-08-20T16-49-50Z-2025-06-06,timeseries.json,Phyto_Centrics,699.651016484269,1.7129363274535891,1.3699223202911448e-09,6638.817725860301
2000-03-17 00:00:00+00:00,inference-2026-08-20T16-49-50Z-2025-06-06,timeseries.json,Tripos,1009.6876602993381,0.2796406283573121,5.172628350627785e-21,6635.189836880438
2000-03-17 00:00:00+00:00,inference-2026-08-20T16-49-50Z-2025-06-06,timeseries.json,bubbles,1996.1738101667722,0.04623195654488742,3.693826473128777e-40,6669.252724119787
2000-03-17 00:00:00+00:00,inference-2026-08-20T16-49-50Z-2025-06-06,timeseries.json,copepods,333.21376138876906,0.0006073586584016432,3.3361881128333456e-30,414.7785632068485
2000-03-17 00:00:00+00:00,inference-2026-08-20T16-49-50Z-2025-06-06,timeseries.json,fish_eggs,16.757540158974376,8.057101142747004e-05,8.803776463168313e-68,129.4066070228441
2000-03-17 00:00:00+00:00,inference-2026-08-20T16-49-50Z-2025-06-06,timeseries.json,fish_larvae,22.95665597808976,0.01944041751158123,5.178317550554814e-20,126.87934512058754
2000-03-17 00:00:00+00:00,inference-2026-08-20T16-49-50Z-2025-06-06,timeseries.json,other,16.513059145140655,0.047699925889696175,5.398123823594361e-11,113.62487862580335
2000-03-18 00:00:00+00:00,inference-2026-08-20T16-49-50Z-2025-06-06,timeseries.json,Noctiluca,2377.6205518712504,3.916153055073738,6.983795946487638e-41,6274.732820651568
2000-03-18 00:00:00+00:00,inference-2026-08-20T16-49-50Z-2025-06-06,timeseries.json,Phyto_Centrics,791.211072166698,0.3254877187101194,1.2603919134534473e-15,6270.6282063503095
2000-03-18 00:00:00+00:00,inference-2026-08-20T16-49-50Z-2025-06-06,timeseries.json,Tripos,957.8775051508767,0.03865058790741845,1.1541049919152256e-22,6272.368206964298
2000-03-18 00:00:00+00:00,inference-2026-08-20T16-49-50Z-2025-06-06,timeseries.json,bubbles,1840.817911388715,0.032403623300672424,7.146921093637544e-51,6274.938123909624
2000-03-18 00:00:00+00:00,inference-2026-08-20T16-49-50Z-2025-06-06,timeseries.json,copepods,307.29741450014023,0.00010870833142437341,4.616730047845204e-33,252.75072123524694
2000-03-18 00:00:00+00:00,inference-2026-08-20T16-49-50Z-2025-06-06,timeseries.json,fish_eggs,0.28662947479017586,2.977201406565995e-08,2.3804498642115962e-70,1.488486395785228
2000-03-18 00:00:00+00:00,inference-2026-08-20T16-49-50Z-2025-06-06,timeseries.json,fish_larvae,0.3172373348681191,0.0005579208500250466,2.877389335229715e-30,1.8658877912257046
2000-03-18 00:00:00+00:00,inference-2026-08-20T16-49-50Z-2025-06-06,timeseries.json,other,0.5716781126569911,0.011220511151633058,2.6148988498502353e-11,3.174814956383291
2000-03-19 00:00:00+00:00,inference-2026-08-20T16-49-50Z-2025-06-06,timeseries.json,Noctiluca,10.266489825601655,1.670099541251437,1.4389890087832974e-30,61.20712244145283
2000-03-19 00:00:00+00:00,inference-2026-08-20T16-49-50Z-2025-06-06,timeseries.json,Phyto_Centrics,11.279873149464375,0.14821289484129485,2.9634246464344315e-16,69.50514379194335
2000-03-19 00:00:00+00:00,inference-2026-08-20T16-49-50Z-2025-06-06,timeseries.json,Tripos,8.564923906990133,0.4652761506034949,1.3566155566020964e-18,47.918380488673776
2000-03-19 00:00:00+00:00,inference-2026-08-20T16-49-50Z-2025-06-06,timeseries.json,bubbles,14.33591918946525,2.9524389119075414,1.5004988084030355e-38,69.83892574930528
2000-03-19 00:00:00+00:00,inference-2026-08-20T16-49-50Z-2025-06-06,timeseries.json,copepods,27.766250349494953,9.362099382951733,1.305412390450639e-22,104.71925254227077
2000-03-19 00:00:00+00:00,inference-2026-08-20T16-49-50Z-2025-06-06,timeseries.json,fish_eggs,7.759384104299723,7.026767424988408e-05,1.0538787104072934e-56,58.439159407607875
2000-03-19 00:00:00+00:00,inference-2026-08-20T16-49-50Z-2025-06-06,timeseries.json,fish_larvae,13.470844471981916,0.005212260598986014,9.473556957243412e-29,87.85004610443346
2000-03-19 00:00:00+00:00,inference-2026-08-20T16-49-50Z-2025-06-06,timeseries.json,other,32.55631500270201,2.87373380704308,5.992034284514206e-08,108.59710342948068
2000-03-20 00:00:00+00:00,inference-2026-08-20T16-49-50Z-2025-06-06,timeseries.json,Noctiluca,54.65352910173466,2.647185179425007,3.863861703676681e-35,169.51055281484417
2000-03-20 00:00:00+00:00,inference-2026-08-20T16-49-50Z-2025-06-06,timeseries.json,Phyto_Centrics,33.80920145602509,1.968745683534332,2.791914045646178e-14,167.66127930564514
2000-03-20 00:00:00+00:00,inference-2026-08-20T16-49-50Z-2025-06-06,timeseries.json,Tripos,33.89560654371814,1.4325289758091226,1.8187247419513227e-23,167.86436869473866
2000-03-20 00:00:00+00:00,inference-2026-08-20T16-49-50Z-2025-06-06,timeseries.json,bubbles,46.42505277366996,1.230118059827725,4.310540689130308e-29,169.23249315020269
2000-03-20 00:00:00+00:00,inference-2026-08-20T16-49-50Z-2025-06-06,timeseries.json,copepods,6.342561204008637,0.00020449624440846095,5.664400013800904e-45,15.729387379307095
2000-03-20 00:00:00+00:00,inference-2026-08-20T16-49-50Z-2025-06-06,timeseries.json,fish_eggs,2.4345047426357436,0.0037501845435622587,2.1772067793006007e-103,14.089588389348945
2000-03-20 00:00:00+00:00,inference-2026-08-20T16-49-50Z-2025-06-06,timeseries.json,fish_larvae,2.5227408371275595,0.03148096390983632,1.1773771368259051e-23,13.678262036000836
2000-03-20 00:00:00+00:00,inference-2026-08-20T16-49-50Z-2025-06-06,timeseries.json,other,3.9168033410802336,0.35408019258217166,3.3598789766869925e-09,15.11761902160442
2000-03-21 00:00:00+00:00,inference-2026-08-20T16-49-50Z-2025-06-06,timeseries.json,Noctiluca,7.4192855689119295,1.6088320018088043,6.341967601406883e-26,28.793724540911214
2000-03-21 00:00:00+00:00,inference-2026-08-20T16-49-50Z-2025-06-06,timeseries.json,Phyto_Centrics,9.131828636471685,0.2782489847580977,8.541989277105714e-15,62.915972064891655
2000-03-21 00:00:00+00:00,inference-2026-08-20T16-49-50Z-2025-06-06,timeseries.json,Tripos,16.614626738906473,0.2644003870209697,6.290879682086614e-23,113.20354388290333
2000-03-21 00:00:00+00:00,inference-2026-08-20T16-49-50Z-2025-06-06,timeseries.json,bubbles,7.565294683877396,0.26878102191947356,1.5699236124544022e-43,34.50364128686201
2000-03-21 00:00:00+00:00,inference-2026-08-20T16-49-50Z-2025-06-06,timeseries.json,copepods,16.792848275989574,0.005039824936615039,4.13343411797773e-33,109.09197759738329
2000-03-21 00:00:00+00:00,inference-2026-08-20T16-49-50Z-2025-06-06,timeseries.json,fish_eggs,9.111216439891644,0.0001268055941098426,4.9979775446384236e-59,72.60103342873782
2000-03-21 00:00:00+00:00,inference-2026-08-20T16-49-50Z-2025-06-06,timeseries.json,fish_larvae,20.784977764412126,0.02076651743147007,1.1741113422619538e-27,113.33629021132207
2000-03-21 00:00:00+00:00,inference-2026-08-20T16-49-50Z-2025-06-06,timeseries.json,other,40.5799218915392,15.9585970268364,1.9155286210095946e-09,117.54712716354275
2000-03-22 00:00:00+00:00,inference-2026-08-20T16-49-50Z-2025-06-06,timeseries.json,Noctiluca,407.7032497900464,88.34210909482361,6.598993403009269e-27,1705.4209940978376
2000-03-22 00:00:00+00:00,inference-2026-08-20T16-49-50Z-2025-06-06,timeseries.json,Phyto_Centrics,511.47739207763885,187.0219341911264,8.826660552554038e-12,1810.7772384595878
2000-03-22 00:00:00+00:00,inference-2026-08-20T16-49-50Z-2025-06-06,timeseries.json,Tripos,378.28843755579913,37.84083917071729,3.129541114222342e-19,1742.3873341710641
2000-03-22 00:00:00+00:00,inference-2026-08-20T16-49-50Z-2025-06-06,timeseries.json,bubbles,597.4336561415187,478.4411009053898,1.4212461418857566e-36,1976.31659553449
2000-03-22 00:00:00+00:00,inference-2026-08-20T16-49-50Z-2025-06-06,timeseries.json,copepods,787.1072028130624,672.4187987353632,1.2078883729309675e-21,2020.3101834357585
2000-03-22 00:00:00+00:00,inference-2026-08-20T16-49-50Z-2025-06-06,timeseries.json,fish_eggs,279.0807557410621,0.22892952581082157,2.432883539358586e-42,1525.379578502472
2000-03-22 00:00:00+00:00,inference-2026-08-20T16-49-50Z-2025-06-06,timeseries.json,fish_larvae,553.5974428470736,12.54625975074692,1.9952702349652066e-39,2249.5339647643596
2000-03-22 00:00:00+00:00,inference-2026-08-20T16-49-50Z-2025-06-06,timeseries.json,other,858.3118630338008,158.93844697049255,9.996166455729964e-09,3191.0572672219873
2000-03-23 00:00:00+00:00,inference-2026-08-20T16-49-50Z-2025-06-06,timeseries.json,Noctiluca,3060.75758023486,1252.5563858591922,1.0177461131463789e-29,8458.175060345846
2000-03-23 00:00:00+00:00,inference-2026-08-20T16-49-50Z-2025-06-06,timeseries.json,Phyto_Centrics,2024.1281861300506,1164.841778980247,8.739889860952787e-11,8711.718916526048
2000-03-23 00:00:00+00:00,inference-2026-08-20T16-49-50Z-2025-06-06,timeseries.json,Tripos,1872.6378768615439,4.269633924360628,4.412679751271956e-31,9770.849494997272
2000-03-23 00:00:00+00:00,inference-2026-08-20T16-49-50Z-2025-06-06,timeseries.json,bubbles,2427.19542753598,2.6922930296068746,2.1290027221701516e-42,8430.83255751338
2000-03-23 00:00:00+00:00,inference-2026-08-20T16-49-50Z-2025-06-06,timeseries.json,copepods,431.6854767062204,0.00419988994164929,7.874328066232544e-28,252.80724728661025
2000-03-23 00:00:00+00:00,inference-2026-08-20T16-49-50Z-2025-06-06,timeseries.json,fish_eggs,2.203893594739027,7.841935354068201e-05,1.83054150183139e-99,13.925134685589134
2000-03-23 00:00:00+00:00,inference-2026-08-20T16-49-50Z-2025-06-06,timeseries.json,fish_larvae,2.543722525878471,0.00813656176579835,1.3350047861977644e-28,15.740221410163919
2000-03-23 00:00:00+00:00,inference-2026-08-20T16-49-50Z-2025-06-06,timeseries.json,other,4.847836410717674,0.2554820715483189,1.0887646908805879e-10,24.4223774209698
2000-03-24 00:00:00+00:00,inference-2026-08-20T16-49-50Z-2025-06-06,timeseries.json,Noctiluca,2391.751146963161,1666.7079749739748,5.7314943864894496e-30,8500.526950150646
2000-03-24 00:00:00+00:00,inference-2026-08-20T16-49-50Z-2025-06-06,timeseries.json,Phyto_Centrics,2711.1290804605696,296.34172317513264,6.659078249802798e-09,8025.507109508701
2000-03-24 00:00:00+00:00,inference-2026-08-20T16-49-50Z-2025-06-06,timeseries.json,Tripos,2361.3119688247893,45.38783043477848,1.5227736994976402e-19,8562.21453896463
2000-03-24 00:00:00+00:00,inference-2026-08-20T16-49-50Z-2025-06-06,timeseries.json,bubbles,1129.061879379802,166.00064412962712,2.0967490649137782e-33,5228.428884146853
2000-03-24 00:00:00+00:00,inference-2026-08-20T16-49-50Z-2025-06-06,timeseries.json,copepods,135.4378935442816,0.022825497246816127,2.595908779759766e-41,261.6841847510247
2000-03-24 00:00:00+00:00,inference-2026-08-20T16-49-50Z-2025-06-06,timeseries.json,fish_eggs,31.49472916847843,0.00025265105967815397,6.734964346684378e-106,202.00609607152558
2000-03-24 00:00:00+00:00,inference-2026-08-20T16-49-50Z-2025-06-06,timeseries.json,fish_larvae,21.538866946938274,0.08123287550074167,1.9953934817257203e-28,141.5976384531286
2000-03-24 00:00:00+00:00,inference-2026-08-20T16-49-50Z-2025-06-06,timeseries.json,other,37.27443471197932,1.7646374489254888,4.477008042711499e-09,230.578113054537
2000-03-25 00:00:00+00:00,inference-2026-08-20T16-49-50Z-2025-06-06,timeseries.json,Noctiluca,1463.154307285717,361.26084542060573,8.977418876290405e-27,4369.7074832162225
2000-03-25 00:00:00+00:00,inference-2026-08-20T16-49-50Z-2025-06-06,timeseries.json,Phyto_Centrics,1189.9891982571382,480.0829120807528,2.761573619078218e-15,4275.346440885193
2000-03-25 00:00:00+00:00,inference-2026-08-20T16-49-50Z-2025-06-06,timeseries.json,Tripos,905.8975986764686,95.21520679718454,3.416054698658789e-30,4339.4005493087725
2000-03-25 00:00:00+00:00,inference-2026-08-20T16-49-50Z-2025-06-06,timeseries.json,bubbles,1137.9539616041538,356.1515869252575,1.181597558439216e-37,4368.498771669459
2000-03-25 00:00:00+00:00,inference-2026-08-20T16-49-50Z-2025-06-06,timeseries.json,copepods,147.09218297908865,0.43435177706181527,4.7967681006006355e-109,569.3598547386714
2000-03-25 00:00:00+00:00,inference-2026-08-20T16-49-50Z-2025-06-06,timeseries.json,fish_eggs,76.56840506622638,0.0003566360904545383,1.3018445536716847e-76,477.3599839429076
2000-03-25 00:00:00+00:00,inference-2026-08-20T16-49-50Z-2025-06-06,timeseries.json,fish_larvae,124.07858346717396,0.2610140345446684,1.0997876673191681e-40,526.2602081510688
2000-03-25 00:00:00+00:00,inference-2026-08-20T16-49-50Z-2025-06-06,timeseries.json,other,222.2657626640308,101.74022787281828,2.9618370379415776e-08,594.4826980455987
2000-03-26 00:00:00+00:00,inference-2026-08-20T16-49-50Z-2025-06-06,timeseries.json,Noctiluca,10.703950946179681,2.488621066306674,4.6561309113347226e-20,50.21324020602485
2000-03-26 00:00:00+00:00,inference-2026-08-20T16-49-50Z-2025-06-06,timeseries.json,Phyto_Centrics,22.89818996817171,4.606170609707264,2.3738930035011893e-09,113.54988459814501
2000-03-26 00:00:00+00:00,inference-2026-08-20T16-49-50Z-2025-06-06,timeseries.json,Tripos,30.96914490514585,1.6113183038939967,1.1025765285667748e-23,177.6686093096122
2000-03-26 00:00:00+00:00,inference-2026-08-20T16-49-50Z-2025-06-06,timeseries.json,bubbles,18.459883402420797,1.1940090178997542,1.0784081527318534e-34,99.08194623182932
2000-03-26 00:00:00+00:00,inference-2026-08-20T16-49-50Z-2025-06-06,timeseries.json,copepods,19.671336341194344,0.004270653391098033,5.324431150124015e-53,115.95646350276029
2000-03-26 00:00:00+00:00,inference-2026-08-20T16-49-50Z-2025-06-06,timeseries.json,fish_eggs,19.379090223594773,0.0004001355554959973,2.9672624758995163e-70,136.51949593957505
2000-03-26 00:00:00+00:00,inference-2026-08-20T16-49-50Z-2025-06-06,timeseries.json,fish_larvae,45.05698015538727,2.6718368235876735,3.159153553085905e-26,184.06522512009406
2000-03-26 00:00:00+00:00,inference-2026-08-20T16-49-50Z-2025-06-06,timeseries.json,other,40.86142405790546,5.205499416802489,1.9451015317322587e-09,171.5178291770299
2000-03-27 00:00:00+00:00,inference-2026-08-20T16-49-50Z-2025-06-06,timeseries.json,Noctiluca,22.5477452898575,4.494890559667982,1.2065912800875694e-54,61.79462156208184
2000-03-27 00:00:00+00:00,inference-2026-08-20T16-49-50Z-2025-06-06,timeseries.json,Phyto_Centrics,25.843400748259086,0.5599369624634256,4.0119332979898065e-16,174.02937111658764
2000-03-27 00:00:00+00:00,inference-2026-08-20T16-49-50Z-2025-06-06,timeseries.json,Tripos,47.59696909316931,1.787639235674134,2.3133733948056138e-23,238.7795543747749
2000-03-27 00:00:00+00:00,inference-2026-08-20T16-49-50Z-2025-06-06,timeseries.json,bubbles,21.169014800530448,0.23270066292250238,3.369286198395833e-26,62.24744988898322
2000-03-27 00:00:00+00:00,inference-2026-08-20T16-49-50Z-2025-06-06,timeseries.json,copepods,31.66597793077314,0.012190641352167518,2.3868092607381663e-51,230.34416085147598
2000-03-27 00:00:00+00:00,inference-2026-08-20T16-49-50Z-2025-06-06,timeseries.json,fish_eggs,23.58437862917112,5.670542649814211e-06,9.040113079487641e-72,213.8862337132567
2000-03-27 00:00:00+00:00,inference-2026-08-20T16-49-50Z-2025-06-06,timeseries.json,fish_larvae,71.6989987451272,0.2008728462823246,3.383468500440504e-40,240.2445251752117
2000-03-27 00:00:00+00:00,inference-2026-08-20T16-49-50Z-2025-06-06,timeseries.json,other,57.893514763112115,2.7874414120414372,4.435494672606209e-08,240.95028186179
2000-03-28 00:00:00+00:00,inference-2026-08-20T16-49-50Z-2025-06-06,timeseries.json,Noctiluca,13.70391425211723,0.11133411746235164,4.523158473177193e-39,117.2303362576718
2000-03-28 00:00:00+00:00,inference-2026-08-20T16-49-50Z-2025-06-06,timeseries.json,Phyto_Centrics,30.18735321019219,0.14711019390483285,4.152013413874003e-16,158.03334433192836
2000-03-28 00:00:00+00:00,inference-2026-08-20T16-49-50Z-2025-06-06,timeseries.json,Tripos,19.381481439743457,0.09216943803284453,1.9015115312626582e-23,112.94139450002186
2000-03-28 00:00:00+00:00,inference-2026-08-20T16-49-50Z-2025-06-06,timeseries.json,bubbles,27.291957717667774,0.3547962267680477,8.858196647313282e-46,138.18151824589052
2000-03-28 00:00:00+00:00,inference-2026-08-20T16-49-50Z-2025-06-06,timeseries.json,copepods,24.812195485691547,0.3984001408890201,3.6156085765319984e-52,117.21296257853781
2000-03-28 00:00:00+00:00,inference-2026-08-20T16-49-50Z-2025-06-06,timeseries.json,fish_eggs,21.697910387325777,3.215661181598822e-05,2.5478342897350263e-80,124.55173096930548
2000-03-28 00:00:00+00:00,inference-2026-08-20T16-49-50Z-2025-06-06,timeseries.json,fish_larvae,33.8853831475865,0.836883493055518,1.354938756740111e-25,128.1743346776617
2000-03-28 00:00:00+00:00,inference-2026-08-20T16-49-50Z-2025-06-06,timeseries.json,other,44.03980435967551,6.536270441550721,8.275923620949295e-09,158.32275275547872
2000-03-29 00:00:00+00:00,inference-2026-08-20T16-49-50Z-2025-06-06,timeseries.json,Noctiluca,31.490262152373425,7.372962536044541,5.327764539722747e-53,184.86226427671886
2000-03-29 00:00:00+00:00,inference-2026-08-20T16-49-50Z-2025-06-06,timeseries.json,Phyto_Centrics,43.83722160888047,5.745680277698862,2.0902873105335425e-12,213.82945878393522
2000-03-29 00:00:00+00:00,inference-2026-08-20T16-49-50Z-2025-06-06,timeseries.json,Tripos,86.08079546481616,3.6824119751879376,3.007702831086138e-20,477.61409864780626
2000-03-29 00:00:00+00:00,inference-2026-08-20T16-49-50Z-2025-06-06,timeseries.json,bubbles,63.525232156821104,12.600074088162858,3.964604134347937e-44,324.88860282519175
2000-03-29 00:00:00+00:00,inference-2026-08-20T16-49-50Z-2025-06-06,timeseries.json,copepods,66.26446236381933,0.0922568693215137,2.4300184711420567e-37,383.677522662689
2000-03-29 00:00:00+00:00,inference-2026-08-20T16-49-50Z-2025-06-06,timeseries.json,fish_eggs,57.05006705944908,9.718530926281681e-05,1.2309221516129213e-106,401.06693907755124
2000-03-29 00:00:00+00:00,inference-2026-08-20T16-49-50Z-2025-06-06,timeseries.json,fish_larvae,156.49792232256885,14.812885240829088,1.2331212315825186e-38,501.16066502918227
2000-03-29 00:00:00+00:00,inference-2026-08-20T16-49-50Z-2025-06-06,timeseries.json,other,124.25403687127117,11.878260651866217,8.604122615748541e-09,492.03781533131854
2000-03-30 00:00:00+00:00,inference-2026-08-20T16-49-50Z-2025-06-06,timeseries.json,Noctiluca,3323.4189969987137,3357.214493012085,3.338791808928518e-34,8341.016255120563
2000-03-30 00:00:00+00:00,inference-2026-08-20T16-49-50Z-2025-06-06,timeseries.json,Phyto_Centrics,2797.2614205028626,2429.5117103883576,1.4277377627359485e-09,8889.120205758354
2000-03-30 00:00:00+00:00,inference-2026-08-20T16-49-50Z-2025-06-06,timeseries.json,Tripos,2085.665293636837,4.735956374495405,4.844630324697698e-26,8783.320743984987
2000-03-30 00:00:00+00:00,inference-2026-08-20T16-49-50Z-2025-06-06,timeseries.json,bubbles,2394.0366587569133,0.5486947528322178,5.796072152129547e-40,8119.42229528547
2000-03-30 00:00:00+00:00,inference-2026-08-20T16-49-50Z-2025-06-06,timeseries.json,copepods,319.36747455836246,0.0011344668334594252,3.71153293161792e-30,281.016007168178
2000-03-30 00:00:00+00:00,inference-2026-08-20T16-49-50Z-2025-06-06,timeseries.json,fish_eggs,3.521641699730425,3.6554280793498495e-05,1.4050889687841218e-80,24.3209625617024
2000-03-30 00:00:00+00:00,inference-2026-08-20T16-49-50Z-2025-06-06,timeseries.json,fish_larvae,4.5756448781574175,0.0026914209264009264,3.1705449702676315e-37,28.515947514495288
2000-03-30 00:00:00+00:00,inference-2026-08-20T16-49-50Z-2025-06-06,timeseries.json,other,6.152868968417794,0.31870230330059995,1.3521244729318963e-10,29.838613459156665
2000-03-31 00:00:00+00:00,inference-2026-08-20T16-49-50Z-2025-06-06,timeseries.json,Noctiluca,3405.2677499436604,2963.3451192089915,6.889937823536396e-28,8584.88069641298
2000-03-31 00:00:00+00:00,inference-2026-08-20T16-49-50Z-2025-06-06,timeseries.json,Phyto_Centrics,2595.0355128230917,2208.0592434980563,6.9013239144832905e-12,9029.5670091928
2000-03-31 00:00:00+00:00,inference-2026-08-20T16-49-50Z-2025-06-06,timeseries.json,Tripos,2005.9688800414278,2.79416550946386,1.1652378211953727e-24,9280.082824294535
2000-03-31 00:00:00+00:00,inference-2026-08-20T16-49-50Z-2025-06-06,timeseries.json,bubbles,2544.2497411356303,0.07364235111893744,9.046649941198599e-38,8648.277753073056
2000-03-31 00:00:00+00:00,inference-2026-08-20T16-49-50Z-2025-06-06,timeseries.json,copepods,360.3209187711104,0.0005095255241908235,4.795813419357383e-28,272.03013285291905
2000-03-31 00:00:00+00:00,inference-2026-08-20T16-49-50Z-2025-06-06,timeseries.json,fish_eggs,0.9276445177710858,6.00307923619188e-05,1.0458505807010788e-76,5.34484350668701
2000-03-31 00:00:00+00:00,inference-2026-08-20T16-49-50Z-2025-06-06,timeseries.json,fish_larvae,1.370038565148234,0.0012140458481068332,3.019935779348746e-39,8.224094963827136
2000-03-31 00:00:00+00:00,inference-2026-08-20T16-49-50Z-2025-06-06,timeseries.json,other,1.8595142021586692,0.03464484718467652,2.1514397990092578e-11,11.023212710905394
2000-04-01 00:00:00+00:00,inference-2026-08-20T16-49-50Z-2025-06-06,timeseries.json,Noctiluca,2855.6064135826127,1378.9495905722542,2.82366445623981e-27,7592.117255302752
2000-04-01 00:00:00+00:00,inference-2026-08-20T16-49-50Z-2025-06-06,timeseries.json,Phyto_Centrics,1730.9848418768293,116.81291542135425,3.165491714858693e-13,7885.390889934065
2000-04-01 00:00:00+00:00,inference-2026-08-20T16-49-50Z-2025-06-06,timeseries.json,Tripos,1714.4919918978544,2.3661807358901767,1.6126893284200333e-20,8848.58148981291
2000-04-01 00:00:00+00:00,inference-2026-08-20T16-49-50Z-2025-06-06,timeseries.json,bubbles,2216.3912873947997,0.9045524581179025,1.8111347111193155e-33,8059.401862746713
2000-04-01 00:00:00+00:00,inference-2026-08-20T16-49-50Z-2025-06-06,timeseries.json,copepods,347.1986491664189,0.00027074659540736576,3.33849007367058e-37,257.58689747823297
2000-04-01 00:00:00+00:00,inference-2026-08-20T16-49-50Z-2025-06-06,timeseries.json,fish_eggs,1.4274668858313733,5.327471096759391e-06,2.4245483875880302e-79,10.266131442921345
2000-04-01 00:00:00+00:00,inference-2026-08-20T16-49-50Z-2025-06-06,timeseries.json,fish_larvae,1.797649157849654,0.0020497261254450996,4.072994407362508e-59,11.907328184145992
2000-04-01 00:00:00+00:00,inference-2026-08-20T16-49-50Z-2025-06-06,timeseries.json,other,2.1017000378084325,0.05254378925700083,1.801611093961907e-09,12.100761790987205
2000-04-02 00:00:00+00:00,inference-2026-08-20T16-49-50Z-2025-06-06,timeseries.json,Noctiluca,203.823741527812,12.606606261708489,1.0199308386296662e-22,829.2732649473306
2000-04-02 00:00:00+00:00,inference-2026-08-20T16-49-50Z-2025-06-06,timeseries.json,Phyto_Centrics,290.89117495301207,13.90014912421589,9.59760127843266e-12,838.3881820110805
2000-04-02 00:00:00+00:00,inference-2026-08-20T16-49-50Z-2025-06-06,timeseries.json,Tripos,202.7903917716342,0.49982652486125895,1.2045907098876941e-24,844.180629193506
2000-04-02 00:00:00+00:00,inference-2026-08-20T16-49-50Z-2025-06-06,timeseries.json,bubbles,126.50156557384521,0.08551677025137774,7.139178710879551e-27,842.0647812198199
2000-04-02 00:00:00+00:00,inference-2026-08-20T16-49-50Z-2025-06-06,timeseries.json,copepods,22.543665817055434,0.00014933766129503578,3.805566715255101e-46,6.358250710568954
2000-04-02 00:00:00+00:00,inference-2026-08-20T16-49-50Z-2025-06-06,timeseries.json,fish_eggs,0.3070999710811544,8.552361035968535e-07,1.1605371716784925e-75,2.004720548222926
2000-04-02 00:00:00+00:00,inference-2026-08-20T16-49-50Z-2025-06-06,timeseries.json,fish_larvae,0.4982786813393132,0.0007188272547598852,1.8563180332092086e-29,3.1049843278194387
2000-04-02 00:00:00+00:00,inference-2026-08-20T16-49-50Z-2025-06-06,timeseries.json,other,0.6440817042201301,0.013765491573650937,1.0111899221716927e-10,3.4801565028080432
2000-04-03 00:00:00+00:00,inference-2026-08-20T16-49-50Z-2025-06-06,timeseries.json,Noctiluca,11.125798091605784,1.1131285604077683,8.37096471980964e-37,23.569804732134422
2000-04-03 00:00:00+00:00,inference-2026-08-20T16-49-50Z-2025-06-06,timeseries.json,Phyto_Centrics,6.854974492614377,0.3274015944377323,2.0898224053039853e-13,23.711184895591316
2000-04-03 00:00:00+00:00,inference-2026-08-20T16-49-50Z-2025-06-06,timeseries.json,Tripos,21.51219221603308,0.28555804561739473,9.049797265255764e-23,198.35936734270302
2000-04-03 00:00:00+00:00,inference-2026-08-20T16-49-50Z-2025-06-06,timeseries.json,bubbles,7.07117871931917,0.17173159478751712,4.806476661733822e-41,23.658721161039065
2000-04-03 00:00:00+00:00,inference-2026-08-20T16-49-50Z-2025-06-06,timeseries.json,copepods,84.92092527542206,29.53636511741042,6.468592774964897e-25,231.45123474524712
2000-04-03 00:00:00+00:00,inference-2026-08-20T16-49-50Z-2025-06-06,timeseries.json,fish_eggs,9.406631218529498,5.490420665569511e-05,1.0390233386059523e-46,71.53531948559781
2000-04-03 00:00:00+00:00,inference-2026-08-20T16-49-50Z-2025-06-06,timeseries.json,fish_larvae,42.16547336230905,0.09151021442561533,4.984789555785471e-30,210.26845102158927
2000-04-03 00:00:00+00:00,inference-2026-08-20T16-49-50Z-2025-06-06,timeseries.json,other,60.942826624167004,4.7948158517320945,4.613809030445747e-08,221.56001254395278
2000-04-04 00:00:00+00:00,inference-2026-08-20T16-49-50Z-2025-06-06,timeseries.json,Noctiluca,14.057120791279214,2.4585707803342967,3.5097141961584823e-47,73.32649953382034
2000-04-04 00:00:00+00:00,inference-2026-08-20T16-49-50Z-2025-06-06,timeseries.json,Phyto_Centrics,15.9646293820585,0.4594782450495517,2.1034215520688786e-25,96.34076055987862
2000-04-04 00:00:00+00:00,inference-2026-08-20T16-49-50Z-2025-06-06,timeseries.json,Tripos,28.39987331366628,0.8179345304979796,9.089164718885032e-22,199.4797265861079
2000-04-04 00:00:00+00:00,inference-2026-08-20T16-49-50Z-2025-06-06,timeseries.json,bubbles,17.12258266664327,1.095892563906598,4.949932619631621e-33,91.07656019707613
2000-04-04 00:00:00+00:00,inference-2026-08-20T16-49-50Z-2025-06-06,timeseries.json,copepods,50.01863538305022,3.051526662056334,1.458527735973462e-27,208.5337996726721
2000-04-04 00:00:00+00:00,inference-2026-08-20T16-49-50Z-2025-06-06,timeseries.json,fish_eggs,13.713918987290532,6.502148035576706e-05,1.98842547615428e-54,98.58802929038201
2000-04-04 00:00:00+00:00,inference-2026-08-20T16-49-50Z-2025-06-06,timeseries.json,fish_larvae,42.26586227275859,0.3708149331105149,2.8310263330519076e-34,208.5680097506725
2000-04-04 00:00:00+00:00,inference-2026-08-20T16-49-50Z-2025-06-06,timeseries.json,other,72.45737720325329,13.856949594967421,4.82961698819368e-10,234.47505347262845
2000-04-05 00:00:00+00:00,inference-2026-08-20T16-49-50Z-2025-06-06,timeseries.json,Noctiluca,1.8493622086526715,0.019659296484436525,3.0010227933946287e-47,3.2757345067804944
2000-04-05 00:00:00+00:00,inference-2026-08-20T16-49-50Z-2025-06-06,timeseries.json,Phyto_Centrics,16.28115429283789,0.013647632124143298,4.117175660885589e-15,132.67493044054018
2000-04-05 00:00:00+00:00,inference-2026-08-20T16-49-50Z-2025-06-06,timeseries.json,Tripos,47.701427627127664,0.06563946472932965,1.4184158525539305e-36,301.7727024291111
2000-04-05 00:00:00+00:00,inference-2026-08-20T16-49-50Z-2025-06-06,timeseries.json,bubbles,2.592002496783855,0.008123128077294373,3.9636536133204084e-39,10.949945069503293
2000-04-05 00:00:00+00:00,inference-2026-08-20T16-49-50Z-2025-06-06,timeseries.json,copepods,31.665111095143946,0.012753471543238089,7.868766993291226e-37,260.49070150955527
2000-04-05 00:00:00+00:00,inference-2026-08-20T16-49-50Z-2025-06-06,timeseries.json,fish_eggs,33.377909676491115,0.0001617370357652206,9.935132638092839e-66,286.2963390901237
2000-04-05 00:00:00+00:00,inference-2026-08-20T16-49-50Z-2025-06-06,timeseries.json,fish_larvae,63.711074121262655,0.011571026782347796,7.694351886210945e-32,298.8825142065847
2000-04-05 00:00:00+00:00,inference-2026-08-20T16-49-50Z-2025-06-06,timeseries.json,other,106.82195848170021,26.11885510215942,1.4772289153105063e-08,303.0824710813984
2000-04-06 00:00:00+00:00,inference-2026-08-20T16-49-50Z-2025-06-06,timeseries.json,Noctiluca,1592.4375222169979,430.3350355237911,4.554001646782989e-40,4217.8445041997265
2000-04-06 00:00:00+00:00,inference-2026-08-20T16-49-50Z-2025-06-06,timeseries.json,Phyto_Centrics,864.8827171577494,30.600391308843285,7.346619199287805e-12,4166.201328784977
2000-04-06 00:00:00+00:00,inference-2026-08-20T16-49-50Z-2025-06-06,timeseries.json,Tripos,891.806798251409,45.82115819688974,9.160748803127838e-24,3943.8533463706567
2000-04-06 00:00:00+00:00,inference-2026-08-20T16-49-50Z-2025-06-06,timeseries.json,bubbles,1088.3174208143025,213.36644304306623,9.945174361807555e-45,4248.563899026583
2000-04-06 00:00:00+00:00,inference-2026-08-20T16-49-50Z-2025-06-06,timeseries.json,copepods,1179.218804598793,413.6924809275788,1.553892967558592e-11,2877.5062210734113
2000-04-06 00:00:00+00:00,inference-2026-08-20T16-49-50Z-2025-06-06,timeseries.json,fish_eggs,38.87751558021229,0.006025766171813928,6.090733758664798e-72,321.16179639833655
2000-04-06 00:00:00+00:00,inference-2026-08-20T16-49-50Z-2025-06-06,timeseries.json,fish_larvae,561.9572604564759,3.638801397939325,9.667922289469478e-29,2957.663336444711
2000-04-06 00:00:00+00:00,inference-2026-08-20T16-49-50Z-2025-06-06,timeseries.json,other,543.5019609240588,8.29946131894672,1.0220968871336113e-08,2457.5082918423823
2000-04-07 00:00:00+00:00,inference-2026-08-20T16-49-50Z-2025-06-06,timeseries.json,Noctiluca,3699.2114031265232,267.5528367118679,5.286933434092932e-33,10296.39525109998
2000-04-07 00:00:00+00:00,inference-2026-08-20T16-49-50Z-2025-06-06,timeseries.json,Phyto_Centrics,1652.318035450899,10.169543509398924,4.842814652506179e-12,10524.357557510139
2000-04-07 00:00:00+00:00,inference-2026-08-20T16-49-50Z-2025-06-06,timeseries.json,Tripos,1702.085838063131,0.053081290799099706,4.103851151974528e-18,10539.273450308548
2000-04-07 00:00:00+00:00,inference-2026-08-20T16-49-50Z-2025-06-06,timeseries.json,bubbles,3018.0406309113027,0.13447367809431765,1.5685978665129287e-31,10534.782339662981
2000-04-07 00:00:00+00:00,inference-2026-08-20T16-49-50Z-2025-06-06,timeseries.json,copepods,466.3640813514102,0.00113030276578734,4.6185444690803917e-36,339.24229312316356
2000-04-07 00:00:00+00:00,inference-2026-08-20T16-49-50Z-2025-06-06,timeseries.json,fish_eggs,0.5583091050250607,2.826322885823095e-06,9.501117824379531e-55,2.8074293631275626
2000-04-07 00:00:00+00:00,inference-2026-08-20T16-49-50Z-2025-06-06,timeseries.json,fish_larvae,1.639627153009914,0.0035105601410695053,1.192340825351697e-25,11.086227245291049
2000-04-07 00:00:00+00:00,inference-2026-08-20T16-49-50Z-2025-06-06,timeseries.json,other,1.7820748386979994,0.01555989300866356,4.322846877962222e-11,10.304154688172327
2000-04-08 00:00:00+00:00,inference-2026-08-20T16-49-50Z-2025-06-06,timeseries.json,Noctiluca,1856.1339277701536,198.57012682244434,8.680177963115083e-54,4640.476027124749
2000-04-08 00:00:00+00:00,inference-2026-08-20T16-49-50Z-2025-06-06,timeseries.json,Phyto_Centrics,509.8725424669348,0.35648316686017584,1.9475327527430056e-11,4615.541066421121
2000-04-08 00:00:00+00:00,inference-2026-08-20T16-49-50Z-2025-06-06,timeseries.json,Tripos,729.2385947926626,0.8146774324906758,6.591244836121618e-23,4608.76174497784
2000-04-08 00:00:00+00:00,inference-2026-08-20T16-49-50Z-2025-06-06,timeseries.json,bubbles,1387.485393441262,0.08958145939314753,4.3168673834508014e-38,4629.507620257866
2000-04-08 00:00:00+00:00,inference-2026-08-20T16-49-50Z-2025-06-06,timeseries.json,copepods,240.00462339450175,0.0008136652965613298,1.9226995445120726e-56,420.6905787254396
2000-04-08 00:00:00+00:00,inference-2026-08-20T16-49-50Z-2025-06-06,timeseries.json,fish_eggs,34.883660136015635,0.0002359721308790175,4.431255217561889e-71,236.02255817663877
2000-04-08 00:00:00+00:00,inference-2026-08-20T16-49-50Z-2025-06-06,timeseries.json,fish_larvae,45.58256700529951,0.03634006992363426,3.718909796586801e-26,244.97938540969412
2000-04-08 00:00:00+00:00,inference-2026-08-20T16-49-50Z-2025-06-06,timeseries.json,other,32.798690993168506,0.18100370923676917,2.148556500907845e-09,213.3513814849654
2000-04-09 00:00:00+00:00,inference-2026-08-20T16-49-50Z-2025-06-06,timeseries.json,Noctiluca,18.17336059584766,8.002409709894525,6.103722387828909e-30,55.63307492129723
2000-04-09 00:00:00+00:00,inference-2026-08-20T16-49-50Z-2025-06-06,timeseries.json,Phyto_Centrics,35.92780938389519,3.6062316048946492,3.6582819249848906e-12,247.1097957004322
2000-04-09 00:00:00+00:00,inference-2026-08-20T16-49-50Z-2025-06-06,timeseries.json,Tripos,65.06495840117292,7.524417796781685,1.396695629759536e-17,347.69957290755383
2000-04-09 00:00:00+00:00,inference-2026-08-20T16-49-50Z-2025-06-06,timeseries.json,bubbles,26.081783588488143,1.859740207963453,8.812827824244527e-47,94.7457794478865
2000-04-09 00:00:00+00:00,inference-2026-08-20T16-49-50Z-2025-06-06,timeseries.json,copepods,39.38144691599916,0.029960437078628752,9.473462971240845e-31,302.0469342103621
2000-04-09 00:00:00+00:00,inference-2026-08-20T16-49-50Z-2025-06-06,timeseries.json,fish_eggs,35.39293039325837,0.00015041440020391948,1.945194317284639e-91,270.92122442975347
2000-04-09 00:00:00+00:00,inference-2026-08-20T16-49-50Z-2025-06-06,timeseries.json,fish_larvae,88.90834751021147,0.5918181924518945,3.606609537523348e-35,363.10276022081086
2000-04-09 00:00:00+00:00,inference-2026-08-20T16-49-50Z-2025-06-06,timeseries.json,other,99.06936321112707,17.996930070721973,3.697919955860858e-09,366.8520569560874
2000-04-10 00:00:00+00:00,inference-2026-08-20T16-49-50Z-2025-06-06,timeseries.json,Noctiluca,7.715460625309463,0.09927490268022252,8.53477453943776e-34,56.4722147845485
2000-04-10 00:00:00+00:00,inference-2026-08-20T16-49-50Z-2025-06-06,timeseries.json,Phyto_Centrics,23.131722722208185,0.017489958883370786,9.080233486668516e-12,149.20877058535166
2000-04-10 00:00:00+00:00,inference-2026-08-20T16-49-50Z-2025-06-06,timeseries.json,Tripos,61.74361544091686,0.07975633687325903,1.0516343301485272e-16,384.3522079827311
2000-04-10 00:00:00+00:00,inference-2026-08-20T16-49-50Z-2025-06-06,timeseries.json,bubbles,3.724039020161904,0.03244912110101735,5.414541327558108e-28,16.27941194605955
2000-04-10 00:00:00+00:00,inference-2026-08-20T16-49-50Z-2025-06-06,timeseries.json,copepods,40.348991223742225,0.0011821070403054315,4.5197607354803544e-32,376.70731250359313
2000-04-10 00:00:00+00:00,inference-2026-08-20T16-49-50Z-2025-06-06,timeseries.json,fish_eggs,41.61524781734426,0.00030455795423417985,3.688327461280956e-67,378.41627510266693
2000-04-10 00:00:00+00:00,inference-2026-08-20T16-49-50Z-2025-06-06,timeseries.json,fish_larvae,122.82688140327586,0.6744672923868473,1.3958689745891076e-40,393.5999662972128
2000-04-10 00:00:00+00:00,inference-2026-08-20T16-49-50Z-2025-06-06,timeseries.json,other,95.8940417470412,4.13220315210669,2.6786263484498697e-09,394.4418099358261
2000-04-11 00:00:00+00:00,inference-2026-08-20T16-49-50Z-2025-06-06,timeseries.json,Noctiluca,23.16236848674738,4.788469817030179,2.1039172502677183e-40,70.23428096093372
2000-04-11 00:00:00+00:00,inference-2026-08-20T16-49-50Z-2025-06-06,timeseries.json,Phyto_Centrics,35.413300347129535,2.27627544150819,2.984963852082838e-14,205.89179974430542
2000-04-11 00:00:00+00:00,inference-2026-08-20T16-49-50Z-2025-06-06,timeseries.json,Tripos,68.89265360671997,3.818884438367677,1.75511541801972e-18,420.9011799520774
2000-04-11 00:00:00+00:00,inference-2026-08-20T16-49-50Z-2025-06-06,timeseries.json,bubbles,29.589786010665502,1.8214131840300687,1.5609230078843637e-38,92.00727177030082
2000-04-11 00:00:00+00:00,inference-2026-08-20T16-49-50Z-2025-06-06,timeseries.json,copepods,41.81161648273089,0.005842356592113228,8.017794012527638e-37,346.2522168029537
2000-04-11 00:00:00+00:00,inference-2026-08-20T16-49-50Z-2025-06-06,timeseries.json,fish_eggs,50.01773257433657,0.0017284708289736221,1.0339584754330531e-82,367.7285630612864
2000-04-11 00:00:00+00:00,inference-2026-08-20T16-49-50Z-2025-06-06,timeseries.json,fish_larvae,119.20090567022923,2.383229573638057,5.659217265203762e-35,415.3258722017423
2000-04-11 00:00:00+00:00,inference-2026-08-20T16-49-50Z-2025-06-06,timeseries.json,other,103.91163682144085,12.89226408321904,1.0113345920393746e-06,402.6686565768517
2000-04-12 00:00:00+00:00,inference-2026-08-20T16-49-50Z-2025-06-06,timeseries.json,Noctiluca,619.6417930399849,54.57996789806853,1.771314924228263e-49,1882.1133018550254
2000-04-12 00:00:00+00:00,inference-2026-08-20T16-49-50Z-2025-06-06,timeseries.json,Phyto_Centrics,315.9285495747497,1.4372615008177836,7.506138916147548e-16,1808.9028847296554
2000-04-12 00:00:00+00:00,inference-2026-08-20T16-49-50Z-2025-06-06,timeseries.json,Tripos,401.21059444252376,3.954617486408501,1.1521111734814756e-25,1799.912936165898
2000-04-12 00:00:00+00:00,inference-2026-08-20T16-49-50Z-2025-06-06,timeseries.json,bubbles,563.1823374069835,6.983906686080902,4.023339039594491e-96,1887.4814756694786
2000-04-12 00:00:00+00:00,inference-2026-08-20T16-49-50Z-2025-06-06,timeseries.json,copepods,329.0453651786825,138.35517094217315,1.29660481949966e-17,789.1084215739677
2000-04-12 00:00:00+00:00,inference-2026-08-20T16-49-50Z-2025-06-06,timeseries.json,fish_eggs,14.039651468497697,0.00264961365378382,4.832094095252042e-53,90.22634640779525
2000-04-12 00:00:00+00:00,inference-2026-08-20T16-49-50Z-2025-06-06,timeseries.json,fish_larvae,193.84022164830142,2.331444831943938,1.0927822410127103e-21,843.3508117262884
2000-04-12 00:00:00+00:00,inference-2026-08-20T16-49-50Z-2025-06-06,timeseries.json,other,163.111487240276,7.829541667102939,9.455124195924465e-09,715.829690212302
2000-04-13 00:00:00+00:00,inference-2026-08-20T16-49-50Z-2025-06-06,timeseries.json,Noctiluca,422.37982757307884,12.379305646149337,9.00259954869755e-36,3337.510397166243
2000-04-13 00:00:00+00:00,inference-2026-08-20T16-49-50Z-2025-06-06,timeseries.json,Phyto_Centrics,817.6376988854598,5.13835857893307,2.994865328201354e-12,4231.833186125602
2000-04-13 00:00:00+00:00,inference-2026-08-20T16-49-50Z-2025-06-06,timeseries.json,Tripos,375.59452407866235,3.3709183921753874,1.3869926060086317e-22,2341.4675194142173
2000-04-13 00:00:00+00:00,inference-2026-08-20T16-49-50Z-2025-06-06,timeseries.json,bubbles,1018.9974552708234,105.60224310705905,1.4415842344264007e-29,3822.6291349816997
2000-04-13 00:00:00+00:00,inference-2026-08-20T16-49-50Z-2025-06-06,timeseries.json,copepods,514.893185980137,0.07356565303801185,3.196826035514887e-30,3707.0813851615117
2000-04-13 00:00:00+00:00,inference-2026-08-20T16-49-50Z-2025-06-06,timeseries.json,fish_eggs,900.2139929659282,14.492729960162066,5.6725754732767634e-83,3384.846246476631
2000-04-13 00:00:00+00:00,inference-2026-08-20T16-49-50Z-2025-06-06,timeseries.json,fish_larvae,573.9457153674429,1.2378238521117426,1.319208075776321e-28,3636.9635223401738
2000-04-13 00:00:00+00:00,inference-2026-08-20T16-49-50Z-2025-06-06,timeseries.json,other,720.3375998784664,10.470329757712797,4.772938227055402e-09,3771.442407714785
2000-04-14 00:00:00+00:00,inference-2026-08-20T16-49-50Z-2025-06-06,timeseries.json,Noctiluca,656.3210292244272,4.1631292819309245,1.1619226833450892e-22,1696.3920921606154
2000-04-14 00:00:00+00:00,inference-2026-08-20T16-49-50Z-2025-06-06,timeseries.json,Phyto_Centrics,188.64351324428253,0.234354548585808,7.346166600383129e-14,1687.279580189026
2000-04-14 00:00:00+00:00,inference-2026-08-20T16-49-50Z-2025-06-06,timeseries.json,Tripos,257.02031228944935,0.15787824546063992,1.7848652613736326e-16,1689.7702450353313
2000-04-14 00:00:00+00:00,inference-2026-08-20T16-49-50Z-2025-06-06,timeseries.json,bubbles,507.38924127835577,0.35267043829271116,7.415567630340483e-34,1695.57756342774
2000-04-14 00:00:00+00:00,inference-2026-08-20T16-49-50Z-2025-06-06,timeseries.json,copepods,84.56380968220834,0.0006828856508779554,5.013732336126448e-35,91.76973315289837
2000-04-14 00:00:00+00:00,inference-2026-08-20T16-49-50Z-2025-06-06,timeseries.json,fish_eggs,1.762538554372446,1.2292643277647369e-05,7.725044188764956e-78,12.429093652264108
2000-04-14 00:00:00+00:00,inference-2026-08-20T16-49-50Z-2025-06-06,timeseries.json,fish_larvae,1.5517596369877569,0.0024091461789348574,4.843276752448923e-36,10.257652430510968
2000-04-14 00:00:00+00:00,inference-2026-08-20T16-49-50Z-2025-06-06,timeseries.json,other,2.7477960899159304,0.17091361431786478,9.95611476296283e-10,13.934342158603299
2000-04-15 00:00:00+00:00,inference-2026-08-20T16-49-50Z-2025-06-06,timeseries.json,Noctiluca,33.3238641660844,5.378419319273451,1.874732463647965e-27,226.42976897976143
2000-04-15 00:00:00+00:00,inference-2026-08-20T16-49-50Z-2025-06-06,timeseries.json,Phyto_Centrics,64.300071144689,4.055357525764439,1.5611181533157493e-20,332.8485749051474
2000-04-15 00:00:00+00:00,inference-2026-08-20T16-49-50Z-2025-06-06,timeseries.json,Tripos,26.345717046988792,1.2327956999960334,7.505596322478101e-22,169.41628752842044
2000-04-15 00:00:00+00:00,inference-2026-08-20T16-49-50Z-2025-06-06,timeseries.json,bubbles,72.75350854869151,23.535777223059668,3.0996463910699078e-28,298.31155518214337
2000-04-15 00:00:00+00:00,inference-2026-08-20T16-49-50Z-2025-06-06,timeseries.json,copepods,36.60600812440772,0.006642104355905976,2.2097803394280977e-34,304.0260344520799
2000-04-15 00:00:00+00:00,inference-2026-08-20T16-49-50Z-2025-06-06,timeseries.json,fish_eggs,54.031366952604714,0.1515884858017325,4.924943738177116e-50,238.2508611257879
2000-04-15 00:00:00+00:00,inference-2026-08-20T16-49-50Z-2025-06-06,timeseries.json,fish_larvae,38.29106429687379,0.20214501954801534,3.9137942717130985e-51,282.611579018423
2000-04-15 00:00:00+00:00,inference-2026-08-20T16-49-50Z-2025-06-06,timeseries.json,other,50.348399719660186,1.799603097274702,9.931816721710646e-10,294.22957526002335
2000-04-16 00:00:00+00:00,inference-2026-08-20T16-49-50Z-2025-06-06,timeseries.json,Noctiluca,26.078707336888595,5.18592974594865,2.553315913595637e-38,173.51505639569245
2000-04-16 00:00:00+00:00,inference-2026-08-20T16-49-50Z-2025-06-06,timeseries.json,Phyto_Centrics,52.54437770971944,5.715724518515646,7.590861915206317e-11,250.06829456378293
2000-04-16 00:00:00+00:00,inference-2026-08-20T16-49-50Z-2025-06-06,timeseries.json,Tripos,30.222188861195615,3.003330921785748,9.035569331048442e-27,149.07276874574828
2000-04-16 00:00:00+00:00,inference-2026-08-20T16-49-50Z-2025-06-06,timeseries.json,bubbles,60.766012784086406,15.46214281037387,2.1320612399342988e-44,260.627798597878
2000-04-16 00:00:00+00:00,inference-2026-08-20T16-49-50Z-2025-06-06,timeseries.json,copepods,31.782351763511876,0.010738829939120582,3.599941887254773e-38,216.7118902421855
2000-04-16 00:00:00+00:00,inference-2026-08-20T16-49-50Z-2025-06-06,timeseries.json,fish_eggs,32.91312738016693,0.0010027272395701993,2.9945033811821643e-99,167.17089697205498
2000-04-16 00:00:00+00:00,inference-2026-08-20T16-49-50Z-2025-06-06,timeseries.json,fish_larvae,43.21040562041509,1.182523638210502,4.506412609642582e-24,211.24866293680995
2000-04-16 00:00:00+00:00,inference-2026-08-20T16-49-50Z-2025-06-06,timeseries.json,other,48.482828544016,13.855556581208564,1.0295576998429825e-06,214.68121613512898
2000-04-17 00:00:00+00:00,inference-2026-08-20T16-49-50Z-2025-06-06,timeseries.json,Noctiluca,241.13007582413348,137.68557420393705,4.749850654492082e-22,1206.8854970631278
2000-04-17 00:00:00+00:00,inference-2026-08-20T16-49-50Z-2025-06-06,timeseries.json,Phyto_Centrics,348.455318842779,21.871054793687815,9.129304341481033e-13,1528.2772545746582
2000-04-17 00:00:00+00:00,inference-2026-08-20T16-49-50Z-2025-06-06,timeseries.json,Tripos,194.7123835105866,5.845332696062595,6.076648973056206e-20,954.7902686001132
2000-04-17 00:00:00+00:00,inference-2026-08-20T16-49-50Z-2025-06-06,timeseries.json,bubbles,429.8514181564664,257.08427121032554,1.1583885546408242e-36,1381.8838362892436
2000-04-17 00:00:00+00:00,inference-2026-08-20T16-49-50Z-2025-06-06,timeseries.json,copepods,204.14592518811855,0.01148007954640826,9.393764684123873e-45,1297.0964072634292
2000-04-17 00:00:00+00:00,inference-2026-08-20T16-49-50Z-2025-06-06,timeseries.json,fish_eggs,344.15305822626874,2.274132019111862,8.491403574997403e-78,1221.6113959011952
2000-04-17 00:00:00+00:00,inference-2026-08-20T16-49-50Z-2025-06-06,timeseries.json,fish_larvae,212.37672238217786,0.08064214630111602,3.3044379780517215e-31,1340.7935765114405
2000-04-17 00:00:00+00:00,inference-2026-08-20T16-49-50Z-2025-06-06,timeseries.json,other,276.1750978694695,2.541348006447535,1.830682045576402e-07,1358.810077457431
2000-04-18 00:00:00+00:00,inference-2026-08-20T16-49-50Z-2025-06-06,timeseries.json,Noctiluca,1398.286713191829,259.56330793062864,7.005814391917459e-57,4905.078333582457
2000-04-18 00:00:00+00:00,inference-2026-08-20T16-49-50Z-2025-06-06,timeseries.json,Phyto_Centrics,1424.5260231144389,528.2364960516204,6.984333861957308e-12,4896.223614874897
2000-04-18 00:00:00+00:00,inference-2026-08-20T16-49-50Z-2025-06-06,timeseries.json,Tripos,1013.3057527823468,14.726798666451153,1.7091755070645495e-19,4896.097158771644
2000-04-18 00:00:00+00:00,inference-2026-08-20T16-49-50Z-2025-06-06,timeseries.json,bubbles,1694.7859537299476,1021.8188369426439,1.6495355961420759e-34,4907.898501075321
2000-04-18 00:00:00+00:00,inference-2026-08-20T16-49-50Z-2025-06-06,timeseries.json,copepods,376.79797319970754,0.002651810235151359,1.9159065937830913e-36,1783.260681368064
2000-04-18 00:00:00+00:00,inference-2026-08-20T16-49-50Z-2025-06-06,timeseries.json,fish_eggs,306.71128149106727,3.5604173883817785,4.802328183309334e-84,1140.4428352904213
2000-04-18 00:00:00+00:00,inference-2026-08-20T16-49-50Z-2025-06-06,timeseries.json,fish_larvae,193.45175119427856,0.39385186040556436,2.094465666944332e-18,1198.5251647378275
2000-04-18 00:00:00+00:00,inference-2026-08-20T16-49-50Z-2025-06-06,timeseries.json,other,242.13455129638575,3.622202098039346,4.231029903634663e-09,1284.565870643316
2000-04-19 00:00:00+00:00,inference-2026-08-20T16-49-50Z-2025-06-06,timeseries.json,Noctiluca,2004.7288174778967,125.36749017537221,3.995967362302733e-56,5265.473010330671
2000-04-19 00:00:00+00:00,inference-2026-08-20T16-49-50Z-2025-06-06,timeseries.json,Phyto_Centrics,677.1765268223359,25.064783978882264,1.1119311153705446e-15,5239.524514201297
2000-04-19 00:00:00+00:00,inference-2026-08-20T16-49-50Z-2025-06-06,timeseries.json,Tripos,790.3530050001989,3.9348567945956847,9.168916839473795e-22,5245.045306428327
2000-04-19 00:00:00+00:00,inference-2026-08-20T16-49-50Z-2025-06-06,timeseries.json,bubbles,1604.9587356008587,105.1806358830043,8.039833931864496e-61,5261.04241788292
2000-04-19 00:00:00+00:00,inference-2026-08-20T16-49-50Z-2025-06-06,timeseries.json,copepods,275.2348155872268,0.003471595570629853,2.6989054114049027e-28,378.7934631516522
2000-04-19 00:00:00+00:00,inference-2026-08-20T16-49-50Z-2025-06-06,timeseries.json,fish_eggs,20.32531623161485,0.0004725256083209568,1.995569103548993e-62,120.44003279763842
2000-04-19 00:00:00+00:00,inference-2026-08-20T16-49-50Z-2025-06-06,timeseries.json,fish_larvae,24.263188894765502,0.16657753747311976,6.390705924404782e-33,137.35873995880047
2000-04-19 00:00:00+00:00,inference-2026-08-20T16-49-50Z-2025-06-06,timeseries.json,other,30.959594385103482,5.789289440577271,1.3174565891655655e-09,145.8355736140165
2000-04-20 00:00:00+00:00,inference-2026-08-20T16-49-50Z-2025-06-06,timeseries.json,Noctiluca,32.94458587185829,6.602259219382238,6.0005553479355905e-27,151.84707944238647
2000-04-20 00:00:00+00:00,inference-2026-08-20T16-49-50Z-2025-06-06,timeseries.json,Phyto_Centrics,59.333354747085956,27.041408805749256,1.8975093427145228e-08,223.0064101034057
2000-04-20 00:00:00+00:00,inference-2026-08-20T16-49-50Z-2025-06-06,timeseries.json,Tripos,28.115346522606366,1.2770845533974464,4.341144114636453e-28,137.6945879491725
2000-04-20 00:00:00+00:00,inference-2026-08-20T16-49-50Z-2025-06-06,timeseries.json,bubbles,64.06111243806811,37.33800109163682,2.0568163693310587e-21,240.44309768969305
2000-04-20 00:00:00+00:00,inference-2026-08-20T16-49-50Z-2025-06-06,timeseries.json,copepods,30.73667638642249,0.022370555429979913,5.262535639165977e-32,172.01426925442522
2000-04-20 00:00:00+00:00,inference-2026-08-20T16-49-50Z-2025-06-06,timeseries.json,fish_eggs,47.883227461558434,0.3273738796886512,1.50837284216547e-81,182.08682159286087
2000-04-20 00:00:00+00:00,inference-2026-08-20T16-49-50Z-2025-06-06,timeseries.json,fish_larvae,43.48717425134944,2.001975366109064,6.187340244235433e-41,176.89021237946986
2000-04-20 00:00:00+00:00,inference-2026-08-20T16-49-50Z-2025-06-06,timeseries.json,other,64.43852232105108,31.772712715621992,3.299207171511696e-08,210.42770244235834
2000-04-21 00:00:00+00:00,inference-2026-08-20T16-49-50Z-2025-06-06,timeseries.json,Noctiluca,6.500531259904615,0.01654482654307298,1.1976366053016819e-32,44.34667033105757
2000-04-21 00:00:00+00:00,inference-2026-08-20T16-49-50Z-2025-06-06,timeseries.json,Phyto_Centrics,48.55273407101289,0.07497799647923634,1.0159190606582981e-16,229.14971738150126
2000-04-21 00:00:00+00:00,inference-2026-08-20T16-49-50Z-2025-06-06,timeseries.json,Tripos,34.8973103360837,0.144178454450473,1.895900793683539e-18,198.24313337056512
2000-04-21 00:00:00+00:00,inference-2026-08-20T16-49-50Z-2025-06-06,timeseries.json,bubbles,28.876773301704304,0.38406101215191735,1.7218071306354794e-52,148.3142436151711
2000-04-21 00:00:00+00:00,inference-2026-08-20T16-49-50Z-2025-06-06,timeseries.json,copepods,30.906680724571743,0.005133608523003872,1.9808868647557714e-32,184.833155608784
2000-04-21 00:00:00+00:00,inference-2026-08-20T16-49-50Z-2025-06-06,timeseries.json,fish_eggs,41.78508034356186,0.028428202142918253,1.7944319153576627e-73,165.84913837908462
2000-04-21 00:00:00+00:00,inference-2026-08-20T16-49-50Z-2025-06-06,timeseries.json,fish_larvae,51.22012416375226,1.076158004617037,1.1882180896787078e-47,221.03859761103416
2000-04-21 00:00:00+00:00,inference-2026-08-20T16-49-50Z-2025-06-06,timeseries.json,other,86.26076579940843,56.936773498437645,1.7427993198279048e-08,305.4219189003232
2000-04-22 00:00:00+00:00,inference-2026-08-20T16-49-50Z-2025-06-06,timeseries.json,Noctiluca,475.6439800709983,370.2027222778324,5.375898208861538e-32,1241.0470694750225
2000-04-22 00:00:00+00:00,inference-2026-08-20T16-49-50Z-2025-06-06,timeseries.json,Phyto_Centrics,524.9557770859152,166.9488040785022,5.519369431207621e-12,1695.582295194863
2000-04-22 00:00:00+00:00,inference-2026-08-20T16-49-50Z-2025-06-06,timeseries.json,Tripos,374.88339858949627,279.8042209832938,3.5753056281989722e-25,1020.4273328985084
2000-04-22 00:00:00+00:00,inference-2026-08-20T16-49-50Z-2025-06-06,timeseries.json,bubbles,590.3944125887862,530.6870339223733,1.4614972279478742e-26,1524.7791546006822
2000-04-22 00:00:00+00:00,inference-2026-08-20T16-49-50Z-2025-06-06,timeseries.json,copepods,279.67028286201327,0.6035477629645516,2.791913348241921e-32,1553.478081258531
2000-04-22 00:00:00+00:00,inference-2026-08-20T16-49-50Z-2025-06-06,timeseries.json,fish_eggs,321.88241782155774,6.516646903067391,2.9510411131356603e-62,1273.6064419111765
2000-04-22 00:00:00+00:00,inference-2026-08-20T16-49-50Z-2025-06-06,timeseries.json,fish_larvae,339.7082627580287,96.19554059036066,4.1945653019535756e-38,1459.9304723679315
2000-04-22 00:00:00+00:00,inference-2026-08-20T16-49-50Z-2025-06-06,timeseries.json,other,360.86146822320336,198.86513133653568,6.061076871527666e-08,1499.9389166238525
2000-04-23 00:00:00+00:00,inference-2026-08-20T16-49-50Z-2025-06-06,timeseries.json,Noctiluca,1559.8678116423955,973.208340676957,2.0728550574865775e-18,3670.598143251748
2000-04-23 00:00:00+00:00,inference-2026-08-20T16-49-50Z-2025-06-06,timeseries.json,Phyto_Centrics,1098.8057852505717,791.1557907732226,2.7299854579936886e-17,3534.077728916044
2000-04-23 00:00:00+00:00,inference-2026-08-20T16-49-50Z-2025-06-06,timeseries.json,Tripos,960.9681744337727,17.679529543442207,2.70313651193722e-19,3640.730984850438
2000-04-23 00:00:00+00:00,inference-2026-08-20T16-49-50Z-2025-06-06,timeseries.json,bubbles,1350.9598044460506,669.9749759763151,3.1487958780314617e-40,3689.8052824017504
2000-04-23 00:00:00+00:00,inference-2026-08-20T16-49-50Z-2025-06-06,timeseries.json,copepods,478.06326758663187,0.16772732285305642,8.231859003720663e-44,2340.7699579529717
2000-04-23 00:00:00+00:00,inference-2026-08-20T16-49-50Z-2025-06-06,timeseries.json,fish_eggs,315.9268116893018,0.00542253155569927,1.1089710213739142e-57,2133.142760781107
2000-04-23 00:00:00+00:00,inference-2026-08-20T16-49-50Z-2025-06-06,timeseries.json,fish_larvae,766.5068369829185,29.090931415545512,8.728292035565403e-33,2784.340441615186
2000-04-23 00:00:00+00:00,inference-2026-08-20T16-49-50Z-2025-06-06,timeseries.json,other,820.9015079683566,263.4141631796037,4.0585417910330376e-08,2867.5946141488316
2000-04-24 00:00:00+00:00,inference-2026-08-20T16-49-50Z-2025-06-06,timeseries.json,Noctiluca,1125.4469265736273,246.55136343762825,1.2833906767882525e-56,3159.30353104715
2000-04-24 00:00:00+00:00,inference-2026-08-20T16-49-50Z-2025-06-06,timeseries.json,Phyto_Centrics,621.2033196992893,8.857320344409867,5.732497182649401e-13,3082.5891028032975
2000-04-24 00:00:00+00:00,inference-2026-08-20T16-49-50Z-2025-06-06,timeseries.json,Tripos,765.8416121279697,25.171232174839098,4.0412646678196164e-18,2894.676485614721
2000-04-24 00:00:00+00:00,inference-2026-08-20T16-49-50Z-2025-06-06,timeseries.json,bubbles,872.6871776148074,24.99475848222803,1.8250897863934915e-27,3181.815659269727
2000-04-24 00:00:00+00:00,inference-2026-08-20T16-49-50Z-2025-06-06,timeseries.json,copepods,1172.710628141493,915.6033302697505,6.963108476954869e-14,3083.41074417415
2000-04-24 00:00:00+00:00,inference-2026-08-20T16-49-50Z-2025-06-06,timeseries.json,fish_eggs,90.62456338229914,0.011374256095925439,3.500098406559555e-87,524.6662509168235
2000-04-24 00:00:00+00:00,inference-2026-08-20T16-49-50Z-2025-06-06,timeseries.json,fish_larvae,829.7074650359032,10.493750492734538,1.0007642624757572e-60,3056.7901270553225
2000-04-24 00:00:00+00:00,inference-2026-08-20T16-49-50Z-2025-06-06,timeseries.json,other,569.7783074246104,10.273706671848146,2.085346633084476e-08,2750.655045110583
2000-04-25 00:00:00+00:00,inference-2026-08-20T16-49-50Z-2025-06-06,timeseries.json,Noctiluca,2982.302715289869,165.4769469253236,2.512322501978406e-28,9841.333056433348
2000-04-25 00:00:00+00:00,inference-2026-08-20T16-49-50Z-2025-06-06,timeseries.json,Phyto_Centrics,2205.8408917467646,206.6278797184864,3.4363508946388606e-08,9799.809862347623
2000-04-25 00:00:00+00:00,inference-2026-08-20T16-49-50Z-2025-06-06,timeseries.json,Tripos,1640.056336881713,19.77275616980547,6.486848434390486e-20,9811.000018445658
2000-04-25 00:00:00+00:00,inference-2026-08-20T16-49-50Z-2025-06-06,timeseries.json,bubbles,2725.6642405821453,54.46854315327603,2.767750561395032e-41,9857.345283977236
2000-04-25 00:00:00+00:00,inference-2026-08-20T16-49-50Z-2025-06-06,timeseries.json,copepods,447.61809263276797,0.053070619257965454,3.3757756169333407e-29,522.1518247356983
2000-04-25 00:00:00+00:00,inference-2026-08-20T16-49-50Z-2025-06-06,timeseries.json,fish_eggs,46.40778807908942,0.004238009373478286,6.099501482265396e-71,303.0370286102093
2000-04-25 00:00:00+00:00,inference-2026-08-20T16-49-50Z-2025-06-06,timeseries.json,fish_larvae,60.44569703073498,0.07751650119280017,3.868137351053755e-35,333.5208425148758
2000-04-25 00:00:00+00:00,inference-2026-08-20T16-49-50Z-2025-06-06,timeseries.json,other,115.66423775691922,40.18012680456106,7.801925103795844e-09,379.2063026083049
2000-04-26 00:00:00+00:00,inference-2026-08-20T16-49-50Z-2025-06-06,timeseries.json,Noctiluca,585.7097913803316,48.06925098921571,1.2709379044015757e-17,1678.3138491444292
2000-04-26 00:00:00+00:00,inference-2026-08-20T16-49-50Z-2025-06-06,timeseries.json,Phyto_Centrics,372.262049638438,3.610668806105716,1.0796574072290898e-13,1670.148792486002
2000-04-26 00:00:00+00:00,inference-2026-08-20T16-49-50Z-2025-06-06,timeseries.json,Tripos,321.34797965354124,6.841524620409184,2.6253153533754847e-23,1645.9703085563956
2000-04-26 00:00:00+00:00,inference-2026-08-20T16-49-50Z-2025-06-06,timeseries.json,bubbles,365.09662025123123,1.9431338712360386,7.51861930103376e-42,1676.3640333837632
2000-04-26 00:00:00+00:00,inference-2026-08-20T16-49-50Z-2025-06-06,timeseries.json,copepods,134.21984301437146,3.3877515025149956,1.1340599310935214e-63,305.505939118417
2000-04-26 00:00:00+00:00,inference-2026-08-20T16-49-50Z-2025-06-06,timeseries.json,fish_eggs,18.202812036118846,1.9400442847145284e-05,1.4552285644104398e-120,137.3046217463737
2000-04-26 00:00:00+00:00,inference-2026-08-20T16-49-50Z-2025-06-06,timeseries.json,fish_larvae,55.85260745039222,0.2760206760177724,6.577553270972604e-43,255.1233749642018
2000-04-26 00:00:00+00:00,inference-2026-08-20T16-49-50Z-2025-06-06,timeseries.json,other,80.30829657557373,6.55806606554006,3.469530843819719e-08,266.41688893693856
2000-04-27 00:00:00+00:00,inference-2026-08-20T16-49-50Z-2025-06-06,timeseries.json,Noctiluca,803.129765876752,451.9565768350102,3.9759024432752493e-19,1702.2081205422694
2000-04-27 00:00:00+00:00,inference-2026-08-20T16-49-50Z-2025-06-06,timeseries.json,Phyto_Centrics,285.02110636770993,28.047857937017938,2.412139235880549e-11,1678.0221261748704
2000-04-27 00:00:00+00:00,inference-2026-08-20T16-49-50Z-2025-06-06,timeseries.json,Tripos,359.8907965586314,35.42593772640197,1.478660647153949e-15,1688.9577147901323
2000-04-27 00:00:00+00:00,inference-2026-08-20T16-49-50Z-2025-06-06,timeseries.json,bubbles,463.6321742029401,216.39747880200565,2.749312231265808e-27,1696.4041811657412
2000-04-27 00:00:00+00:00,inference-2026-08-20T16-49-50Z-2025-06-06,timeseries.json,copepods,58.06318786538194,0.030562097896051223,3.2874482318439287e-28,356.2048022629631
2000-04-27 00:00:00+00:00,inference-2026-08-20T16-49-50Z-2025-06-06,timeseries.json,fish_eggs,88.55825375792186,10.64399899243805,3.331297645074311e-101,269.4487760648283
2000-04-27 00:00:00+00:00,inference-2026-08-20T16-49-50Z-2025-06-06,timeseries.json,fish_larvae,57.9278996560408,0.3722379130679935,4.2191247572805345e-32,318.70254943100923
2000-04-27 00:00:00+00:00,inference-2026-08-20T16-49-50Z-2025-06-06,timeseries.json,other,87.77681571462179,23.127304766856774,1.5761564770150736e-06,306.68799021024756
2000-04-28 00:00:00+00:00,inference-2026-08-20T16-49-50Z-2025-06-06,timeseries.json,Noctiluca,711.960937941859,274.9248769916896,5.211344375928129e-31,2245.1723663175976
2000-04-28 00:00:00+00:00,inference-2026-08-20T16-49-50Z-2025-06-06,timeseries.json,Phyto_Centrics,524.9573861171052,116.7726497300787,5.870272997664501e-09,2234.395467489537
2000-04-28 00:00:00+00:00,inference-2026-08-20T16-49-50Z-2025-06-06,timeseries.json,Tripos,662.8595007166339,159.80628828322148,1.0179636077943775e-14,2241.1009961326263
2000-04-28 00:00:00+00:00,inference-2026-08-20T16-49-50Z-2025-06-06,timeseries.json,bubbles,648.4719450516377,367.2148419287696,2.2062237851569345e-23,2245.2555456225446
2000-04-28 00:00:00+00:00,inference-2026-08-20T16-49-50Z-2025-06-06,timeseries.json,copepods,179.66642791468408,0.022188638254105324,1.2899081723536292e-37,726.5647591449922
2000-04-28 00:00:00+00:00,inference-2026-08-20T16-49-50Z-2025-06-06,timeseries.json,fish_eggs,217.5354934400875,16.853284626085056,4.779191408858438e-65,625.243072237527
2000-04-28 00:00:00+00:00,inference-2026-08-20T16-49-50Z-2025-06-06,timeseries.json,fish_larvae,108.76331520001037,1.4364539922766997,7.551907461328009e-24,573.382024010451
2000-04-28 00:00:00+00:00,inference-2026-08-20T16-49-50Z-2025-06-06,timeseries.json,other,166.78499361798296,14.604904805375575,3.339695296830275e-08,622.0042584121467
2000-04-29 00:00:00+00:00,inference-2026-08-20T16-49-50Z-2025-06-06,timeseries.json,Noctiluca,702.9574602358963,126.95992497354659,2.341374264645499e-39,2393.2821854594936
2000-04-29 00:00:00+00:00,inference-2026-08-20T16-49-50Z-2025-06-06,timeseries.json,Phyto_Centrics,690.6563478232395,329.37252777980393,1.2587155880065647e-12,2388.543895775012
2000-04-29 00:00:00+00:00,inference-2026-08-20T16-49-50Z-2025-06-06,timeseries.json,Tripos,543.685287534634,108.56602968648126,6.839023620580225e-17,2391.4149230742264
2000-04-29 00:00:00+00:00,inference-2026-08-20T16-49-50Z-2025-06-06,timeseries.json,bubbles,918.6429900963767,621.6053189281422,2.7628185335118293e-25,2399.4099014129397
2000-04-29 00:00:00+00:00,inference-2026-08-20T16-49-50Z-2025-06-06,timeseries.json,copepods,233.50678977738625,0.2521244393920008,1.4783863113597216e-28,1037.2252431532675
2000-04-29 00:00:00+00:00,inference-2026-08-20T16-49-50Z-2025-06-06,timeseries.json,fish_eggs,280.97887823236135,43.54653037470247,2.0591950955508086e-66,792.4120939333797
2000-04-29 00:00:00+00:00,inference-2026-08-20T16-49-50Z-2025-06-06,timeseries.json,fish_larvae,159.19762364509236,19.47623395213208,7.588787293064445e-27,751.7058393567426
2000-04-29 00:00:00+00:00,inference-2026-08-20T16-49-50Z-2025-06-06,timeseries.json,other,231.37462265501432,72.99133168116632,6.826978387586231e-07,751.4797029875746
2000-04-30 00:00:00+00:00,inference-2026-08-20T16-49-50Z-2025-06-06,timeseries.json,Noctiluca,1361.6080789509938,34.24499010946563,2.9195992531188797e-28,3445.2183423783063
2000-04-30 00:00:00+00:00,inference-2026-08-20T16-49-50Z-2025-06-06,timeseries.json,Phyto_Centrics,402.8521032741026,0.9334536675470695,1.0456897630365866e-12,3425.842212897759
2000-04-30 00:00:00+00:00,inference-2026-08-20T16-49-50Z-2025-06-06,timeseries.json,Tripos,512.8848730930159,0.3680512951874645,5.0570918925491944e-20,3418.725816736227
2000-04-30 00:00:00+00:00,inference-2026-08-20T16-49-50Z-2025-06-06,timeseries.json,bubbles,1002.8899601553103,2.9793773112633546,3.542807182351386e-30,3441.4025169484794
2000-04-30 00:00:00+00:00,inference-2026-08-20T16-49-50Z-2025-06-06,timeseries.json,copepods,167.45557848359465,0.0003876115414339289,3.707753976777731e-30,84.46781658026109
2000-04-30 00:00:00+00:00,inference-2026-08-20T16-49-50Z-2025-06-06,timeseries.json,fish_eggs,4.532637457405483,1.1121989937325998e-05,1.3315732149733307e-77,33.23609267776202
2000-04-30 00:00:00+00:00,inference-2026-08-20T16-49-50Z-2025-06-06,timeseries.json,fish_larvae,6.575893670295752,0.03731210771967275,5.816545358274723e-45,33.19700141554724
2000-04-30 00:00:00+00:00,inference-2026-08-20T16-49-50Z-2025-06-06,timeseries.json,other,10.200874915281306,1.2135264535881398,3.030394567138327e-09,41.15080182956166
2000-05-01 00:00:00+00:00,inference-2026-08-20T16-49-50Z-2025-06-06,timeseries.json,Noctiluca,38.6392403151935,13.984674513791758,4.814424943773338e-43,176.0302718956114
2000-05-01 00:00:00+00:00,inference-2026-08-20T16-49-50Z-2025-06-06,timeseries.json,Phyto_Centrics,60.51681772979907,30.972190567638734,1.0930550431624183e-11,239.5819789139657
2000-05-01 00:00:00+00:00,inference-2026-08-20T16-49-50Z-2025-06-06,timeseries.json,Tripos,29.59631803074242,2.4514083788666685,8.753131111266336e-20,137.95836328685263
2000-05-01 00:00:00+00:00,inference-2026-08-20T16-49-50Z-2025-06-06,timeseries.json,bubbles,68.31575305785938,56.78501228668232,1.2596959176426856e-24,229.39363612069465
2000-05-01 00:00:00+00:00,inference-2026-08-20T16-49-50Z-2025-06-06,timeseries.json,copepods,30.946152394939713,0.013919882500574812,9.491603242531453e-38,196.31030546173196
2000-05-01 00:00:00+00:00,inference-2026-08-20T16-49-50Z-2025-06-06,timeseries.json,fish_eggs,41.809697173038295,0.07245329069145781,1.7807190932837855e-130,182.2371812538665
2000-05-01 00:00:00+00:00,inference-2026-08-20T16-49-50Z-2025-06-06,timeseries.json,fish_larvae,32.93678450786589,0.207276948488689,5.251789926893313e-41,206.67888681168387
2000-05-01 00:00:00+00:00,inference-2026-08-20T16-49-50Z-2025-06-06,timeseries.json,other,54.23923679056172,14.462058190165664,5.672267828639699e-08,204.26530279789702
2000-05-02 00:00:00+00:00,inference-2026-08-20T16-49-50Z-2025-06-06,timeseries.json,Noctiluca,28.11591431299355,13.219396015449263,1.722951697217013e-19,139.92108381178625
2000-05-02 00:00:00+00:00,inference-2026-08-20T16-49-50Z-2025-06-06,timeseries.json,Phyto_Centrics,30.312119078965267,2.987301090926862,2.6724606167017387e-12,148.3621038411132
2000-05-02 00:00:00+00:00,inference-2026-08-20T16-49-50Z-2025-06-06,timeseries.json,Tripos,38.72816057627554,0.594147376973109,7.310425057329953e-26,226.98079940052875
2000-05-02 00:00:00+00:00,inference-2026-08-20T16-49-50Z-2025-06-06,timeseries.json,bubbles,62.18203637088862,26.513684040547574,1.4268449910613024e-30,225.96916613239077
2000-05-02 00:00:00+00:00,inference-2026-08-20T16-49-50Z-2025-06-06,timeseries.json,copepods,24.812436476876332,0.003099049123975838,9.258028555892804e-33,183.8371306388279
2000-05-02 00:00:00+00:00,inference-2026-08-20T16-49-50Z-2025-06-06,timeseries.json,fish_eggs,76.52986695308014,3.2864357210165247,2.7419593987156654e-81,237.06342085119095
2000-05-02 00:00:00+00:00,inference-2026-08-20T16-49-50Z-2025-06-06,timeseries.json,fish_larvae,31.016163732387486,0.04854236336197536,2.3858899301246814e-27,178.31673894558077
2000-05-02 00:00:00+00:00,inference-2026-08-20T16-49-50Z-2025-06-06,timeseries.json,other,55.303302498533085,2.0810909723140814,1.4229877841442713e-09,228.80458889200997
2000-05-03 00:00:00+00:00,inference-2026-08-20T16-49-50Z-2025-06-06,timeseries.json,Noctiluca,241.5307140778394,148.69598101226842,2.4795685573648097e-37,969.262038382024
2000-05-03 00:00:00+00:00,inference-2026-08-20T16-49-50Z-2025-06-06,timeseries.json,Phyto_Centrics,249.72630382041066,44.64230483043019,1.4458504271205194e-08,1078.2399164190456
2000-05-03 00:00:00+00:00,inference-2026-08-20T16-49-50Z-2025-06-06,timeseries.json,Tripos,331.18031448611407,61.83206186183433,1.7235935493515084e-15,1661.7078253188529
2000-05-03 00:00:00+00:00,inference-2026-08-20T16-49-50Z-2025-06-06,timeseries.json,bubbles,479.2949972854337,220.86297083545475,3.7685757077408313e-32,1674.8824394004318
2000-05-03 00:00:00+00:00,inference-2026-08-20T16-49-50Z-2025-06-06,timeseries.json,copepods,200.79140154645052,0.04384733271160506,1.0779522459811903e-29,1388.454880329221
2000-05-03 00:00:00+00:00,inference-2026-08-20T16-49-50Z-2025-06-06,timeseries.json,fish_eggs,562.5664027301924,125.26677030469497,9.177504770719148e-56,1706.082615328741
2000-05-03 00:00:00+00:00,inference-2026-08-20T16-49-50Z-2025-06-06,timeseries.json,fish_larvae,247.12602821279168,0.6286540128459588,4.495619133413626e-24,1369.2089155873887
2000-05-03 00:00:00+00:00,inference-2026-08-20T16-49-50Z-2025-06-06,timeseries.json,other,427.7838378407667,7.437240787272044,1.674374408337926e-06,1673.221470226592
2000-05-04 00:00:00+00:00,inference-2026-08-20T16-49-50Z-2025-06-06,timeseries.json,Noctiluca,542.7110284169638,198.83919185136122,1.926017130831243e-42,1545.4344200440264
2000-05-04 00:00:00+00:00,inference-2026-08-20T16-49-50Z-2025-06-06,timeseries.json,Phyto_Centrics,436.06530646281686,299.8503842846904,3.428129134023231e-09,1518.1230268267734
2000-05-04 00:00:00+00:00,inference-2026-08-20T16-49-50Z-2025-06-06,timeseries.json,Tripos,371.11567527886956,141.70161069133025,1.0872265078629774e-17,1536.5579020773641
2000-05-04 00:00:00+00:00,inference-2026-08-20T16-49-50Z-2025-06-06,timeseries.json,bubbles,552.1623039563062,320.8276157905242,1.4120543925665085e-41,1543.539816147789
2000-05-04 00:00:00+00:00,inference-2026-08-20T16-49-50Z-2025-06-06,timeseries.json,copepods,180.99707406378477,0.27731945530228425,2.246854708985075e-34,689.8818980417955
2000-05-04 00:00:00+00:00,inference-2026-08-20T16-49-50Z-2025-06-06,timeseries.json,fish_eggs,134.07727945239972,3.7969967740103967,1.8712723261957363e-128,494.38973249744373
2000-05-04 00:00:00+00:00,inference-2026-08-20T16-49-50Z-2025-06-06,timeseries.json,fish_larvae,183.3490448537643,14.434596249580046,3.8679428318808135e-25,624.0984593537909
2000-05-04 00:00:00+00:00,inference-2026-08-20T16-49-50Z-2025-06-06,timeseries.json,other,203.52228751509458,131.57815534613314,7.558641358614912e-08,593.0281280933835
2000-05-05 00:00:00+00:00,inference-2026-08-20T16-49-50Z-2025-06-06,timeseries.json,Noctiluca,2544.6748910431197,128.1941428782743,5.981574591454683e-36,6366.410037600615
2000-05-05 00:00:00+00:00,inference-2026-08-20T16-49-50Z-2025-06-06,timeseries.json,Phyto_Centrics,674.9358161339381,2.5460306547115077,1.587469594003087e-09,6334.663794665917
2000-05-05 00:00:00+00:00,inference-2026-08-20T16-49-50Z-2025-06-06,timeseries.json,Tripos,983.6142050337006,3.2554027737412152,7.319548933474749e-18,6330.052614758633
2000-05-05 00:00:00+00:00,inference-2026-08-20T16-49-50Z-2025-06-06,timeseries.json,bubbles,1888.0768959500217,0.22216988096027301,6.678062240491662e-38,6353.489124241429
2000-05-05 00:00:00+00:00,inference-2026-08-20T16-49-50Z-2025-06-06,timeseries.json,copepods,320.08389778180015,0.0004271556910119822,1.0890610099097068e-56,432.06559421452494
2000-05-05 00:00:00+00:00,inference-2026-08-20T16-49-50Z-2025-06-06,timeseries.json,fish_eggs,22.930704188084732,0.0011290580883945387,1.2441382720851794e-66,150.97653220084607
2000-05-05 00:00:00+00:00,inference-2026-08-20T16-49-50Z-2025-06-06,timeseries.json,fish_larvae,29.851256581386654,0.1425249702254754,3.2502500515126134e-22,155.4975899270451
2000-05-05 00:00:00+00:00,inference-2026-08-20T16-49-50Z-2025-06-06,timeseries.json,other,21.832333287946824,0.22197135072192672,7.885134992320548e-11,140.16883783624453
2000-05-06 00:00:00+00:00,inference-2026-08-20T16-49-50Z-2025-06-06,timeseries.json,Noctiluca,26.021479031824185,9.881344099411727,1.2937809445268973e-24,127.88434264731846
2000-05-06 00:00:00+00:00,inference-2026-08-20T16-49-50Z-2025-06-06,timeseries.json,Phyto_Centrics,45.785554760706354,0.9120705481678001,1.1996169228443464e-15,329.3338833229215
2000-05-06 00:00:00+00:00,inference-2026-08-20T16-49-50Z-2025-06-06,timeseries.json,Tripos,89.05649246260643,0.8599420069262864,2.2881363698565355e-22,558.3543019101267
2000-05-06 00:00:00+00:00,inference-2026-08-20T16-49-50Z-2025-06-06,timeseries.json,bubbles,43.63249913173374,3.403571274353718,1.785027727060379e-28,217.32305405389914
2000-05-06 00:00:00+00:00,inference-2026-08-20T16-49-50Z-2025-06-06,timeseries.json,copepods,68.50105352249088,0.06274522188963794,1.3371011772308733e-49,440.694937417107
2000-05-06 00:00:00+00:00,inference-2026-08-20T16-49-50Z-2025-06-06,timeseries.json,fish_eggs,64.37040994133285,0.0002908938422208746,2.039649178635389e-67,452.2775667827858
2000-05-06 00:00:00+00:00,inference-2026-08-20T16-49-50Z-2025-06-06,timeseries.json,fish_larvae,127.75198939517362,1.074301878305218,2.403108183481909e-40,545.0579394990496
2000-05-06 00:00:00+00:00,inference-2026-08-20T16-49-50Z-2025-06-06,timeseries.json,other,150.88052175413173,27.472067224764636,1.4095620800399678e-08,572.4442698838603
2000-05-07 00:00:00+00:00,inference-2026-08-20T16-49-50Z-2025-06-06,timeseries.json,Noctiluca,12.977389909938431,2.2270709420056907,6.333940234165249e-44,35.38002302331889
2000-05-07 00:00:00+00:00,inference-2026-08-20T16-49-50Z-2025-06-06,timeseries.json,Phyto_Centrics,38.00005384303457,1.0858756526479558,3.2635400301663824e-12,244.12569726550376
2000-05-07 00:00:00+00:00,inference-2026-08-20T16-49-50Z-2025-06-06,timeseries.json,Tripos,88.98620163644952,6.437917049746138,3.1971977807298974e-20,558.2628775946953
2000-05-07 00:00:00+00:00,inference-2026-08-20T16-49-50Z-2025-06-06,timeseries.json,bubbles,12.476885854024598,0.3246719129687815,3.768913383696984e-48,37.186545016657305
2000-05-07 00:00:00+00:00,inference-2026-08-20T16-49-50Z-2025-06-06,timeseries.json,copepods,102.56011205547676,0.46791076919266317,4.451899555662889e-32,533.0757499923402
2000-05-07 00:00:00+00:00,inference-2026-08-20T16-49-50Z-2025-06-06,timeseries.json,fish_eggs,67.08921577346565,0.0004481845955734993,3.293443550043288e-81,540.0755130319275
2000-05-07 00:00:00+00:00,inference-2026-08-20T16-49-50Z-2025-06-06,timeseries.json,fish_larvae,183.52214661135838,4.403047025785242,4.710893148992511e-26,561.9450979593963
2000-05-07 00:00:00+00:00,inference-2026-08-20T16-49-50Z-2025-06-06,timeseries.json,other,88.38799431625219,1.8162311405595366,2.0829422406193324e-09,518.7709695279674
2000-05-08 00:00:00+00:00,inference-2026-08-20T16-49-50Z-2025-06-06,timeseries.json,Noctiluca,89.72194964534569,1.6650161680396147,6.685679428767888e-37,703.4884472226703
2000-05-08 00:00:00+00:00,inference-2026-08-20T16-49-50Z-2025-06-06,timeseries.json,Phyto_Centrics,84.56537074203877,0.41324242151115675,2.4302766713527284e-10,541.7633324995737
2000-05-08 00:00:00+00:00,inference-2026-08-20T16-49-50Z-2025-06-06,timeseries.json,Tripos,286.36710826392965,6.217677283247306,4.1879518949941233e-14,1578.5471191955994
2000-05-08 00:00:00+00:00,inference-2026-08-20T16-49-50Z-2025-06-06,timeseries.json,bubbles,18.301911903264845,0.06362973555864629,1.3752616533410189e-83,87.15867576902228
2000-05-08 00:00:00+00:00,inference-2026-08-20T16-49-50Z-2025-06-06,timeseries.json,copepods,449.9684760052253,26.310700783844517,2.133273789468982e-27,1722.438159024894
2000-05-08 00:00:00+00:00,inference-2026-08-20T16-49-50Z-2025-06-06,timeseries.json,fish_eggs,313.18171685389194,0.03518319856998399,1.4241840602572261e-69,2147.9318389853397
2000-05-08 00:00:00+00:00,inference-2026-08-20T16-49-50Z-2025-06-06,timeseries.json,fish_larvae,598.5325166848622,244.5423742165276,1.0436379065698449e-16,1883.0923869955918
2000-05-08 00:00:00+00:00,inference-2026-08-20T16-49-50Z-2025-06-06,timeseries.json,other,406.3609499014403,60.07205147316657,1.5621612971902082e-07,1676.8102811490535
2000-05-09 00:00:00+00:00,inference-2026-08-20T16-49-50Z-2025-06-06,timeseries.json,Noctiluca,542.2602789522614,60.781003023451376,1.2611833476491147e-27,1633.4283759587572
2000-05-09 00:00:00+00:00,inference-2026-08-20T16-49-50Z-2025-06-06,timeseries.json,Phyto_Centrics,365.4296459669768,15.602712877733882,1.7375161100371082e-11,1616.5174138404154
2000-05-09 00:00:00+00:00,inference-2026-08-20T16-49-50Z-2025-06-06,timeseries.json,Tripos,510.26842650358236,168.89646704837892,7.574972007104187e-25,1627.1738270359258
2000-05-09 00:00:00+00:00,inference-2026-08-20T16-49-50Z-2025-06-06,timeseries.json,bubbles,467.7928862894886,5.995870760313383,2.1062737131658944e-129,1638.563162834704
2000-05-09 00:00:00+00:00,inference-2026-08-20T16-49-50Z-2025-06-06,timeseries.json,copepods,235.95645780221125,0.42583465014011346,1.0809196688959385e-46,1259.8117448123617
2000-05-09 00:00:00+00:00,inference-2026-08-20T16-49-50Z-2025-06-06,timeseries.json,fish_eggs,169.40406441147093,0.015535441859502938,2.9627398490692855e-76,1302.9655791012894
2000-05-09 00:00:00+00:00,inference-2026-08-20T16-49-50Z-2025-06-06,timeseries.json,fish_larvae,426.7431884061259,212.16885569609616,1.0195716116721446e-27,1298.4135494348907
2000-05-09 00:00:00+00:00,inference-2026-08-20T16-49-50Z-2025-06-06,timeseries.json,other,258.1450516678819,42.67243263924894,8.399470304758108e-07,1117.0185625797383
2000-05-10 00:00:00+00:00,inference-2026-08-20T16-49-50Z-2025-06-06,timeseries.json,Noctiluca,2019.5327859699705,371.5477628362678,1.4127967151375075e-36,8001.313719210916
2000-05-10 00:00:00+00:00,inference-2026-08-20T16-49-50Z-2025-06-06,timeseries.json,Phyto_Centrics,3045.032341056772,1019.18486383615,4.214198079438599e-18,8719.900527184169
2000-05-10 00:00:00+00:00,inference-2026-08-20T16-49-50Z-2025-06-06,timeseries.json,Tripos,2311.925659989875,211.26595271199017,6.584438269999303e-18,8931.81469219557
2000-05-10 00:00:00+00:00,inference-2026-08-20T16-49-50Z-2025-06-06,timeseries.json,bubbles,1543.7483593631364,35.60012942422058,2.603432524038256e-31,8863.933269407033
2000-05-10 00:00:00+00:00,inference-2026-08-20T16-49-50Z-2025-06-06,timeseries.json,copepods,202.09160238591159,0.14736646769543038,4.795544369738013e-38,268.05768309695725
2000-05-10 00:00:00+00:00,inference-2026-08-20T16-49-50Z-2025-06-06,timeseries.json,fish_eggs,63.26536721479558,0.05595778310762256,1.8234423737513734e-182,278.45466742997354
2000-05-10 00:00:00+00:00,inference-2026-08-20T16-49-50Z-2025-06-06,timeseries.json,fish_larvae,80.07818093202526,1.0880584587627948,9.092249339715167e-28,346.0650568684717
2000-05-10 00:00:00+00:00,inference-2026-08-20T16-49-50Z-2025-06-06,timeseries.json,other,110.32570308750789,43.15968905018415,3.729712982666935e-07,356.3990186371208
2000-05-11 00:00:00+00:00,inference-2026-08-20T16-49-50Z-2025-06-06,timeseries.json,Noctiluca,579.2341301809222,26.132586103366172,6.723871183750638e-41,1478.9252327038698
2000-05-11 00:00:00+00:00,inference-2026-08-20T16-49-50Z-2025-06-06,timeseries.json,Phyto_Centrics,174.78268213817373,3.0002080172763828,7.787377945201667e-20,1468.0868879888042
2000-05-11 00:00:00+00:00,inference-2026-08-20T16-49-50Z-2025-06-06,timeseries.json,Tripos,228.51279886226177,0.46958620791348926,6.022425328904309e-21,1470.9222392161385
2000-05-11 00:00:00+00:00,inference-2026-08-20T16-49-50Z-2025-06-06,timeseries.json,bubbles,440.83660119630673,10.477561581271946,1.6956593333797053e-37,1477.7887048940245
2000-05-11 00:00:00+00:00,inference-2026-08-20T16-49-50Z-2025-06-06,timeseries.json,copepods,72.62767071202731,0.006160830873320527,5.352334998382558e-34,70.91795424277075
2000-05-11 00:00:00+00:00,inference-2026-08-20T16-49-50Z-2025-06-06,timeseries.json,fish_eggs,4.960445465018801,0.00010186565364063606,1.9080527860612765e-68,31.624384103759187
2000-05-11 00:00:00+00:00,inference-2026-08-20T16-49-50Z-2025-06-06,timeseries.json,fish_larvae,7.420729797896339,0.0233441626393547,1.2222247514617165e-43,41.39297244469529
2000-05-11 00:00:00+00:00,inference-2026-08-20T16-49-50Z-2025-06-06,timeseries.json,other,9.62494164739158,0.6009645255513407,3.682081269895329e-10,42.12365932852815
2000-05-12 00:00:00+00:00,inference-2026-08-20T16-49-50Z-2025-06-06,timeseries.json,Noctiluca,31.52079588119721,25.422862759974613,1.4701895373050063e-42,86.95266585831537
2000-05-12 00:00:00+00:00,inference-2026-08-20T16-49-50Z-2025-06-06,timeseries.json,Phyto_Centrics,37.39156972014442,5.1141823053787725,1.8325042958765652e-14,166.8105156008974
2000-05-12 00:00:00+00:00,inference-2026-08-20T16-49-50Z-2025-06-06,timeseries.json,Tripos,47.848905935219314,5.259312118799672,7.983382705822092e-21,223.73595043283308
2000-05-12 00:00:00+00:00,inference-2026-08-20T16-49-50Z-2025-06-06,timeseries.json,bubbles,40.77042643483194,12.822852408639932,2.0923571150114744e-25,189.53562658350188
2000-05-12 00:00:00+00:00,inference-2026-08-20T16-49-50Z-2025-06-06,timeseries.json,copepods,28.298601423524765,0.14177490504014367,6.542074497413673e-29,153.17628510036374
2000-05-12 00:00:00+00:00,inference-2026-08-20T16-49-50Z-2025-06-06,timeseries.json,fish_eggs,23.62378080030323,0.0006402659081035415,2.9981843607569374e-120,153.27027960858624
2000-05-12 00:00:00+00:00,inference-2026-08-20T16-49-50Z-2025-06-06,timeseries.json,fish_larvae,53.75745983752708,1.5568336774751403,1.7118269185486167e-36,220.86012647878042
2000-05-12 00:00:00+00:00,inference-2026-08-20T16-49-50Z-2025-06-06,timeseries.json,other,65.78845996725205,14.529914871308051,9.841577363343386e-09,261.03568537003616
2000-05-13 00:00:00+00:00,inference-2026-08-20T16-49-50Z-2025-06-06,timeseries.json,Noctiluca,15.92182495730404,6.370784501548455,2.4830886410659547e-47,46.71868098694351
2000-05-13 00:00:00+00:00,inference-2026-08-20T16-49-50Z-2025-06-06,timeseries.json,Phyto_Centrics,27.69833774538763,1.171494161255015,2.2760802297944478e-15,187.91747585006038
2000-05-13 00:00:00+00:00,inference-2026-08-20T16-49-50Z-2025-06-06,timeseries.json,Tripos,37.46517661930892,1.0289717742032407,2.121209708071636e-31,213.99261938604906
2000-05-13 00:00:00+00:00,inference-2026-08-20T16-49-50Z-2025-06-06,timeseries.json,bubbles,22.302358976129494,0.9327401224042751,1.6787440775398366e-29,103.96304974591408
2000-05-13 00:00:00+00:00,inference-2026-08-20T16-49-50Z-2025-06-06,timeseries.json,copepods,21.86445479597328,0.0158018253957957,2.502455278150186e-34,134.5877981637157
2000-05-13 00:00:00+00:00,inference-2026-08-20T16-49-50Z-2025-06-06,timeseries.json,fish_eggs,22.42160252611936,5.277640626981984e-06,3.8399955316223065e-66,167.63411262670542
2000-05-13 00:00:00+00:00,inference-2026-08-20T16-49-50Z-2025-06-06,timeseries.json,fish_larvae,58.7646680843564,0.6541949546642485,5.2799896453733255e-61,232.9457118738416
2000-05-13 00:00:00+00:00,inference-2026-08-20T16-49-50Z-2025-06-06,timeseries.json,other,61.5615762954208,4.0360159707397445,9.721988688101348e-10,232.21565775896838
2000-05-14 00:00:00+00:00,inference-2026-08-20T16-49-50Z-2025-06-06,timeseries.json,Noctiluca,414.0623093567168,330.54402416242704,1.258558419741689e-30,1227.7892901086516
2000-05-14 00:00:00+00:00,inference-2026-08-20T16-49-50Z-2025-06-06,timeseries.json,Phyto_Centrics,681.6170058908966,641.4126812863841,2.227653018195782e-06,1659.5606481849022
2000-05-14 00:00:00+00:00,inference-2026-08-20T16-49-50Z-2025-06-06,timeseries.json,Tripos,534.6692469325661,266.7022992222581,3.7796690086152796e-21,1561.6618462835866
2000-05-14 00:00:00+00:00,inference-2026-08-20T16-49-50Z-2025-06-06,timeseries.json,bubbles,532.5526288106645,433.1792013257125,3.296065206115696e-47,2029.5195827721689
2000-05-14 00:00:00+00:00,inference-2026-08-20T16-49-50Z-2025-06-06,timeseries.json,copepods,364.3384069389331,0.18948062773229105,2.1226142409032476e-45,1450.2777251326386
2000-05-14 00:00:00+00:00,inference-2026-08-20T16-49-50Z-2025-06-06,timeseries.json,fish_eggs,420.64803639639604,0.42415792662101787,1.3895432925157564e-94,1626.4470584609383
2000-05-14 00:00:00+00:00,inference-2026-08-20T16-49-50Z-2025-06-06,timeseries.json,fish_larvae,719.008116491606,766.4292862638627,2.304453470930002e-18,1788.73094722759
2000-05-14 00:00:00+00:00,inference-2026-08-20T16-49-50Z-2025-06-06,timeseries.json,other,768.1042491822196,907.4334074675501,1.4434691701100016e-06,1830.062205942904
2000-05-15 00:00:00+00:00,inference-2026-08-20T16-49-50Z-2025-06-06,timeseries.json,Noctiluca,3882.454133078419,151.24684740419133,2.5151397256603316e-43,9679.594906157572
2000-05-15 00:00:00+00:00,inference-2026-08-20T16-49-50Z-2025-06-06,timeseries.json,Phyto_Centrics,1000.6111428995953,0.7081030090075209,4.26658206109991e-11,9632.997205918222
2000-05-15 00:00:00+00:00,inference-2026-08-20T16-49-50Z-2025-06-06,timeseries.json,Tripos,1466.625918132889,0.15821225349115925,1.4935417129404315e-24,9627.334453746655
2000-05-15 00:00:00+00:00,inference-2026-08-20T16-49-50Z-2025-06-06,timeseries.json,bubbles,2894.2531218648924,0.02689343014422799,1.123142875207009e-36,9665.179351123184
2000-05-15 00:00:00+00:00,inference-2026-08-20T16-49-50Z-2025-06-06,timeseries.json,copepods,485.5330016695198,4.474569395317724e-05,7.786288177296278e-43,597.6898826817151
2000-05-15 00:00:00+00:00,inference-2026-08-20T16-49-50Z-2025-06-06,timeseries.json,fish_eggs,27.761908037133193,0.00011390332679861528,7.7685573212072e-54,192.2863023524309
2000-05-15 00:00:00+00:00,inference-2026-08-20T16-49-50Z-2025-06-06,timeseries.json,fish_larvae,35.62308669424055,0.016042041066259963,9.057486019457012e-21,194.6511653244182
2000-05-15 00:00:00+00:00,inference-2026-08-20T16-49-50Z-2025-06-06,timeseries.json,other,26.137687623305453,0.09867514515770595,4.150490098291364e-09,178.78794775769154
2000-05-16 00:00:00+00:00,inference-2026-08-20T16-49-50Z-2025-06-06,timeseries.json,Noctiluca,2249.801534828737,20.99816575096984,1.7442024643163288e-39,6484.607072698602
2000-05-16 00:00:00+00:00,inference-2026-08-20T16-49-50Z-2025-06-06,timeseries.json,Phyto_Centrics,1044.4402325936137,8.207784312261168,1.6501603877058467e-18,6480.029395121437
2000-05-16 00:00:00+00:00,inference-2026-08-20T16-49-50Z-2025-06-06,timeseries.json,Tripos,1138.9512941164874,1.3109455230664118,8.845102555211158e-26,6490.461641939506
2000-05-16 00:00:00+00:00,inference-2026-08-20T16-49-50Z-2025-06-06,timeseries.json,bubbles,1770.2116643111092,0.2627823796583172,5.451793124321093e-37,6491.878101262185
2000-05-16 00:00:00+00:00,inference-2026-08-20T16-49-50Z-2025-06-06,timeseries.json,copepods,298.9664130589501,0.05788388761995501,1.8456825181014813e-32,216.30762788982574
2000-05-16 00:00:00+00:00,inference-2026-08-20T16-49-50Z-2025-06-06,timeseries.json,fish_eggs,2.64939342849915,7.838848777095773e-05,5.6862975595101804e-58,19.52911714719731
2000-05-16 00:00:00+00:00,inference-2026-08-20T16-49-50Z-2025-06-06,timeseries.json,fish_larvae,5.7996547904514095,0.011554742367836237,2.0555963373088864e-33,33.753470868687685
2000-05-16 00:00:00+00:00,inference-2026-08-20T16-49-50Z-2025-06-06,timeseries.json,other,9.179812872152665,1.2805301096497745,5.649954578584343e-09,32.61245934606388
2000-05-17 00:00:00+00:00,inference-2026-08-20T16-49-50Z-2025-06-06,timeseries.json,Noctiluca,64.05199822223393,22.94371838142729,2.5778638406572775e-22,166.53863205264764
2000-05-17 00:00:00+00:00,inference-2026-08-20T16-49-50Z-2025-06-06,timeseries.json,Phyto_Centrics,32.61505001256995,0.7921674340580107,7.62778613143342e-15,162.19183052985102
2000-05-17 00:00:00+00:00,inference-2026-08-20T16-49-50Z-2025-06-06,timeseries.json,Tripos,50.93476418908461,0.7642166829322494,2.0468054459775125e-19,236.85426959137706
2000-05-17 00:00:00+00:00,inference-2026-08-20T16-49-50Z-2025-06-06,timeseries.json,bubbles,51.85955897776171,1.1241265987175937,1.258078379934643e-35,167.12584233855256
2000-05-17 00:00:00+00:00,inference-2026-08-20T16-49-50Z-2025-06-06,timeseries.json,copepods,109.76273036276368,32.32317638395363,2.105543592258259e-37,364.22649067616106
2000-05-17 00:00:00+00:00,inference-2026-08-20T16-49-50Z-2025-06-06,timeseries.json,fish_eggs,18.710605619166117,3.4001959899716876e-07,5.414264680667867e-55,135.49522205500926
2000-05-17 00:00:00+00:00,inference-2026-08-20T16-49-50Z-2025-06-06,timeseries.json,fish_larvae,113.51840422903383,2.198340123784794,3.231134952222294e-21,369.2335755430623
2000-05-17 00:00:00+00:00,inference-2026-08-20T16-49-50Z-2025-06-06,timeseries.json,other,85.54688838738609,1.858983180511338,4.264162614515445e-11,365.2363934671953
2000-05-18 00:00:00+00:00,inference-2026-08-20T16-49-50Z-2025-06-06,timeseries.json,Noctiluca,90.65034184549545,15.351511618575858,5.013785507251807e-33,248.2125489325494
2000-05-18 00:00:00+00:00,inference-2026-08-20T16-49-50Z-2025-06-06,timeseries.json,Phyto_Centrics,63.389962835944736,1.679139827360744,1.9916664052116146e-14,253.35364667228347
2000-05-18 00:00:00+00:00,inference-2026-08-20T16-49-50Z-2025-06-06,timeseries.json,Tripos,89.7480416087953,1.1431178768078851,5.80236790800566e-28,316.58242661562673
2000-05-18 00:00:00+00:00,inference-2026-08-20T16-49-50Z-2025-06-06,timeseries.json,bubbles,66.91949742843717,0.12957588132629358,2.1663914386231567e-40,248.7841199821172
2000-05-18 00:00:00+00:00,inference-2026-08-20T16-49-50Z-2025-06-06,timeseries.json,copepods,66.56213126375556,0.0354984172565656,2.7079623899766834e-40,305.6827429160081
2000-05-18 00:00:00+00:00,inference-2026-08-20T16-49-50Z-2025-06-06,timeseries.json,fish_eggs,45.02845654882518,0.0036877352714972528,4.7157357393142824e-92,309.83255053905003
2000-05-18 00:00:00+00:00,inference-2026-08-20T16-49-50Z-2025-06-06,timeseries.json,fish_larvae,83.73616063806084,0.4611809109508439,3.773316561081693e-42,313.3627974858391
2000-05-18 00:00:00+00:00,inference-2026-08-20T16-49-50Z-2025-06-06,timeseries.json,other,58.965407830685656,1.4875624174282933,1.7726906042302883e-09,284.7903754687086
2000-05-19 00:00:00+00:00,inference-2026-08-20T16-49-50Z-2025-06-06,timeseries.json,Noctiluca,28.377651242272737,7.412270842247657,1.5721326700042608e-32,139.49382132706384
2000-05-19 00:00:00+00:00,inference-2026-08-20T16-49-50Z-2025-06-06,timeseries.json,Phyto_Centrics,27.247799918856227,0.7497127132969996,3.9507353586941453e-11,143.73957974923061
2000-05-19 00:00:00+00:00,inference-2026-08-20T16-49-50Z-2025-06-06,timeseries.json,Tripos,74.74108999023083,8.194823410062549,3.5894652006876903e-16,386.6266360531248
2000-05-19 00:00:00+00:00,inference-2026-08-20T16-49-50Z-2025-06-06,timeseries.json,bubbles,15.72481418281882,0.6375042729460625,1.3968520776194866e-27,52.7737591904875
2000-05-19 00:00:00+00:00,inference-2026-08-20T16-49-50Z-2025-06-06,timeseries.json,copepods,73.00322422548753,0.35493834775641886,2.2324726086087068e-37,398.0818517342976
2000-05-19 00:00:00+00:00,inference-2026-08-20T16-49-50Z-2025-06-06,timeseries.json,fish_eggs,56.574655130975096,0.00040363129294193666,9.271605227932497e-96,431.30835553038713
2000-05-19 00:00:00+00:00,inference-2026-08-20T16-49-50Z-2025-06-06,timeseries.json,fish_larvae,141.18354028914854,36.7159207936065,1.3641130417133808e-28,443.9060474355068
2000-05-19 00:00:00+00:00,inference-2026-08-20T16-49-50Z-2025-06-06,timeseries.json,other,87.1472250202103,7.167085561874211,6.75817593070112e-07,403.42788609348486
2000-05-20 00:00:00+00:00,inference-2026-08-20T16-49-50Z-2025-06-06,timeseries.json,Noctiluca,539.6496099392982,214.05683970682102,4.894116220610187e-36,1302.336984896238
2000-05-20 00:00:00+00:00,inference-2026-08-20T16-49-50Z-2025-06-06,timeseries.json,Phyto_Centrics,276.4178120255984,2.3898602169970715,4.575147056594703e-12,1302.2902498986803
2000-05-20 00:00:00+00:00,inference-2026-08-20T16-49-50Z-2025-06-06,timeseries.json,Tripos,463.0828200074681,13.326327272215442,3.955411106820509e-18,1962.7679589027773
2000-05-20 00:00:00+00:00,inference-2026-08-20T16-49-50Z-2025-06-06,timeseries.json,bubbles,480.4325834297854,8.21998194492123,2.6365320722889976e-27,1352.5987075266305
2000-05-20 00:00:00+00:00,inference-2026-08-20T16-49-50Z-2025-06-06,timeseries.json,copepods,998.4662872775908,585.2615722173523,6.142380187326149e-17,3046.857934513962
2000-05-20 00:00:00+00:00,inference-2026-08-20T16-49-50Z-2025-06-06,timeseries.json,fish_eggs,344.9220659546355,0.0027066047502205893,2.8746783132936815e-119,1839.1553126521735
2000-05-20 00:00:00+00:00,inference-2026-08-20T16-49-50Z-2025-06-06,timeseries.json,fish_larvae,650.8393376231029,14.262852048725492,1.6039807580145586e-46,3043.550584757377
2000-05-20 00:00:00+00:00,inference-2026-08-20T16-49-50Z-2025-06-06,timeseries.json,other,607.1894837425211,17.66974856534327,1.3941717145306647e-06,2323.5501580498826
2000-05-21 00:00:00+00:00,inference-2026-08-20T16-49-50Z-2025-06-06,timeseries.json,Noctiluca,2286.4462174528235,290.8149911695598,3.454284968215533e-49,6739.649245025395
2000-05-21 00:00:00+00:00,inference-2026-08-20T16-49-50Z-2025-06-06,timeseries.json,Phyto_Centrics,1393.5362059776376,1.8980591488999325,2.992988535449121e-17,6693.162238979372
2000-05-21 00:00:00+00:00,inference-2026-08-20T16-49-50Z-2025-06-06,timeseries.json,Tripos,1113.8000829569562,78.75326113021187,6.005947745403419e-17,6687.549509157571
2000-05-21 00:00:00+00:00,inference-2026-08-20T16-49-50Z-2025-06-06,timeseries.json,bubbles,1789.5535547631307,0.9484862737801362,2.748157121641291e-34,6732.551173238898
2000-05-21 00:00:00+00:00,inference-2026-08-20T16-49-50Z-2025-06-06,timeseries.json,copepods,639.1097307516626,145.36856241263473,1.1652324695820231e-17,1359.3578451305161
2000-05-21 00:00:00+00:00,inference-2026-08-20T16-49-50Z-2025-06-06,timeseries.json,fish_eggs,147.39034425129216,0.02690835058886768,1.7112151562655618e-73,1147.487346281984
2000-05-21 00:00:00+00:00,inference-2026-08-20T16-49-50Z-2025-06-06,timeseries.json,fish_larvae,259.01017653201467,0.8949538747363603,1.3791380731576115e-33,1152.9412389089039
2000-05-21 00:00:00+00:00,inference-2026-08-20T16-49-50Z-2025-06-06,timeseries.json,other,266.1536873144832,4.352984938826813,4.471370136892082e-10,1156.593019657145
2000-05-22 00:00:00+00:00,inference-2026-08-20T16-49-50Z-2025-06-06,timeseries.json,Noctiluca,639.5524065992664,6.08324521277116,6.292143977663878e-18,1690.8668833002455
2000-05-22 00:00:00+00:00,inference-2026-08-20T16-49-50Z-2025-06-06,timeseries.json,Phyto_Centrics,209.32748793980556,0.18725411511473333,9.865693779648523e-17,1684.9911214579524
2000-05-22 00:00:00+00:00,inference-2026-08-20T16-49-50Z-2025-06-06,timeseries.json,Tripos,256.5672677812358,0.047802321653789545,3.666185826195822e-23,1689.1218977880485
2000-05-22 00:00:00+00:00,inference-2026-08-20T16-49-50Z-2025-06-06,timeseries.json,bubbles,503.8022065193152,0.28116408889349476,8.62732577544726e-31,1690.9045932881472
2000-05-22 00:00:00+00:00,inference-2026-08-20T16-49-50Z-2025-06-06,timeseries.json,copepods,82.04580059405906,0.0012882062381750184,1.4319820451188806e-46,70.43125463193215
2000-05-22 00:00:00+00:00,inference-2026-08-20T16-49-50Z-2025-06-06,timeseries.json,fish_eggs,0.9242378725537792,1.2100654683487973e-06,1.3139191312802827e-74,7.033834524488092
2000-05-22 00:00:00+00:00,inference-2026-08-20T16-49-50Z-2025-06-06,timeseries.json,fish_larvae,1.8782111839965945,0.017379516192214818,1.646646486715993e-27,9.917770865982783
2000-05-22 00:00:00+00:00,inference-2026-08-20T16-49-50Z-2025-06-06,timeseries.json,other,1.902381509768165,0.18488011037193802,3.5028327111084467e-10,8.76623391162587
2000-05-23 00:00:00+00:00,inference-2026-08-20T16-49-50Z-2025-06-06,timeseries.json,Noctiluca,15.801220544985908,6.115079727137742,2.34381526347163e-42,55.47727124429966
2000-05-23 00:00:00+00:00,inference-2026-08-20T16-49-50Z-2025-06-06,timeseries.json,Phyto_Centrics,28.009698105336398,0.17716178315523595,1.3882907004892388e-11,246.37255485872166
2000-05-23 00:00:00+00:00,inference-2026-08-20T16-49-50Z-2025-06-06,timeseries.json,Tripos,60.25284487795929,0.3102952604887501,1.0206026983315737e-29,411.93010660194193
2000-05-23 00:00:00+00:00,inference-2026-08-20T16-49-50Z-2025-06-06,timeseries.json,bubbles,9.459065885275239,0.07681137899093574,8.11898229458141e-39,32.02947464844524
2000-05-23 00:00:00+00:00,inference-2026-08-20T16-49-50Z-2025-06-06,timeseries.json,copepods,70.36621682376958,0.12206926966097112,3.1061325600706606e-40,401.84910921443753
2000-05-23 00:00:00+00:00,inference-2026-08-20T16-49-50Z-2025-06-06,timeseries.json,fish_eggs,47.515019822016356,0.0007129222928197018,6.705641688751248e-94,406.23890875589467
2000-05-23 00:00:00+00:00,inference-2026-08-20T16-49-50Z-2025-06-06,timeseries.json,fish_larvae,142.1870308665957,13.858334403598302,9.072569569286326e-29,425.92899948245656
2000-05-23 00:00:00+00:00,inference-2026-08-20T16-49-50Z-2025-06-06,timeseries.json,other,82.40890307406167,2.9481619654616806,3.574884157999834e-08,409.22045624953034
2000-05-24 00:00:00+00:00,inference-2026-08-20T16-49-50Z-2025-06-06,timeseries.json,Noctiluca,21.460748954704922,6.438495164383575,1.8574979497880354e-35,117.69810764596535
2000-05-24 00:00:00+00:00,inference-2026-08-20T16-49-50Z-2025-06-06,timeseries.json,Phyto_Centrics,21.843593508894617,0.20752801882811472,1.1712288414587892e-16,70.44113238196934
2000-05-24 00:00:00+00:00,inference-2026-08-20T16-49-50Z-2025-06-06,timeseries.json,Tripos,51.02716545811437,0.7465676174361544,1.12417818412846e-24,371.06922249493306
2000-05-24 00:00:00+00:00,inference-2026-08-20T16-49-50Z-2025-06-06,timeseries.json,bubbles,11.35679009011759,0.1958380575648912,5.240726136809252e-29,40.59315724639182
2000-05-24 00:00:00+00:00,inference-2026-08-20T16-49-50Z-2025-06-06,timeseries.json,copepods,78.5867399512634,0.19750031705503046,3.990014046176106e-30,365.44753664241443
2000-05-24 00:00:00+00:00,inference-2026-08-20T16-49-50Z-2025-06-06,timeseries.json,fish_eggs,39.270040269130035,0.0001840405710199265,9.4671899688135e-67,366.99139394175336
2000-05-24 00:00:00+00:00,inference-2026-08-20T16-49-50Z-2025-06-06,timeseries.json,fish_larvae,109.41950061978704,0.8994632413210202,3.720946268727909e-39,372.31278614521415
2000-05-24 00:00:00+00:00,inference-2026-08-20T16-49-50Z-2025-06-06,timeseries.json,other,79.03542114798789,2.056551924604448,1.1993551152058327e-09,371.3782852496474
2000-05-25 00:00:00+00:00,inference-2026-08-20T16-49-50Z-2025-06-06,timeseries.json,Noctiluca,185.0872811487509,68.5250712705761,2.327922271440207e-29,472.95640271519306
2000-05-25 00:00:00+00:00,inference-2026-08-20T16-49-50Z-2025-06-06,timeseries.json,Phyto_Centrics,237.91270845959824,26.729882776479343,6.546659080107708e-13,1072.9228223624825
2000-05-25 00:00:00+00:00,inference-2026-08-20T16-49-50Z-2025-06-06,timeseries.json,Tripos,396.1179873792024,97.38444945866468,8.627591117036679e-15,1765.7933758106574
2000-05-25 00:00:00+00:00,inference-2026-08-20T16-49-50Z-2025-06-06,timeseries.json,bubbles,156.28597022656123,6.525418687618677,4.571553616693868e-40,461.9191724104356
2000-05-25 00:00:00+00:00,inference-2026-08-20T16-49-50Z-2025-06-06,timeseries.json,copepods,296.81833600139805,0.5406842648109564,5.632113582999639e-38,1643.4432208075364
2000-05-25 00:00:00+00:00,inference-2026-08-20T16-49-50Z-2025-06-06,timeseries.json,fish_eggs,244.28525724835467,0.1202320809357538,1.7986793345485438e-63,1795.6354121297588
2000-05-25 00:00:00+00:00,inference-2026-08-20T16-49-50Z-2025-06-06,timeseries.json,fish_larvae,713.5693537204651,454.7602093008609,5.037276831920909e-35,1949.6434214674293
2000-05-25 00:00:00+00:00,inference-2026-08-20T16-49-50Z-2025-06-06,timeseries.json,other,446.92310581566954,118.30969998820552,2.7459124038851698e-09,1801.4614582487163
2000-05-26 00:00:00+00:00,inference-2026-08-20T16-49-50Z-2025-06-06,timeseries.json,Noctiluca,2636.509287292345,74.96212426567155,4.889597185290775e-32,7575.354244509072
2000-05-26 00:00:00+00:00,inference-2026-08-20T16-49-50Z-2025-06-06,timeseries.json,Phyto_Centrics,1157.6521173614951,7.701848955710404,6.119105297007704e-14,7555.851416570262
2000-05-26 00:00:00+00:00,inference-2026-08-20T16-49-50Z-2025-06-06,timeseries.json,Tripos,1361.3348138989036,73.44214096016245,2.877385774066045e-16,7558.785750276758
2000-05-26 00:00:00+00:00,inference-2026-08-20T16-49-50Z-2025-06-06,timeseries.json,bubbles,2120.7514951070334,54.77663254610607,4.628647424238952e-54,7575.551655057997
2000-05-26 00:00:00+00:00,inference-2026-08-20T16-49-50Z-2025-06-06,timeseries.json,copepods,394.5265089051429,0.37358780199276176,7.956793981673464e-34,510.8269938878256
2000-05-26 00:00:00+00:00,inference-2026-08-20T16-49-50Z-2025-06-06,timeseries.json,fish_eggs,63.35892642064773,0.8751649930411353,1.5739882193759451e-74,234.51244578132165
2000-05-26 00:00:00+00:00,inference-2026-08-20T16-49-50Z-2025-06-06,timeseries.json,fish_larvae,40.63034574069728,0.9312272447119321,6.759501269231508e-31,187.83248663925104
2000-05-26 00:00:00+00:00,inference-2026-08-20T16-49-50Z-2025-06-06,timeseries.json,other,65.23650527373388,32.69699033124091,5.294002346696669e-08,213.9112061787542
2000-05-27 00:00:00+00:00,inference-2026-08-20T16-49-50Z-2025-06-06,timeseries.json,Noctiluca,2669.7273774738255,18.17727362253638,3.6101412866281256e-41,7234.527199149434
2000-05-27 00:00:00+00:00,inference-2026-08-20T16-49-50Z-2025-06-06,timeseries.json,Phyto_Centrics,943.0407697908638,3.2956462687143557,1.1252212948568176e-12,7207.510879836147
2000-05-27 00:00:00+00:00,inference-2026-08-20T16-49-50Z-2025-06-06,timeseries.json,Tripos,1128.8897961247585,1.3745431383544362,6.1079703140691384e-21,7215.12873165411
2000-05-27 00:00:00+00:00,inference-2026-08-20T16-49-50Z-2025-06-06,timeseries.json,bubbles,2136.053362579127,2.9085613187472927,1.3479784260447678e-70,7229.989786566053
2000-05-27 00:00:00+00:00,inference-2026-08-20T16-49-50Z-2025-06-06,timeseries.json,copepods,366.0052733688744,0.006040320408788258,9.04799674352293e-56,395.0416709613364
2000-05-27 00:00:00+00:00,inference-2026-08-20T16-49-50Z-2025-06-06,timeseries.json,fish_eggs,12.033363442783102,0.00045399774017542164,1.1875397783473851e-63,67.47081283773974
2000-05-27 00:00:00+00:00,inference-2026-08-20T16-49-50Z-2025-06-06,timeseries.json,fish_larvae,21.797386166873515,0.9941853183569408,1.740703014691971e-25,83.19098568428501
2000-05-27 00:00:00+00:00,inference-2026-08-20T16-49-50Z-2025-06-06,timeseries.json,other,22.452671052895894,5.857036305044717,9.036034905952233e-08,79.79352444225047
2000-05-28 00:00:00+00:00,inference-2026-08-20T16-49-50Z-2025-06-06,timeseries.json,Noctiluca,962.0417678986037,40.89541395768519,3.2176942624474373e-38,2536.248994470665
2000-05-28 00:00:00+00:00,inference-2026-08-20T16-49-50Z-2025-06-06,timeseries.json,Phyto_Centrics,356.8202937101606,1.92585984677469,3.062375088836351e-15,2525.215654532645
2000-05-28 00:00:00+00:00,inference-2026-08-20T16-49-50Z-2025-06-06,timeseries.json,Tripos,461.8337576788746,4.118306381639709,8.693941065465572e-31,2526.507518874825
2000-05-28 00:00:00+00:00,inference-2026-08-20T16-49-50Z-2025-06-06,timeseries.json,bubbles,693.775575644498,1.1930473265967731,8.97933366258403e-29,2532.618080596787
2000-05-28 00:00:00+00:00,inference-2026-08-20T16-49-50Z-2025-06-06,timeseries.json,copepods,127.49823091584402,0.07281629225417079,3.45096080271299e-42,206.03365232985755
2000-05-28 00:00:00+00:00,inference-2026-08-20T16-49-50Z-2025-06-06,timeseries.json,fish_eggs,17.03786154514352,8.858903818415725e-06,8.788568305903514e-95,166.8555113938321
2000-05-28 00:00:00+00:00,inference-2026-08-20T16-49-50Z-2025-06-06,timeseries.json,fish_larvae,54.4533773114801,0.6190019298147669,5.896734350413668e-32,189.3184258967062
2000-05-28 00:00:00+00:00,inference-2026-08-20T16-49-50Z-2025-06-06,timeseries.json,other,42.53913529539466,3.517155426361124,6.418208209067802e-09,182.3041432461529
2000-05-29 00:00:00+00:00,inference-2026-08-20T16-49-50Z-2025-06-06,timeseries.json,Noctiluca,36.85718319713068,2.4560821593413236,4.390803742695665e-39,113.3991088042824
2000-05-29 00:00:00+00:00,inference-2026-08-20T16-49-50Z-2025-06-06,timeseries.json,Phyto_Centrics,35.70980482400602,1.1615650322302167,4.0855946753106926e-16,115.12840643985635
2000-05-29 00:00:00+00:00,inference-2026-08-20T16-49-50Z-2025-06-06,timeseries.json,Tripos,47.422215397857116,0.8445172028264658,1.0345878546792653e-35,208.32389379802348
2000-05-29 00:00:00+00:00,inference-2026-08-20T16-49-50Z-2025-06-06,timeseries.json,bubbles,33.713136661292666,0.22889007342289694,4.729765150619422e-47,113.7380300667303
2000-05-29 00:00:00+00:00,inference-2026-08-20T16-49-50Z-2025-06-06,timeseries.json,copepods,28.972059040782657,0.023470985841371302,6.909982192119909e-41,173.78846802947209
2000-05-29 00:00:00+00:00,inference-2026-08-20T16-49-50Z-2025-06-06,timeseries.json,fish_eggs,21.136254418322707,2.0178188768327056e-05,2.06111481761009e-55,178.87652160043172
2000-05-29 00:00:00+00:00,inference-2026-08-20T16-49-50Z-2025-06-06,timeseries.json,fish_larvae,57.097704487425645,0.34114284640531395,1.0238194227446718e-28,210.40490966522955
2000-05-29 00:00:00+00:00,inference-2026-08-20T16-49-50Z-2025-06-06,timeseries.json,other,63.091641973182604,9.947961476644313,7.935436347193129e-10,210.61976336468933
2000-05-30 00:00:00+00:00,inference-2026-08-20T16-49-50Z-2025-06-06,timeseries.json,Noctiluca,29.493532189134374,1.8127985618318996,5.2573928468321634e-34,84.74722448087813
2000-05-30 00:00:00+00:00,inference-2026-08-20T16-49-50Z-2025-06-06,timeseries.json,Phyto_Centrics,29.885273688969423,2.65455140025662,2.9617124538395383e-12,89.24166695659227
2000-05-30 00:00:00+00:00,inference-2026-08-20T16-49-50Z-2025-06-06,timeseries.json,Tripos,51.884097855292964,6.529250868498492,1.043365977924524e-13,232.26931752082385
2000-05-30 00:00:00+00:00,inference-2026-08-20T16-49-50Z-2025-06-06,timeseries.json,bubbles,28.035230180429455,1.245020087651886,3.1320554440058142e-27,84.37535258575188
2000-05-30 00:00:00+00:00,inference-2026-08-20T16-49-50Z-2025-06-06,timeseries.json,copepods,33.523951899468486,0.01605098990421438,3.4040844331018075e-37,189.60741803811158
2000-05-30 00:00:00+00:00,inference-2026-08-20T16-49-50Z-2025-06-06,timeseries.json,fish_eggs,26.375637155847194,0.0021993464442204586,1.0198429195402513e-61,213.81729638708384
2000-05-30 00:00:00+00:00,inference-2026-08-20T16-49-50Z-2025-06-06,timeseries.json,fish_larvae,73.41706078318218,6.6615120578617475,3.82432974503778e-38,233.12833143847416
2000-05-30 00:00:00+00:00,inference-2026-08-20T16-49-50Z-2025-06-06,timeseries.json,other,45.38521624767592,2.193599096810383,1.1406948423219782e-10,224.80858674772287
2000-05-31 00:00:00+00:00,inference-2026-08-20T16-49-50Z-2025-06-06,timeseries.json,Noctiluca,26.36447540780198,5.201058752576955,6.412949922036523e-22,72.18935125440113
2000-05-31 00:00:00+00:00,inference-2026-08-20T16-49-50Z-2025-06-06,timeseries.json,Phyto_Centrics,52.081220738500136,36.85029085650197,5.309409070888829e-13,179.7972186685008
2000-05-31 00:00:00+00:00,inference-2026-08-20T16-49-50Z-2025-06-06,timeseries.json,Tripos,38.10590830052998,1.7527833898344158,1.728093944938245e-25,181.26490605778466
2000-05-31 00:00:00+00:00,inference-2026-08-20T16-49-50Z-2025-06-06,timeseries.json,bubbles,43.65188219309705,27.33911203980817,5.0165009690306225e-27,154.60548334487135
2000-05-31 00:00:00+00:00,inference-2026-08-20T16-49-50Z-2025-06-06,timeseries.json,copepods,23.472437170501404,0.031141843883148494,9.991325875251113e-33,124.11373256030795
2000-05-31 00:00:00+00:00,inference-2026-08-20T16-49-50Z-2025-06-06,timeseries.json,fish_eggs,22.818785189291177,0.00029234528067825587,7.762820004008549e-87,118.70493626873625
2000-05-31 00:00:00+00:00,inference-2026-08-20T16-49-50Z-2025-06-06,timeseries.json,fish_larvae,43.89373693645801,1.1932942047475574,9.911119542320554e-30,196.38118999623893
2000-05-31 00:00:00+00:00,inference-2026-08-20T16-49-50Z-2025-06-06,timeseries.json,other,74.61155406382012,51.78693732896629,4.9341005472029025e-08,246.6168138249476
2000-06-01 00:00:00+00:00,inference-2026-08-20T16-49-50Z-2025-06-06,timeseries.json,Noctiluca,1571.0976892284555,47.17185286640313,1.162774422721528e-46,4912.403758257043
2000-06-01 00:00:00+00:00,inference-2026-08-20T16-49-50Z-2025-06-06,timeseries.json,Phyto_Centrics,1080.4988008184935,35.62186554090198,1.7450935829422282e-12,4904.236092148391
2000-06-01 00:00:00+00:00,inference-2026-08-20T16-49-50Z-2025-06-06,timeseries.json,Tripos,1133.615886649439,83.34223649183213,2.463586701722373e-20,4882.158241700723
2000-06-01 00:00:00+00:00,inference-2026-08-20T16-49-50Z-2025-06-06,timeseries.json,bubbles,1384.231811468006,2.1425307333706347,1.2243669323113963e-47,4915.486965084918
2000-06-01 00:00:00+00:00,inference-2026-08-20T16-49-50Z-2025-06-06,timeseries.json,copepods,516.0599207370983,0.18781845484710996,4.810358555905934e-32,1995.9954793415916
2000-06-01 00:00:00+00:00,inference-2026-08-20T16-49-50Z-2025-06-06,timeseries.json,fish_eggs,276.65731673966303,0.04688209144979302,9.167125251676478e-72,1482.4192209387134
2000-06-01 00:00:00+00:00,inference-2026-08-20T16-49-50Z-2025-06-06,timeseries.json,fish_larvae,732.4338163026681,78.11980172255168,1.262879112229984e-37,2228.3220388497843
2000-06-01 00:00:00+00:00,inference-2026-08-20T16-49-50Z-2025-06-06,timeseries.json,other,468.4047580561721,116.6316499523931,1.6907660160932596e-08,1983.704081403366
2000-06-02 00:00:00+00:00,inference-2026-08-20T16-49-50Z-2025-06-06,timeseries.json,Noctiluca,2515.6037463158063,29.92561131700953,1.7074766607248762e-26,9003.204704090651
2000-06-02 00:00:00+00:00,inference-2026-08-20T16-49-50Z-2025-06-06,timeseries.json,Phyto_Centrics,1889.1772195746914,77.93661540364465,3.6726887696631116e-10,8985.655275803701
2000-06-02 00:00:00+00:00,inference-2026-08-20T16-49-50Z-2025-06-06,timeseries.json,Tripos,1435.532077365097,9.937954646715678,2.2644720142859543e-26,9012.97400887884
2000-06-02 00:00:00+00:00,inference-2026-08-20T16-49-50Z-2025-06-06,timeseries.json,bubbles,2769.7818110270814,1.1258553730752512,1.0867101631848588e-74,9031.492447059572
2000-06-02 00:00:00+00:00,inference-2026-08-20T16-49-50Z-2025-06-06,timeseries.json,copepods,440.3812221962221,0.09804779021163536,1.4000838757294724e-43,265.47537751311063
2000-06-02 00:00:00+00:00,inference-2026-08-20T16-49-50Z-2025-06-06,timeseries.json,fish_eggs,17.627785591952694,0.0007343075158609363,7.40402135985895e-95,100.92737879157359
2000-06-02 00:00:00+00:00,inference-2026-08-20T16-49-50Z-2025-06-06,timeseries.json,fish_larvae,34.23387415591471,0.8711188224909072,8.183578636112055e-24,160.48442342910963
2000-06-02 00:00:00+00:00,inference-2026-08-20T16-49-50Z-2025-06-06,timeseries.json,other,27.66226377323236,4.821919719472792,2.3561041497190812e-08,95.64799962893186
2000-06-03 00:00:00+00:00,inference-2026-08-20T16-49-50Z-2025-06-06,timeseries.json,Noctiluca,1986.2098436633385,11.67342283392706,3.67651553628227e-46,5019.019318326719
2000-06-03 00:00:00+00:00,inference-2026-08-20T16-49-50Z-2025-06-06,timeseries.json,Phyto_Centrics,530.843593255737,0.3631553149879301,2.3392327482992106e-11,4989.676519428214
2000-06-03 00:00:00+00:00,inference-2026-08-20T16-49-50Z-2025-06-06,timeseries.json,Tripos,754.7911773813468,0.3520599812812994,4.91065457745554e-24,5006.640861529492
2000-06-03 00:00:00+00:00,inference-2026-08-20T16-49-50Z-2025-06-06,timeseries.json,bubbles,1495.9202541969905,0.11266920487575907,1.3616156241776513e-36,5019.962247736986
2000-06-03 00:00:00+00:00,inference-2026-08-20T16-49-50Z-2025-06-06,timeseries.json,copepods,249.8078900999575,0.0012348246858431863,1.1018438063489284e-33,243.25661983175803
2000-06-03 00:00:00+00:00,inference-2026-08-20T16-49-50Z-2025-06-06,timeseries.json,fish_eggs,1.704995039791468,1.9105866830057712e-05,3.2517172420667824e-128,12.509558018394088
2000-06-03 00:00:00+00:00,inference-2026-08-20T16-49-50Z-2025-06-06,timeseries.json,fish_larvae,2.667171472981396,0.011912977532133509,9.668367056816798e-31,14.143556052084039
2000-06-03 00:00:00+00:00,inference-2026-08-20T16-49-50Z-2025-06-06,timeseries.json,other,3.0550748898557676,0.13088272431988118,3.024560515045377e-10,15.449713106678036
2000-06-04 00:00:00+00:00,inference-2026-08-20T16-49-50Z-2025-06-07,timeseries.json,Noctiluca,611.835541073782,22.01017258729203,4.701452075325624e-38,2020.1242208655028
2000-06-04 00:00:00+00:00,inference-2026-08-20T16-49-50Z-2025-06-07,timeseries.json,Phyto_Centrics,398.7116626031806,6.54121268300953,1.1960365692374195e-11,2005.0509423082071
2000-06-04 00:00:00+00:00,inference-2026-08-20T16-49-50Z-2025-06-07,timeseries.json,Tripos,355.80605379273607,3.1348553344466543,2.875818788501492e-24,2012.6125984640885
2000-06-04 00:00:00+00:00,inference-2026-08-20T16-49-50Z-2025-06-07,timeseries.json,bubbles,576.7251363115024,0.5022361497901093,7.401289615880117e-33,2019.4048198383196
2000-06-04 00:00:00+00:00,inference-2026-08-20T16-49-50Z-2025-06-07,timeseries.json,copepods,95.91816578817662,0.004903186962654838,2.6146029828288307e-38,88.14240804174901
2000-06-04 00:00:00+00:00,inference-2026-08-20T16-49-50Z-2025-06-07,timeseries.json,fish_eggs,7.354775232968872,9.498158998089007e-05,2.192513068208908e-73,58.277766180128
2000-06-04 00:00:00+00:00,inference-2026-08-20T16-49-50Z-2025-06-07,timeseries.json,fish_larvae,15.762647430625009,0.04634145549089831,9.540497411062536e-29,70.42148358332713
2000-06-04 00:00:00+00:00,inference-2026-08-20T16-49-50Z-2025-06-07,timeseries.json,other,20.88601776702729,1.882425680771835,9.453191919468836e-10,74.44152123844471
2000-06-05 00:00:00+00:00,inference-2026-08-20T16-49-50Z-2025-06-07,timeseries.json,Noctiluca,63.15073592919412,17.77251448076418,1.1876192495793914e-25,160.88051087960147
2000-06-05 00:00:00+00:00,inference-2026-08-20T16-49-50Z-2025-06-07,timeseries.json,Phyto_Centrics,40.384738332845295,1.7268012145893303,3.009883274333834e-13,157.16318963253647
2000-06-05 00:00:00+00:00,inference-2026-08-20T16-49-50Z-2025-06-07,timeseries.json,Tripos,48.821857823603054,4.023650803093126,4.309301613159277e-28,158.80066754532047
2000-06-05 00:00:00+00:00,inference-2026-08-20T16-49-50Z-2025-06-07,timeseries.json,bubbles,46.686346081881254,0.2852300917633896,4.367661927287648e-38,160.54341616780349
2000-06-05 00:00:00+00:00,inference-2026-08-20T16-49-50Z-2025-06-07,timeseries.json,copepods,21.588978703489055,0.005348169828253129,4.559754480400808e-40,153.9662028103339
2000-06-05 00:00:00+00:00,inference-2026-08-20T16-49-50Z-2025-06-07,timeseries.json,fish_eggs,14.227585933980158,0.0001233870653184373,1.8880669525479026e-84,120.217320201186
2000-06-05 00:00:00+00:00,inference-2026-08-20T16-49-50Z-2025-06-07,timeseries.json,fish_larvae,30.296218666387702,0.032321634814173675,3.65118974656435e-49,152.71556988138974
2000-06-05 00:00:00+00:00,inference-2026-08-20T16-49-50Z-2025-06-07,timeseries.json,other,51.843538528619426,25.0145520989103,5.055485993761607e-08,155.13811852036778
2000-06-06 00:00:00+00:00,inference-2026-08-20T16-49-50Z-2025-06-07,timeseries.json,Noctiluca,12.57559360599696,2.5476992399634044,1.8242757237087876e-61,33.68141839978412
2000-06-06 00:00:00+00:00,inference-2026-08-20T16-49-50Z-2025-06-07,timeseries.json,Phyto_Centrics,16.2241802069451,1.964886273334368,2.3535311888814107e-13,73.34645446770064
2000-06-06 00:00:00+00:00,inference-2026-08-20T16-49-50Z-2025-06-07,timeseries.json,Tripos,19.263139408785804,0.8209185344027504,1.914878094941864e-21,102.713288649075
2000-06-06 00:00:00+00:00,inference-2026-08-20T16-49-50Z-2025-06-07,timeseries.json,bubbles,14.86764906104995,0.5258780114348967,2.5086062084209435e-68,58.80830730208324
2000-06-06 00:00:00+00:00,inference-2026-08-20T16-49-50Z-2025-06-07,timeseries.json,copepods,10.919723125369723,0.00829168965111819,3.1471604910461864e-43,69.06921353968409
2000-06-06 00:00:00+00:00,inference-2026-08-20T16-49-50Z-2025-06-07,timeseries.json,fish_eggs,12.078142105956763,0.004752950592840087,3.772860809929133e-77,73.0893088072928
2000-06-06 00:00:00+00:00,inference-2026-08-20T16-49-50Z-2025-06-07,timeseries.json,fish_larvae,25.30802632743215,0.6644083633774126,9.912233508273224e-29,106.94421419973027
2000-06-06 00:00:00+00:00,inference-2026-08-20T16-49-50Z-2025-06-07,timeseries.json,other,31.763546158463576,11.494414784338513,3.590566059274194e-09,107.09933668585968
2000-06-07 00:00:00+00:00,inference-2026-08-20T16-49-50Z-2025-06-07,timeseries.json,Noctiluca,35.367859248250255,10.426404592733817,1.0991951130670136e-29,84.77347716743519
2000-06-07 00:00:00+00:00,inference-2026-08-20T16-49-50Z-2025-06-07,timeseries.json,Phyto_Centrics,33.283485201601444,1.4230958596061916,2.8120399047299526e-12,190.71049658787754
2000-06-07 00:00:00+00:00,inference-2026-08-20T16-49-50Z-2025-06-07,timeseries.json,Tripos,44.956552939602645,1.045842924870029,8.532900512609899e-33,227.25345490886988
2000-06-07 00:00:00+00:00,inference-2026-08-20T16-49-50Z-2025-06-07,timeseries.json,bubbles,30.534858278119703,0.7026968237556295,3.01203686191149e-33,86.12828093516889
2000-06-07 00:00:00+00:00,inference-2026-08-20T16-49-50Z-2025-06-07,timeseries.json,copepods,21.79004257243736,0.002342482123194555,6.858940059831784e-46,138.50241840080955
2000-06-07 00:00:00+00:00,inference-2026-08-20T16-49-50Z-2025-06-07,timeseries.json,fish_eggs,23.761236136262166,3.401427258087743e-05,1.6002993282386036e-83,203.2179228201114
2000-06-07 00:00:00+00:00,inference-2026-08-20T16-49-50Z-2025-06-07,timeseries.json,fish_larvae,54.683381810385754,0.20499036797486347,7.3222022260048895e-28,230.225652483931
2000-06-07 00:00:00+00:00,inference-2026-08-20T16-49-50Z-2025-06-07,timeseries.json,other,71.62258381334068,15.402046739803588,1.4006836440657222e-09,231.12075120302734
2000-06-08 00:00:00+00:00,inference-2026-08-20T16-49-50Z-2025-06-07,timeseries.json,Noctiluca,511.91627398042857,181.1026342439465,6.648047501512772e-49,1370.3796340382587
2000-06-08 00:00:00+00:00,inference-2026-08-20T16-49-50Z-2025-06-07,timeseries.json,Phyto_Centrics,618.1822020761014,270.40718770081855,1.8739303054544087e-13,2736.0060709531645
2000-06-08 00:00:00+00:00,inference-2026-08-20T16-49-50Z-2025-06-07,timeseries.json,Tripos,904.7607062262443,90.04778960643833,7.269044200253172e-21,3621.78460547327
2000-06-08 00:00:00+00:00,inference-2026-08-20T16-49-50Z-2025-06-07,timeseries.json,bubbles,401.1467541920808,7.015154422419085,3.362715098936554e-43,1407.3459762108637
2000-06-08 00:00:00+00:00,inference-2026-08-20T16-49-50Z-2025-06-07,timeseries.json,copepods,441.80539179427626,1.5372950704033936,3.4312778149294588e-34,2290.656866469115
2000-06-08 00:00:00+00:00,inference-2026-08-20T16-49-50Z-2025-06-07,timeseries.json,fish_eggs,336.4145098776804,0.0033929907548732154,3.18444888798836e-75,2388.86806673867
2000-06-08 00:00:00+00:00,inference-2026-08-20T16-49-50Z-2025-06-07,timeseries.json,fish_larvae,950.1635342395912,22.609966826268234,4.467259334712544e-26,3685.023833216946
2000-06-08 00:00:00+00:00,inference-2026-08-20T16-49-50Z-2025-06-07,timeseries.json,other,1219.6106276135959,609.7479250393835,1.6239770322907064e-07,3576.9402205187475
2000-06-09 00:00:00+00:00,inference-2026-08-20T16-49-50Z-2025-06-07,timeseries.json,Noctiluca,3460.038453076071,12.047865310729119,1.0748513016065039e-60,9229.988244840804
2000-06-09 00:00:00+00:00,inference-2026-08-20T16-49-50Z-2025-06-07,timeseries.json,Phyto_Centrics,1146.043224638483,3.569898219300949,2.330610081530117e-12,9210.601271217934
2000-06-09 00:00:00+00:00,inference-2026-08-20T16-49-50Z-2025-06-07,timeseries.json,Tripos,1420.3468842547868,3.6176067114972987,1.0499496162682022e-24,9214.536333747932
2000-06-09 00:00:00+00:00,inference-2026-08-20T16-49-50Z-2025-06-07,timeseries.json,bubbles,2757.5272608631203,0.44484383863893306,1.285726549975111e-46,9228.841322708318
2000-06-09 00:00:00+00:00,inference-2026-08-20T16-49-50Z-2025-06-07,timeseries.json,copepods,459.8692783029678,0.05256001760858705,1.8308258470447748e-40,445.20715765004576
2000-06-09 00:00:00+00:00,inference-2026-08-20T16-49-50Z-2025-06-07,timeseries.json,fish_eggs,6.248679777349999,2.0769215775668963e-05,2.1172259128957277e-60,52.906856848190586
2000-06-09 00:00:00+00:00,inference-2026-08-20T16-49-50Z-2025-06-07,timeseries.json,fish_larvae,14.913994696419786,0.09460728052918438,2.9697688293103664e-43,62.27548069408619
2000-06-09 00:00:00+00:00,inference-2026-08-20T16-49-50Z-2025-06-07,timeseries.json,other,13.012224390793019,1.2391240934607093,4.334843591312029e-08,52.74852830959592
2000-06-10 00:00:00+00:00,inference-2026-08-20T16-49-50Z-2025-06-07,timeseries.json,Noctiluca,3583.0694731732215,10.043250181852928,2.008844178484588e-48,9077.518450264128
2000-06-10 00:00:00+00:00,inference-2026-08-20T16-49-50Z-2025-06-07,timeseries.json,Phyto_Centrics,974.2146277523452,0.3469185061292467,1.2299552192051151e-13,9048.79504506936
2000-06-10 00:00:00+00:00,inference-2026-08-20T16-49-50Z-2025-06-07,timeseries.json,Tripos,1365.2913225666323,0.3769845185935681,8.501432045102593e-19,9058.880941963156
2000-06-10 00:00:00+00:00,inference-2026-08-20T16-49-50Z-2025-06-07,timeseries.json,bubbles,2700.506690069291,0.2150839793701665,6.612863529133361e-33,9072.369629419614
2000-06-10 00:00:00+00:00,inference-2026-08-20T16-49-50Z-2025-06-07,timeseries.json,copepods,458.6453334707022,0.10571566662730514,7.173286917704603e-42,485.7607283586499
2000-06-10 00:00:00+00:00,inference-2026-08-20T16-49-50Z-2025-06-07,timeseries.json,fish_eggs,4.6498517699623,4.989032956504847e-06,4.697084785477121e-70,38.71616445936627
2000-06-10 00:00:00+00:00,inference-2026-08-20T16-49-50Z-2025-06-07,timeseries.json,fish_larvae,10.77255788557751,0.014457367562832429,2.9183681467825698e-39,46.31916167805057
2000-06-10 00:00:00+00:00,inference-2026-08-20T16-49-50Z-2025-06-07,timeseries.json,other,8.850143312265578,0.3417179688392945,7.601704426832813e-10,39.70432893999931
2000-06-11 00:00:00+00:00,inference-2026-08-20T16-49-50Z-2025-06-07,timeseries.json,Noctiluca,76.47860005467903,3.7763994294161183,3.1935475733369217e-22,252.31337627158098
2000-06-11 00:00:00+00:00,inference-2026-08-20T16-49-50Z-2025-06-07,timeseries.json,Phyto_Centrics,48.36093208070584,0.8680486695086206,1.1550185707101902e-17,249.67544471626593
2000-06-11 00:00:00+00:00,inference-2026-08-20T16-49-50Z-2025-06-07,timeseries.json,Tripos,56.87966338423665,2.175199917368147,1.41353098528599e-22,251.0345595574427
2000-06-11 00:00:00+00:00,inference-2026-08-20T16-49-50Z-2025-06-07,timeseries.json,bubbles,66.22620201609294,0.6957533946405989,1.542017722929156e-40,252.2113896280256
2000-06-11 00:00:00+00:00,inference-2026-08-20T16-49-50Z-2025-06-07,timeseries.json,copepods,16.413130290762417,0.022446689553726824,6.848440377162607e-39,37.1768495601557
2000-06-11 00:00:00+00:00,inference-2026-08-20T16-49-50Z-2025-06-07,timeseries.json,fish_eggs,3.461925607203373,6.308791508291156e-06,1.0777577972880554e-81,24.732420217402304
2000-06-11 00:00:00+00:00,inference-2026-08-20T16-49-50Z-2025-06-07,timeseries.json,fish_larvae,7.523017562265246,0.015310972494966942,4.514480636526574e-29,32.685215553272265
2000-06-11 00:00:00+00:00,inference-2026-08-20T16-49-50Z-2025-06-07,timeseries.json,other,8.656529004054448,1.1390655243673984,2.524830996120648e-10,32.42519212379932
2000-06-12 00:00:00+00:00,inference-2026-08-20T16-49-50Z-2025-06-07,timeseries.json,Noctiluca,20.477545266167155,3.0656848310090505,9.125085920212494e-21,60.50058705269709
2000-06-12 00:00:00+00:00,inference-2026-08-20T16-49-50Z-2025-06-07,timeseries.json,Phyto_Centrics,20.139241506974837,1.164211005253025,5.937416140876704e-20,73.72084115711215
2000-06-12 00:00:00+00:00,inference-2026-08-20T16-49-50Z-2025-06-07,timeseries.json,Tripos,35.7879697208943,0.9252468627638961,7.745025391345887e-25,159.5022887951668
2000-06-12 00:00:00+00:00,inference-2026-08-20T16-49-50Z-2025-06-07,timeseries.json,bubbles,19.24778215599603,0.12346204828416595,1.1599732142107576e-52,60.60097546030397
2000-06-12 00:00:00+00:00,inference-2026-08-20T16-49-50Z-2025-06-07,timeseries.json,copepods,22.862332792234024,0.01830107332567631,4.830995910394952e-38,156.87136500571916
2000-06-12 00:00:00+00:00,inference-2026-08-20T16-49-50Z-2025-06-07,timeseries.json,fish_eggs,15.978174091306062,2.12132706575846e-05,1.1409852639108854e-78,137.09507401527787
2000-06-12 00:00:00+00:00,inference-2026-08-20T16-49-50Z-2025-06-07,timeseries.json,fish_larvae,48.44663860968775,0.25741770087336824,9.557810019678585e-31,160.3515913974904
2000-06-12 00:00:00+00:00,inference-2026-08-20T16-49-50Z-2025-06-07,timeseries.json,other,38.06031585673985,2.3370872207494644,1.2157966411863972e-09,159.86206557712765
2000-06-13 00:00:00+00:00,inference-2026-08-20T16-49-50Z-2025-06-07,timeseries.json,Noctiluca,111.87316074069733,7.59472391694479,1.5587917366818913e-22,329.2627354285527
2000-06-13 00:00:00+00:00,inference-2026-08-20T16-49-50Z-2025-06-07,timeseries.json,Phyto_Centrics,67.98258287831923,0.592816478611258,2.824322045809118e-12,325.53067265592455
2000-06-13 00:00:00+00:00,inference-2026-08-20T16-49-50Z-2025-06-07,timeseries.json,Tripos,70.10811335335947,18.612806591807043,1.6368867442523344e-17,325.5915449618242
2000-06-13 00:00:00+00:00,inference-2026-08-20T16-49-50Z-2025-06-07,timeseries.json,bubbles,101.47256033341718,10.312669805674243,4.1044564006434e-32,328.88472677519013
2000-06-13 00:00:00+00:00,inference-2026-08-20T16-49-50Z-2025-06-07,timeseries.json,copepods,23.95573582151524,0.0062547000967609415,2.1661529860804065e-41,115.55891228619713
2000-06-13 00:00:00+00:00,inference-2026-08-20T16-49-50Z-2025-06-07,timeseries.json,fish_eggs,29.776865953258675,0.29040611399449,1.3256462554889025e-42,110.23734763248245
2000-06-13 00:00:00+00:00,inference-2026-08-20T16-49-50Z-2025-06-07,timeseries.json,fish_larvae,17.248474120169956,0.2634965464962168,1.6877422974110767e-29,81.69393555436515
2000-06-13 00:00:00+00:00,inference-2026-08-20T16-49-50Z-2025-06-07,timeseries.json,other,26.58250679926278,5.564537994773936,9.722450323836954e-09,102.20839452953471
2000-06-14 00:00:00+00:00,inference-2026-08-20T16-49-50Z-2025-06-07,timeseries.json,Noctiluca,15.684283332996305,5.486258029863135,3.7880668263022125e-54,39.805962287277175
2000-06-14 00:00:00+00:00,inference-2026-08-20T16-49-50Z-2025-06-07,timeseries.json,Phyto_Centrics,14.84113233491308,1.0558202168408433,3.0203969022576976e-13,53.30836754250999
2000-06-14 00:00:00+00:00,inference-2026-08-20T16-49-50Z-2025-06-07,timeseries.json,Tripos,21.121019046550384,1.0292850795047759,4.315848166377845e-24,103.66007133286982
2000-06-14 00:00:00+00:00,inference-2026-08-20T16-49-50Z-2025-06-07,timeseries.json,bubbles,14.9754244126276,0.8032249965383923,2.3080412448917523e-37,42.34775554368435
2000-06-14 00:00:00+00:00,inference-2026-08-20T16-49-50Z-2025-06-07,timeseries.json,copepods,10.597110844338648,0.005746568356485944,7.929241257265043e-65,72.88621414469338
2000-06-14 00:00:00+00:00,inference-2026-08-20T16-49-50Z-2025-06-07,timeseries.json,fish_eggs,12.97170951131126,0.0008321031655197041,1.947339981869787e-57,81.79551931974318
2000-06-14 00:00:00+00:00,inference-2026-08-20T16-49-50Z-2025-06-07,timeseries.json,fish_larvae,26.905694948457494,0.12432821946818388,1.5964664170904385e-36,104.50446150612676
2000-06-14 00:00:00+00:00,inference-2026-08-20T16-49-50Z-2025-06-07,timeseries.json,other,27.903625568805236,5.251843950506617,4.1127489301077766e-10,102.57558845086726
2000-06-15 00:00:00+00:00,inference-2026-08-20T16-49-50Z-2025-06-07,timeseries.json,Noctiluca,594.2739522477879,185.8465769785705,6.067768575045722e-27,1676.293137160797
2000-06-15 00:00:00+00:00,inference-2026-08-20T16-49-50Z-2025-06-07,timeseries.json,Phyto_Centrics,638.3553694110327,218.81884102261455,4.131554151934091e-09,2471.532748696468
2000-06-15 00:00:00+00:00,inference-2026-08-20T16-49-50Z-2025-06-07,timeseries.json,Tripos,774.1796778211709,102.98708469677186,1.3275066889307592e-22,2739.306249815089
2000-06-15 00:00:00+00:00,inference-2026-08-20T16-49-50Z-2025-06-07,timeseries.json,bubbles,454.09208697508416,15.503753984301296,2.914005775629743e-39,1668.9011057129987
2000-06-15 00:00:00+00:00,inference-2026-08-20T16-49-50Z-2025-06-07,timeseries.json,copepods,292.2652635255953,0.18234167772021745,6.410487478364198e-37,1673.1127252508952
2000-06-15 00:00:00+00:00,inference-2026-08-20T16-49-50Z-2025-06-07,timeseries.json,fish_eggs,393.6865691194939,3.392530160548927,3.9477172711447e-83,2338.259130281254
2000-06-15 00:00:00+00:00,inference-2026-08-20T16-49-50Z-2025-06-07,timeseries.json,fish_larvae,680.3562448751128,12.836762074705412,2.5523850891581865e-24,2894.3240464514247
2000-06-15 00:00:00+00:00,inference-2026-08-20T16-49-50Z-2025-06-07,timeseries.json,other,919.7908360247244,638.3643148687005,9.463084389890952e-06,2906.758705837909
2000-06-16 00:00:00+00:00,inference-2026-08-20T16-49-50Z-2025-06-07,timeseries.json,Noctiluca,3880.013931987677,145.94253234189358,2.508204960463474e-49,9694.632626366807
2000-06-16 00:00:00+00:00,inference-2026-08-20T16-49-50Z-2025-06-07,timeseries.json,Phyto_Centrics,1002.1334672925839,0.6412401610667063,3.9859067960011004e-11,9646.473541890138
2000-06-16 00:00:00+00:00,inference-2026-08-20T16-49-50Z-2025-06-07,timeseries.json,Tripos,1464.5362388493434,0.531222403550883,5.575590567203339e-19,9646.45688873248
2000-06-16 00:00:00+00:00,inference-2026-08-20T16-49-50Z-2025-06-07,timeseries.json,bubbles,2901.7142002007513,0.029836702117516475,1.0787737248063199e-32,9671.082556240579
2000-06-16 00:00:00+00:00,inference-2026-08-20T16-49-50Z-2025-06-07,timeseries.json,copepods,490.09467801270944,0.0006558587726703639,7.243371529798486e-38,655.8929305892168
2000-06-16 00:00:00+00:00,inference-2026-08-20T16-49-50Z-2025-06-07,timeseries.json,fish_eggs,26.365298856824296,0.0002662823878397824,1.2815647284059997e-75,184.4687472533995
2000-06-16 00:00:00+00:00,inference-2026-08-20T16-49-50Z-2025-06-07,timeseries.json,fish_larvae,34.27132968695326,0.016308888115493463,1.0738805029716442e-17,190.99856158117515
2000-06-16 00:00:00+00:00,inference-2026-08-20T16-49-50Z-2025-06-07,timeseries.json,other,24.870855113161053,0.02882791196577045,9.013995338594493e-11,167.429179574827
2000-06-17 00:00:00+00:00,inference-2026-08-20T16-49-50Z-2025-06-07,timeseries.json,Noctiluca,3917.070940138499,6.958697374711194,2.441112612645598e-42,9925.792998388824
2000-06-17 00:00:00+00:00,inference-2026-08-20T16-49-50Z-2025-06-07,timeseries.json,Phyto_Centrics,1052.2019888238824,0.24333575703663596,3.343681531854859e-17,9893.065073500644
2000-06-17 00:00:00+00:00,inference-2026-08-20T16-49-50Z-2025-06-07,timeseries.json,Tripos,1500.3074691144184,0.1525678988760117,1.9528983062103133e-16,9910.531347531898
2000-06-17 00:00:00+00:00,inference-2026-08-20T16-49-50Z-2025-06-07,timeseries.json,bubbles,2961.668912899558,0.29401357797294236,6.668030835005676e-44,9922.91321494568
2000-06-17 00:00:00+00:00,inference-2026-08-20T16-49-50Z-2025-06-07,timeseries.json,copepods,487.68961003506155,6.749724302788416e-05,2.0904126032200606e-46,501.4764501178281
2000-06-17 00:00:00+00:00,inference-2026-08-20T16-49-50Z-2025-06-07,timeseries.json,fish_eggs,3.1846614607732024,0.0001676938807734177,1.6050339805625139e-68,20.62827829938497
2000-06-17 00:00:00+00:00,inference-2026-08-20T16-49-50Z-2025-06-07,timeseries.json,fish_larvae,2.6546905828564387,0.0017527214413928264,6.617010770047706e-31,17.71569097732018
2000-06-17 00:00:00+00:00,inference-2026-08-20T16-49-50Z-2025-06-07,timeseries.json,other,5.221726944948769,0.13249064659589954,8.527163623862714e-10,30.35894281800488
2000-06-18 00:00:00+00:00,inference-2026-08-20T16-49-50Z-2025-06-07,timeseries.json,Noctiluca,97.95769758567175,4.305702404050255,4.889441117162917e-41,277.3121168855049
2000-06-18 00:00:00+00:00,inference-2026-08-20T16-49-50Z-2025-06-07,timeseries.json,Phyto_Centrics,52.06606350019112,1.004264364186127,3.2465041349213753e-13,274.98246645372967
2000-06-18 00:00:00+00:00,inference-2026-08-20T16-49-50Z-2025-06-07,timeseries.json,Tripos,45.12212154271755,0.19229281481926563,1.3598465820559664e-34,274.7096272089029
2000-06-18 00:00:00+00:00,inference-2026-08-20T16-49-50Z-2025-06-07,timeseries.json,bubbles,77.5681912758001,0.4912107040625707,3.561444310274603e-38,277.1002798602185
2000-06-18 00:00:00+00:00,inference-2026-08-20T16-49-50Z-2025-06-07,timeseries.json,copepods,14.981976295834702,0.0010670582712750385,1.9766524704907686e-31,35.02543604119493
2000-06-18 00:00:00+00:00,inference-2026-08-20T16-49-50Z-2025-06-07,timeseries.json,fish_eggs,3.756295494849742,6.702484542070512e-05,2.592416020577522e-60,29.548431620300214
2000-06-18 00:00:00+00:00,inference-2026-08-20T16-49-50Z-2025-06-07,timeseries.json,fish_larvae,8.748100142100949,0.049282497698090566,6.435479417142097e-33,33.63846434341543
2000-06-18 00:00:00+00:00,inference-2026-08-20T16-49-50Z-2025-06-07,timeseries.json,other,8.799554162834202,1.0374962525101457,5.090484380525705e-09,32.690358459705976
2000-06-19 00:00:00+00:00,inference-2026-08-20T16-49-50Z-2025-06-07,timeseries.json,Noctiluca,10.108782476251196,1.00850620925846,4.1345573939096735e-34,29.812962908913182
2000-06-19 00:00:00+00:00,inference-2026-08-20T16-49-50Z-2025-06-07,timeseries.json,Phyto_Centrics,7.623096072211993,0.1535104331915072,2.3525595494286803e-12,29.876189327725633
2000-06-19 00:00:00+00:00,inference-2026-08-20T16-49-50Z-2025-06-07,timeseries.json,Tripos,13.521085140913383,2.3779242750028695,9.960548030453793e-18,63.49187230033579
2000-06-19 00:00:00+00:00,inference-2026-08-20T16-49-50Z-2025-06-07,timeseries.json,bubbles,6.6578816068091085,0.044807441245852515,1.4375582949593077e-51,29.394030790553376
2000-06-19 00:00:00+00:00,inference-2026-08-20T16-49-50Z-2025-06-07,timeseries.json,copepods,22.100019030488404,2.569202825815437,1.5064897115243517e-31,69.9177753255006
2000-06-19 00:00:00+00:00,inference-2026-08-20T16-49-50Z-2025-06-07,timeseries.json,fish_eggs,3.3701788033182765,5.964999738257227e-06,2.2025603496331872e-58,20.42596558556918
2000-06-19 00:00:00+00:00,inference-2026-08-20T16-49-50Z-2025-06-07,timeseries.json,fish_larvae,17.77606995419235,0.08725344395553127,4.1183721737913206e-47,69.66361135173783
2000-06-19 00:00:00+00:00,inference-2026-08-20T16-49-50Z-2025-06-07,timeseries.json,other,16.84288691581527,1.1368546660681185,3.0346585169548374e-10,67.8077316537111
2000-06-20 00:00:00+00:00,inference-2026-08-20T16-49-50Z-2025-06-07,timeseries.json,Noctiluca,654.2496797487785,244.02554961800982,4.646193099539459e-22,1901.7992872188042
2000-06-20 00:00:00+00:00,inference-2026-08-20T16-49-50Z-2025-06-07,timeseries.json,Phyto_Centrics,576.5385977836129,92.6921961172529,1.2895471799018685e-10,1897.9971839863704
2000-06-20 00:00:00+00:00,inference-2026-08-20T16-49-50Z-2025-06-07,timeseries.json,Tripos,723.8434556984652,322.90816846873025,4.433048495204478e-20,2061.434310943101
2000-06-20 00:00:00+00:00,inference-2026-08-20T16-49-50Z-2025-06-07,timeseries.json,bubbles,546.457541309758,140.9656891305977,1.9177043694432815e-21,1892.3382825699252
2000-06-20 00:00:00+00:00,inference-2026-08-20T16-49-50Z-2025-06-07,timeseries.json,copepods,221.01436328098015,0.37420331241612803,8.428372131325506e-43,1374.9344196942372
2000-06-20 00:00:00+00:00,inference-2026-08-20T16-49-50Z-2025-06-07,timeseries.json,fish_eggs,358.85545515481067,23.841703569127887,3.8322352450798037e-60,1612.1065695136585
2000-06-20 00:00:00+00:00,inference-2026-08-20T16-49-50Z-2025-06-07,timeseries.json,fish_larvae,541.125312218883,24.227595815367064,4.394490043827041e-34,2351.8999834348747
2000-06-20 00:00:00+00:00,inference-2026-08-20T16-49-50Z-2025-06-07,timeseries.json,other,877.9155948047123,690.8256358578046,0.0002436689197519335,2371.218179708256
2000-06-21 00:00:00+00:00,inference-2026-08-20T16-49-50Z-2025-06-07,timeseries.json,Noctiluca,3972.906626288393,103.13328369787821,2.2964382479575888e-33,10015.580740619445
2000-06-21 00:00:00+00:00,inference-2026-08-20T16-49-50Z-2025-06-07,timeseries.json,Phyto_Centrics,1052.6288497041512,3.040883288226375,9.443629785330203e-09,9963.623615600301
2000-06-21 00:00:00+00:00,inference-2026-08-20T16-49-50Z-2025-06-07,timeseries.json,Tripos,1520.1880961013069,2.077520192450313,1.242548133984263e-15,9976.815745390197
2000-06-21 00:00:00+00:00,inference-2026-08-20T16-49-50Z-2025-06-07,timeseries.json,bubbles,2997.5583469671783,0.728114614524463,5.578511184865132e-36,10000.005067435839
2000-06-21 00:00:00+00:00,inference-2026-08-20T16-49-50Z-2025-06-07,timeseries.json,copepods,502.2633436341435,0.0009176491695746562,4.940192926468581e-41,583.9704449170088
2000-06-21 00:00:00+00:00,inference-2026-08-20T16-49-50Z-2025-06-07,timeseries.json,fish_eggs,19.69093505938762,0.0018486895607260716,1.0831091382012183e-64,136.8903096342051
2000-06-21 00:00:00+00:00,inference-2026-08-20T16-49-50Z-2025-06-07,timeseries.json,fish_larvae,24.647341373119584,0.11676144626752802,9.682896121979586e-24,139.2030198735602
2000-06-21 00:00:00+00:00,inference-2026-08-20T16-49-50Z-2025-06-07,timeseries.json,other,19.116460872320296,0.17049593995751655,5.525253353298111e-10,126.38547105129234
2000-06-22 00:00:00+00:00,inference-2026-08-20T16-49-50Z-2025-06-07,timeseries.json,Noctiluca,4285.266998587468,16.482800333837005,3.9780165876768854e-24,10747.731476279789
2000-06-22 00:00:00+00:00,inference-2026-08-20T16-49-50Z-2025-06-07,timeseries.json,Phyto_Centrics,1100.3013649155887,1.189462536756545,3.92403657471589e-11,10692.787834241517
2000-06-22 00:00:00+00:00,inference-2026-08-20T16-49-50Z-2025-06-07,timeseries.json,Tripos,1613.4624210122556,0.14048210574109893,1.61844969682406e-29,10713.195225702078
2000-06-22 00:00:00+00:00,inference-2026-08-20T16-49-50Z-2025-06-07,timeseries.json,bubbles,3204.9959020729825,0.3379034682425015,6.0025290764609226e-30,10748.503534488196
2000-06-22 00:00:00+00:00,inference-2026-08-20T16-49-50Z-2025-06-07,timeseries.json,copepods,534.837690101688,6.131754053580955e-05,1.1332618451755927e-42,504.9787007975508
2000-06-22 00:00:00+00:00,inference-2026-08-20T16-49-50Z-2025-06-07,timeseries.json,fish_eggs,3.7036527070480547,4.073366582054852e-05,1.2568425111260694e-102,23.77409535310064
2000-06-22 00:00:00+00:00,inference-2026-08-20T16-49-50Z-2025-06-07,timeseries.json,fish_larvae,3.118550471792009,0.0025419342419793042,1.097913692440292e-41,15.838084484785538
2000-06-22 00:00:00+00:00,inference-2026-08-20T16-49-50Z-2025-06-07,timeseries.json,other,5.313420131178559,0.040000758731696624,2.411861061264004e-10,39.36347403933914
2000-06-23 00:00:00+00:00,inference-2026-08-20T16-49-50Z-2025-06-07,timeseries.json,Noctiluca,1190.6426667889148,1.39708503376024,2.421032859334481e-38,2995.2771186120544
2000-06-23 00:00:00+00:00,inference-2026-08-20T16-49-50Z-2025-06-07,timeseries.json,Phyto_Centrics,310.7344839001883,0.060274018588418035,2.5567168080488678e-14,2987.707750749954
2000-06-23 00:00:00+00:00,inference-2026-08-20T16-49-50Z-2025-06-07,timeseries.json,Tripos,452.32561831032285,0.10651327012352245,1.4961906738169312e-21,2989.7548199549888
2000-06-23 00:00:00+00:00,inference-2026-08-20T16-49-50Z-2025-06-07,timeseries.json,bubbles,890.4733262331981,0.1388129472149606,1.5610665788986663e-38,2994.640686562915
2000-06-23 00:00:00+00:00,inference-2026-08-20T16-49-50Z-2025-06-07,timeseries.json,copepods,147.68358958031558,1.696621367207791e-05,1.1376238895358805e-38,145.57867689264577
2000-06-23 00:00:00+00:00,inference-2026-08-20T16-49-50Z-2025-06-07,timeseries.json,fish_eggs,0.8775020894581808,7.778094476685425e-07,1.0435086504807533e-102,5.366097316171293
2000-06-23 00:00:00+00:00,inference-2026-08-20T16-49-50Z-2025-06-07,timeseries.json,fish_larvae,1.2733326512539553,0.0037402390356735503,8.137197984896058e-33,6.434362826314947
2000-06-23 00:00:00+00:00,inference-2026-08-20T16-49-50Z-2025-06-07,timeseries.json,other,1.9894804463496847,0.03787408508839671,2.493780337566595e-11,13.717708533188093
2000-06-24 00:00:00+00:00,inference-2026-08-20T16-49-50Z-2025-06-07,timeseries.json,Noctiluca,21.62421995867605,4.769037347069531,1.0643846212330642e-27,62.87573232482553
2000-06-24 00:00:00+00:00,inference-2026-08-20T16-49-50Z-2025-06-07,timeseries.json,Phyto_Centrics,15.909421130220625,0.44105224319931235,5.195060339807762e-13,62.03195945428262
2000-06-24 00:00:00+00:00,inference-2026-08-20T16-49-50Z-2025-06-07,timeseries.json,Tripos,26.801694183140867,2.6613770263010306,9.585718842710415e-24,107.32467764218336
2000-06-24 00:00:00+00:00,inference-2026-08-20T16-49-50Z-2025-06-07,timeseries.json,bubbles,24.08080860581464,7.741059207515171,7.440081398686491e-16,63.819841603764125
2000-06-24 00:00:00+00:00,inference-2026-08-20T16-49-50Z-2025-06-07,timeseries.json,copepods,11.152919626408153,0.006285387504278282,1.2734395747743951e-33,63.27887493666291
2000-06-24 00:00:00+00:00,inference-2026-08-20T16-49-50Z-2025-06-07,timeseries.json,fish_eggs,15.648264744033819,0.06167202815808728,3.6684184329033565e-52,86.88846790771102
2000-06-24 00:00:00+00:00,inference-2026-08-20T16-49-50Z-2025-06-07,timeseries.json,fish_larvae,24.21982123438784,0.3636994153497969,4.5253842725583e-23,108.63399866775639
2000-06-24 00:00:00+00:00,inference-2026-08-20T16-49-50Z-2025-06-07,timeseries.json,other,40.56285051731795,23.45635687631544,1.6446244973523248e-08,116.66289132618046
2000-06-25 00:00:00+00:00,inference-2026-08-20T16-49-50Z-2025-06-07,timeseries.json,Noctiluca,33.143519396721715,1.3739344375678288,5.021815694620053e-44,116.53497026269896
2000-06-25 00:00:00+00:00,inference-2026-08-20T16-49-50Z-2025-06-07,timeseries.json,Phyto_Centrics,32.341671685594875,1.3692987287021459,2.495921024868443e-13,115.16616223733301
2000-06-25 00:00:00+00:00,inference-2026-08-20T16-49-50Z-2025-06-07,timeseries.json,Tripos,36.40983637211113,3.024578257225582,6.551392769880256e-27,115.12367166490067
2000-06-25 00:00:00+00:00,inference-2026-08-20T16-49-50Z-2025-06-07,timeseries.json,bubbles,26.536616445842274,0.04703158789853281,1.3300615329708048e-29,116.36854507950764
2000-06-25 00:00:00+00:00,inference-2026-08-20T16-49-50Z-2025-06-07,timeseries.json,copepods,17.800792714924413,0.009798192499097578,5.463451527644019e-46,86.7889849038642
2000-06-25 00:00:00+00:00,inference-2026-08-20T16-49-50Z-2025-06-07,timeseries.json,fish_eggs,7.48170118731783,4.084764831386581e-05,1.3531668710853663e-60,70.44227023260035
2000-06-25 00:00:00+00:00,inference-2026-08-20T16-49-50Z-2025-06-07,timeseries.json,fish_larvae,24.456845946162318,0.17668909941384897,6.399305745509385e-19,82.62380926184068
2000-06-25 00:00:00+00:00,inference-2026-08-20T16-49-50Z-2025-06-07,timeseries.json,other,20.82901625132549,1.2973586768581669,1.4059445026434875e-09,83.26001371441117
2000-06-26 00:00:00+00:00,inference-2026-08-20T16-49-50Z-2025-06-07,timeseries.json,Noctiluca,464.3711806841236,87.56418627112629,8.805795075431488e-38,1380.8187896767383
2000-06-26 00:00:00+00:00,inference-2026-08-20T16-49-50Z-2025-06-07,timeseries.json,Phyto_Centrics,317.2226267280514,0.8525286687941418,4.9996775221279736e-26,1356.3774738820641
2000-06-26 00:00:00+00:00,inference-2026-08-20T16-49-50Z-2025-06-07,timeseries.json,Tripos,536.4074257118554,226.345803330774,6.133217842177945e-13,1942.704578302468
2000-06-26 00:00:00+00:00,inference-2026-08-20T16-49-50Z-2025-06-07,timeseries.json,bubbles,422.27199261449476,28.45139502573737,3.9498485049372356e-20,1377.7530319966017
2000-06-26 00:00:00+00:00,inference-2026-08-20T16-49-50Z-2025-06-07,timeseries.json,copepods,295.4895833059394,5.764940637401383,6.611277506930129e-26,1350.8865332150715
2000-06-26 00:00:00+00:00,inference-2026-08-20T16-49-50Z-2025-06-07,timeseries.json,fish_eggs,259.9979864891697,4.642261586922254,4.635019316372266e-99,1039.398116465238
2000-06-26 00:00:00+00:00,inference-2026-08-20T16-49-50Z-2025-06-07,timeseries.json,fish_larvae,536.2241155472728,17.14491965291745,1.3403551175703193e-31,2017.2086483578776
2000-06-26 00:00:00+00:00,inference-2026-08-20T16-49-50Z-2025-06-07,timeseries.json,other,595.0150889190916,392.31689773162384,6.390472213327812e-07,1993.5578395848418
2000-06-27 00:00:00+00:00,inference-2026-08-20T16-49-50Z-2025-06-07,timeseries.json,Noctiluca,179.78767907705145,11.98938245375395,1.8655117457378295e-31,505.55884938323453
2000-06-27 00:00:00+00:00,inference-2026-08-20T16-49-50Z-2025-06-07,timeseries.json,Phyto_Centrics,94.17858330967141,1.0687385294962106,1.6346632763993105e-17,499.36906981393423
2000-06-27 00:00:00+00:00,inference-2026-08-20T16-49-50Z-2025-06-07,timeseries.json,Tripos,98.809670552099,0.7576148962821622,1.3549102959525527e-17,501.7997269775269
2000-06-27 00:00:00+00:00,inference-2026-08-20T16-49-50Z-2025-06-07,timeseries.json,bubbles,129.60643314915788,0.36450544049707023,2.349458113732277e-27,505.92512882766886
2000-06-27 00:00:00+00:00,inference-2026-08-20T16-49-50Z-2025-06-07,timeseries.json,copepods,37.765241191557905,0.00754469629343851,5.001383100319708e-46,117.95716572380921
2000-06-27 00:00:00+00:00,inference-2026-08-20T16-49-50Z-2025-06-07,timeseries.json,fish_eggs,9.325084985844889,5.310711615172243e-05,1.5625523566815317e-77,92.9709978122478
2000-06-27 00:00:00+00:00,inference-2026-08-20T16-49-50Z-2025-06-07,timeseries.json,fish_larvae,29.60633816141228,0.11621246002245875,3.1141726948830045e-42,101.3160898304458
2000-06-27 00:00:00+00:00,inference-2026-08-20T16-49-50Z-2025-06-07,timeseries.json,other,23.920969573205145,0.7652378509518343,1.6028326222125908e-10,97.82479504116252
2000-06-28 00:00:00+00:00,inference-2026-08-20T16-49-50Z-2025-06-07,timeseries.json,Noctiluca,69.22980573171316,14.360957057232275,2.4659574608929542e-17,216.91789486215848
2000-06-28 00:00:00+00:00,inference-2026-08-20T16-49-50Z-2025-06-07,timeseries.json,Phyto_Centrics,55.05372187275378,11.528198289092057,3.814981303835829e-09,212.26997306512703
2000-06-28 00:00:00+00:00,inference-2026-08-20T16-49-50Z-2025-06-07,timeseries.json,Tripos,59.8091928497788,27.378162223973824,1.2014049458185422e-15,212.0554423532283
2000-06-28 00:00:00+00:00,inference-2026-08-20T16-49-50Z-2025-06-07,timeseries.json,bubbles,55.98670700698941,0.5250752208119671,1.642964052886e-39,216.27282804753295
2000-06-28 00:00:00+00:00,inference-2026-08-20T16-49-50Z-2025-06-07,timeseries.json,copepods,15.577323792683792,0.0033192960617266748,8.140870815244281e-37,87.240370657971
2000-06-28 00:00:00+00:00,inference-2026-08-20T16-49-50Z-2025-06-07,timeseries.json,fish_eggs,11.49820017056527,0.0020879448188103984,2.007532613961376e-82,66.49429433026256
2000-06-28 00:00:00+00:00,inference-2026-08-20T16-49-50Z-2025-06-07,timeseries.json,fish_larvae,22.883449464017005,3.295695630864177,2.481898077370848e-20,91.30339721251816
2000-06-28 00:00:00+00:00,inference-2026-08-20T16-49-50Z-2025-06-07,timeseries.json,other,24.961599111498945,9.701356166529106,1.081613267953316e-08,80.19115733392181
2000-06-29 00:00:00+00:00,inference-2026-08-20T16-49-50Z-2025-06-07,timeseries.json,Noctiluca,184.75000648912558,24.20183658985181,5.7980852699250745e-24,502.972184345324
2000-06-29 00:00:00+00:00,inference-2026-08-20T16-49-50Z-2025-06-07,timeseries.json,Phyto_Centrics,105.33744872066049,1.0741340669484525,1.5537751385082274e-13,495.26669601150974
2000-06-29 00:00:00+00:00,inference-2026-08-20T16-49-50Z-2025-06-07,timeseries.json,Tripos,98.62497354343627,10.047483393282256,7.651527131267781e-22,496.6620899580112
2000-06-29 00:00:00+00:00,inference-2026-08-20T16-49-50Z-2025-06-07,timeseries.json,bubbles,141.08550125067373,6.705242529198912,3.665309342024698e-24,503.220999836815
2000-06-29 00:00:00+00:00,inference-2026-08-20T16-49-50Z-2025-06-07,timeseries.json,copepods,30.591824912409212,0.01032389719906646,4.031580587334536e-35,170.13712602584584
2000-06-29 00:00:00+00:00,inference-2026-08-20T16-49-50Z-2025-06-07,timeseries.json,fish_eggs,27.899422545117556,1.0779203641185198,6.836514116524998e-41,142.78291405185954
2000-06-29 00:00:00+00:00,inference-2026-08-20T16-49-50Z-2025-06-07,timeseries.json,fish_larvae,40.96965872736053,0.453029934169506,7.40057221592725e-34,179.97557573371517
2000-06-29 00:00:00+00:00,inference-2026-08-20T16-49-50Z-2025-06-07,timeseries.json,other,57.741163811216275,29.608682256898426,6.064373124505703e-08,184.85848303654183
2000-06-30 00:00:00+00:00,inference-2026-08-20T16-49-50Z-2025-06-07,timeseries.json,Noctiluca,1328.34311826136,108.29263153809507,3.8661289208033416e-54,3783.904233643272
2000-06-30 00:00:00+00:00,inference-2026-08-20T16-49-50Z-2025-06-07,timeseries.json,Phyto_Centrics,703.6970965016546,8.629748646343028,1.0212119524065845e-16,3763.251804561039
2000-06-30 00:00:00+00:00,inference-2026-08-20T16-49-50Z-2025-06-07,timeseries.json,Tripos,678.2351711412259,14.666722566293679,2.8261953127086343e-28,3760.9097068346287
2000-06-30 00:00:00+00:00,inference-2026-08-20T16-49-50Z-2025-06-07,timeseries.json,bubbles,1025.514496313708,0.8222152755596064,2.9466834703947763e-117,3781.643144187088
2000-06-30 00:00:00+00:00,inference-2026-08-20T16-49-50Z-2025-06-07,timeseries.json,copepods,225.06985408062843,0.0018224471042346273,5.970940422295791e-36,630.9155298611472
2000-06-30 00:00:00+00:00,inference-2026-08-20T16-49-50Z-2025-06-07,timeseries.json,fish_eggs,104.69169466791968,0.2330518525930192,1.9640250132301063e-56,511.1790733952305
2000-06-30 00:00:00+00:00,inference-2026-08-20T16-49-50Z-2025-06-07,timeseries.json,fish_larvae,167.97608753223258,14.415319373702442,2.865971000268912e-35,637.6288441787502
2000-06-30 00:00:00+00:00,inference-2026-08-20T16-49-50Z-2025-06-07,timeseries.json,other,198.47248150127052,126.54879769931156,3.9270702679249433e-07,630.4434019940368
2000-07-01 00:00:00+00:00,inference-2026-08-20T16-49-50Z-2025-06-07,timeseries.json,Noctiluca,16.035146727225317,6.321842878555176,1.9951836813763463e-37,38.69522632055736
2000-07-01 00:00:00+00:00,inference-2026-08-20T16-49-50Z-2025-06-07,timeseries.json,Phyto_Centrics,10.551559786985427,0.5763473610312553,4.1670018270748904e-13,37.78581366117591
2000-07-01 00:00:00+00:00,inference-2026-08-20T16-49-50Z-2025-06-07,timeseries.json,Tripos,9.894450665196748,0.27141086186472774,1.972459460480173e-21,38.24917855412067
2000-07-01 00:00:00+00:00,inference-2026-08-20T16-49-50Z-2025-06-07,timeseries.json,bubbles,12.755514102865337,0.760867829844327,7.402316940384121e-40,39.00546561341293
2000-07-01 00:00:00+00:00,inference-2026-08-20T16-49-50Z-2025-06-07,timeseries.json,copepods,18.690131442076197,3.2428906681818876,4.446005689528147e-31,64.19493396753107
2000-07-01 00:00:00+00:00,inference-2026-08-20T16-49-50Z-2025-06-07,timeseries.json,fish_eggs,3.4512640138850665,7.107246110098139e-06,2.677566310829594e-59,28.270784716709862
2000-07-01 00:00:00+00:00,inference-2026-08-20T16-49-50Z-2025-06-07,timeseries.json,fish_larvae,10.55945418990379,0.010838216876213214,5.0952833894548165e-33,62.13319854483497
2000-07-01 00:00:00+00:00,inference-2026-08-20T16-49-50Z-2025-06-07,timeseries.json,other,20.062479071862082,5.178005048612862,4.4072281072366046e-11,63.42613356330028
2000-07-02 00:00:00+00:00,inference-2026-08-20T16-49-50Z-2025-06-07,timeseries.json,Noctiluca,16.976881391817777,5.248467996158982,8.686743675676996e-27,50.2044026476274
2000-07-02 00:00:00+00:00,inference-2026-08-20T16-49-50Z-2025-06-07,timeseries.json,Phyto_Centrics,17.600476007428252,6.8754833627037115,2.0502501041748389e-07,61.74107261568516
2000-07-02 00:00:00+00:00,inference-2026-08-20T16-49-50Z-2025-06-07,timeseries.json,Tripos,21.518461728067255,10.585035403657049,5.502510090595348e-12,68.81237001127359
2000-07-02 00:00:00+00:00,inference-2026-08-20T16-49-50Z-2025-06-07,timeseries.json,bubbles,13.749656636718576,1.0316046650769533,4.0424891912026624e-57,41.40235439499526
2000-07-02 00:00:00+00:00,inference-2026-08-20T16-49-50Z-2025-06-07,timeseries.json,copepods,10.262594112397002,0.02604387313868045,3.385912774500017e-36,57.83139127370959
2000-07-02 00:00:00+00:00,inference-2026-08-20T16-49-50Z-2025-06-07,timeseries.json,fish_eggs,11.703622709897035,0.00015372190040989484,7.2788010832153725e-62,72.33627629671687
2000-07-02 00:00:00+00:00,inference-2026-08-20T16-49-50Z-2025-06-07,timeseries.json,fish_larvae,22.071901425195477,4.318510654427259,1.009670115209762e-33,73.61287042843632
2000-07-02 00:00:00+00:00,inference-2026-08-20T16-49-50Z-2025-06-07,timeseries.json,other,19.11640598847859,3.3191580758712176,8.304211282511493e-08,72.62166145772359
2000-07-03 00:00:00+00:00,inference-2026-08-20T16-49-50Z-2025-06-07,timeseries.json,Noctiluca,17.993983296032546,2.509148224624429,1.0887600683798747e-21,51.090987699235555
2000-07-03 00:00:00+00:00,inference-2026-08-20T16-49-50Z-2025-06-07,timeseries.json,Phyto_Centrics,14.034816578541783,0.3202946327634707,1.4225002598523704e-14,53.017250430658436
2000-07-03 00:00:00+00:00,inference-2026-08-20T16-49-50Z-2025-06-07,timeseries.json,Tripos,23.652189277020973,0.5777443100449777,2.23231673632037e-18,103.7350067201449
2000-07-03 00:00:00+00:00,inference-2026-08-20T16-49-50Z-2025-06-07,timeseries.json,bubbles,15.467674427285537,0.3931361031923782,7.064628596514853e-40,51.2729895967825
2000-07-03 00:00:00+00:00,inference-2026-08-20T16-49-50Z-2025-06-07,timeseries.json,copepods,19.901923448450347,0.029682416046816682,1.2933368799975403e-31,102.8411846766373
2000-07-03 00:00:00+00:00,inference-2026-08-20T16-49-50Z-2025-06-07,timeseries.json,fish_eggs,10.416931515690022,0.0002720462530792641,3.768602649954405e-63,96.281642620166
2000-07-03 00:00:00+00:00,inference-2026-08-20T16-49-50Z-2025-06-07,timeseries.json,fish_larvae,32.57437651331609,0.143221186941415,5.901478863379683e-39,106.1841485115237
2000-07-03 00:00:00+00:00,inference-2026-08-20T16-49-50Z-2025-06-07,timeseries.json,other,22.95810494366257,0.9892530507898065,3.4132847841049188e-09,105.29515215329964
2000-07-04 00:00:00+00:00,inference-2026-08-20T16-49-50Z-2025-06-07,timeseries.json,Noctiluca,1041.8176715274114,293.00349750054374,3.97757289129398e-29,2744.8833833553103
2000-07-04 00:00:00+00:00,inference-2026-08-20T16-49-50Z-2025-06-07,timeseries.json,Phyto_Centrics,617.1321301616365,13.382463569685026,1.603117844819659e-14,2723.7039707810427
2000-07-04 00:00:00+00:00,inference-2026-08-20T16-49-50Z-2025-06-07,timeseries.json,Tripos,635.4254875308729,139.43706852656334,1.5047092172846622e-26,2651.8455196304576
2000-07-04 00:00:00+00:00,inference-2026-08-20T16-49-50Z-2025-06-07,timeseries.json,bubbles,812.5294394978753,14.751292147032395,9.649143541657234e-27,2733.588727675385
2000-07-04 00:00:00+00:00,inference-2026-08-20T16-49-50Z-2025-06-07,timeseries.json,copepods,354.03858834000005,0.17883627760243648,1.990599975905307e-30,1539.5051856925
2000-07-04 00:00:00+00:00,inference-2026-08-20T16-49-50Z-2025-06-07,timeseries.json,fish_eggs,299.22177899167855,1.457567807452962,9.376270306524911e-72,1394.3248579613316
2000-07-04 00:00:00+00:00,inference-2026-08-20T16-49-50Z-2025-06-07,timeseries.json,fish_larvae,586.4800433409993,34.96336808354218,3.322879520998915e-35,1891.6074936691202
2000-07-04 00:00:00+00:00,inference-2026-08-20T16-49-50Z-2025-06-07,timeseries.json,other,531.354860609527,333.9605823914593,4.671578228389008e-06,1832.7150283649084
2000-07-05 00:00:00+00:00,inference-2026-08-20T16-49-50Z-2025-06-07,timeseries.json,Noctiluca,1560.9365767184395,15.636657196248702,1.7464268188324763e-47,4251.629504807145
2000-07-05 00:00:00+00:00,inference-2026-08-20T16-49-50Z-2025-06-07,timeseries.json,Phyto_Centrics,609.2298032552051,3.779296283731874,2.9262033617676806e-13,4243.768363183016
2000-07-05 00:00:00+00:00,inference-2026-08-20T16-49-50Z-2025-06-07,timeseries.json,Tripos,648.2175873650074,0.2225211761977135,1.0213359669149425e-24,4247.027218527955
2000-07-05 00:00:00+00:00,inference-2026-08-20T16-49-50Z-2025-06-07,timeseries.json,bubbles,1236.054686286154,0.5823238365246599,4.6605632868176336e-33,4254.5818645982945
2000-07-05 00:00:00+00:00,inference-2026-08-20T16-49-50Z-2025-06-07,timeseries.json,copepods,205.9209456243273,0.002701607258706996,9.125387384840619e-54,238.64373486831673
2000-07-05 00:00:00+00:00,inference-2026-08-20T16-49-50Z-2025-06-07,timeseries.json,fish_eggs,3.3087959412278667,4.329394438467988e-05,5.196568616699804e-64,24.204754199558437
2000-07-05 00:00:00+00:00,inference-2026-08-20T16-49-50Z-2025-06-07,timeseries.json,fish_larvae,6.5080058955298945,0.010331559066901082,6.402019365545503e-40,31.81091000839533
2000-07-05 00:00:00+00:00,inference-2026-08-20T16-49-50Z-2025-06-07,timeseries.json,other,6.823598914109193,0.4627074275190672,2.2340361345516524e-10,28.659049900469835
2000-07-06 00:00:00+00:00,inference-2026-08-20T16-49-50Z-2025-06-07,timeseries.json,Noctiluca,1476.4214381627412,61.80069807776752,9.15824416406831e-66,3858.5630840639797
2000-07-06 00:00:00+00:00,inference-2026-08-20T16-49-50Z-2025-06-07,timeseries.json,Phyto_Centrics,498.4384957312096,0.14306336118846485,1.13495283379117e-18,3842.3404148265313
2000-07-06 00:00:00+00:00,inference-2026-08-20T16-49-50Z-2025-06-07,timeseries.json,Tripos,638.7331883641118,0.5732116593726493,2.8981547409378596e-17,3855.804841222014
2000-07-06 00:00:00+00:00,inference-2026-08-20T16-49-50Z-2025-06-07,timeseries.json,bubbles,1067.0113654976994,0.10627506786839636,4.0288144811137345e-33,3854.8380423906133
2000-07-06 00:00:00+00:00,inference-2026-08-20T16-49-50Z-2025-06-07,timeseries.json,copepods,177.63388522063158,0.0007461943138816307,2.755347271455329e-40,148.63319563523535
2000-07-06 00:00:00+00:00,inference-2026-08-20T16-49-50Z-2025-06-07,timeseries.json,fish_eggs,0.8457372225486951,4.4585240766559014e-05,5.8085019815217295e-96,6.0001777022315865
2000-07-06 00:00:00+00:00,inference-2026-08-20T16-49-50Z-2025-06-07,timeseries.json,fish_larvae,1.260084928641653,0.0016802685423567654,2.4493250930758873e-39,7.78743453221544
2000-07-06 00:00:00+00:00,inference-2026-08-20T16-49-50Z-2025-06-07,timeseries.json,other,1.6558048724167242,0.08189282200665685,2.758448474663465e-10,8.830180066921862
2000-07-07 00:00:00+00:00,inference-2026-08-20T16-49-50Z-2025-06-07,timeseries.json,Noctiluca,21.46793797876656,5.490646900355641,2.035480263538312e-23,52.94126773969412
2000-07-07 00:00:00+00:00,inference-2026-08-20T16-49-50Z-2025-06-07,timeseries.json,Phyto_Centrics,14.886897019159278,0.27018050057440446,1.6258706798193322e-17,52.38081428369929
2000-07-07 00:00:00+00:00,inference-2026-08-20T16-49-50Z-2025-06-07,timeseries.json,Tripos,27.46133248559227,0.30787342034171783,3.516545974904081e-23,159.24480144973444
2000-07-07 00:00:00+00:00,inference-2026-08-20T16-49-50Z-2025-06-07,timeseries.json,bubbles,18.58809492389907,1.6216623691942604,1.965426898081307e-39,53.191046205317534
2000-07-07 00:00:00+00:00,inference-2026-08-20T16-49-50Z-2025-06-07,timeseries.json,copepods,43.87724895733366,2.031662971039901,1.5160696154988456e-28,169.04069984122145
2000-07-07 00:00:00+00:00,inference-2026-08-20T16-49-50Z-2025-06-07,timeseries.json,fish_eggs,8.187006890514997,0.0001867086763628254,4.475540083465623e-123,59.165109566339524
2000-07-07 00:00:00+00:00,inference-2026-08-20T16-49-50Z-2025-06-07,timeseries.json,fish_larvae,45.54908150098554,0.5037858375810899,1.7316208965162428e-38,171.18113167453456
2000-07-07 00:00:00+00:00,inference-2026-08-20T16-49-50Z-2025-06-07,timeseries.json,other,41.98240024374848,2.2761960893930135,3.6069702908819328e-09,168.04502608121507
2000-07-08 00:00:00+00:00,inference-2026-08-20T16-49-50Z-2025-06-07,timeseries.json,Noctiluca,23.446605309300036,5.425229749015994,1.434883562910276e-40,62.98280604326918
2000-07-08 00:00:00+00:00,inference-2026-08-20T16-49-50Z-2025-06-07,timeseries.json,Phyto_Centrics,19.754558639070073,1.0816257081254808,1.1433032186762763e-12,71.53431090152081
2000-07-08 00:00:00+00:00,inference-2026-08-20T16-49-50Z-2025-06-07,timeseries.json,Tripos,26.33247964983524,0.5246430349182651,9.806306099648687e-26,113.3895445189261
2000-07-08 00:00:00+00:00,inference-2026-08-20T16-49-50Z-2025-06-07,timeseries.json,bubbles,23.224394751506868,0.6388559324311998,3.2631721410629343e-31,64.63753078099451
2000-07-08 00:00:00+00:00,inference-2026-08-20T16-49-50Z-2025-06-07,timeseries.json,copepods,17.752534888606444,0.06892620699313888,1.8389198860262462e-31,92.20760371490226
2000-07-08 00:00:00+00:00,inference-2026-08-20T16-49-50Z-2025-06-07,timeseries.json,fish_eggs,9.99562132287452,0.0004283731687451858,2.4242304183729843e-66,63.21157580754946
2000-07-08 00:00:00+00:00,inference-2026-08-20T16-49-50Z-2025-06-07,timeseries.json,fish_larvae,23.9681801991992,0.07378169426520881,1.8636153464206754e-28,115.39504083162963
2000-07-08 00:00:00+00:00,inference-2026-08-20T16-49-50Z-2025-06-07,timeseries.json,other,36.52562523960767,14.226342844754347,1.5935031290033313e-08,117.43050169483199
2000-07-09 00:00:00+00:00,inference-2026-08-20T16-49-50Z-2025-06-07,timeseries.json,Noctiluca,102.51623341360795,6.476357435183117,8.248836586522858e-35,333.8238796854042
2000-07-09 00:00:00+00:00,inference-2026-08-20T16-49-50Z-2025-06-07,timeseries.json,Phyto_Centrics,116.53947828273952,7.872839048011043,3.107939982080312e-11,350.5800418136403
2000-07-09 00:00:00+00:00,inference-2026-08-20T16-49-50Z-2025-06-07,timeseries.json,Tripos,154.78630554092646,4.7510963781743385,2.1611937088787892e-19,921.1081837438402
2000-07-09 00:00:00+00:00,inference-2026-08-20T16-49-50Z-2025-06-07,timeseries.json,bubbles,103.54326857178138,0.5694966031952235,3.6052543247505016e-67,340.1600601476782
2000-07-09 00:00:00+00:00,inference-2026-08-20T16-49-50Z-2025-06-07,timeseries.json,copepods,235.91847963212334,2.5573141271338597,5.658786595456971e-34,911.916554684325
2000-07-09 00:00:00+00:00,inference-2026-08-20T16-49-50Z-2025-06-07,timeseries.json,fish_eggs,45.75604199432314,4.41170841910094e-05,1.3052155605838336e-68,484.6325628521672
2000-07-09 00:00:00+00:00,inference-2026-08-20T16-49-50Z-2025-06-07,timeseries.json,fish_larvae,313.5503355887264,19.331275232122774,3.338835336766331e-24,930.4917626949522
2000-07-09 00:00:00+00:00,inference-2026-08-20T16-49-50Z-2025-06-07,timeseries.json,other,193.38985697577166,9.312104684683892,2.7342431067480242e-08,927.1071724716585
2000-07-10 00:00:00+00:00,inference-2026-08-20T16-49-50Z-2025-06-07,timeseries.json,Noctiluca,1161.2883887104565,7.0237588355475475,7.904633726870722e-66,2965.267437753104
2000-07-10 00:00:00+00:00,inference-2026-08-20T16-49-50Z-2025-06-07,timeseries.json,Phyto_Centrics,325.74681584835054,0.4869276396252955,5.878607535115242e-13,2951.3454988262347
2000-07-10 00:00:00+00:00,inference-2026-08-20T16-49-50Z-2025-06-07,timeseries.json,Tripos,460.5061343507529,0.9618344116247699,1.4608989332507196e-20,2954.0109210132478
2000-07-10 00:00:00+00:00,inference-2026-08-20T16-49-50Z-2025-06-07,timeseries.json,bubbles,875.7502454059284,0.30133961112739627,1.4748870256926066e-34,2962.926748214718
2000-07-10 00:00:00+00:00,inference-2026-08-20T16-49-50Z-2025-06-07,timeseries.json,copepods,147.7382335602804,0.013553712839069063,8.011087398537281e-40,84.6314384763172
2000-07-10 00:00:00+00:00,inference-2026-08-20T16-49-50Z-2025-06-07,timeseries.json,fish_eggs,3.526544560166258,3.1661828108984715e-06,1.5648792771625004e-56,29.636686563468004
2000-07-10 00:00:00+00:00,inference-2026-08-20T16-49-50Z-2025-06-07,timeseries.json,fish_larvae,8.037752606470844,0.08457950867581787,1.1505275964440305e-31,37.16322936979537
2000-07-10 00:00:00+00:00,inference-2026-08-20T16-49-50Z-2025-06-07,timeseries.json,other,8.405884957592813,0.7527769831249426,5.7738828540787305e-11,34.31092180871976
2000-07-11 00:00:00+00:00,inference-2026-08-20T16-49-50Z-2025-06-07,timeseries.json,Noctiluca,1562.0863901749904,35.08664516563635,1.5561720254974543e-31,4491.260175483348
2000-07-11 00:00:00+00:00,inference-2026-08-20T16-49-50Z-2025-06-07,timeseries.json,Phyto_Centrics,739.7228251201358,7.155510524316819,2.5769934330054815e-11,4464.361049215108
2000-07-11 00:00:00+00:00,inference-2026-08-20T16-49-50Z-2025-06-07,timeseries.json,Tripos,831.8660648395092,9.609526799866009,6.013443500108675e-18,4479.424130204597
2000-07-11 00:00:00+00:00,inference-2026-08-20T16-49-50Z-2025-06-07,timeseries.json,bubbles,1210.1892210064843,0.4302452682157666,4.180899841916108e-33,4489.738039838373
2000-07-11 00:00:00+00:00,inference-2026-08-20T16-49-50Z-2025-06-07,timeseries.json,copepods,193.5779809301653,0.2509761071266353,5.982527712826513e-27,170.6152075692107
2000-07-11 00:00:00+00:00,inference-2026-08-20T16-49-50Z-2025-06-07,timeseries.json,fish_eggs,12.191817932097461,7.973116739815674e-05,5.8784463376424805e-93,115.80528241897034
2000-07-11 00:00:00+00:00,inference-2026-08-20T16-49-50Z-2025-06-07,timeseries.json,fish_larvae,40.651275962785434,0.07245695284629504,2.5711031429860985e-53,166.55343121435473
2000-07-11 00:00:00+00:00,inference-2026-08-20T16-49-50Z-2025-06-07,timeseries.json,other,44.71442403383015,5.31809013858103,1.556403928043509e-09,154.42365944946127
2000-07-12 00:00:00+00:00,inference-2026-08-20T16-49-50Z-2025-06-07,timeseries.json,Noctiluca,159.8204775494733,3.441583221086791,3.1934292523300217e-41,463.33099259685025
2000-07-12 00:00:00+00:00,inference-2026-08-20T16-49-50Z-2025-06-07,timeseries.json,Phyto_Centrics,88.48059449701016,0.6184956028929092,1.308282013915918e-11,460.9629195854215
2000-07-12 00:00:00+00:00,inference-2026-08-20T16-49-50Z-2025-06-07,timeseries.json,Tripos,107.47750514388444,1.820945819713664,7.599191001533073e-22,459.8187337265737
2000-07-12 00:00:00+00:00,inference-2026-08-20T16-49-50Z-2025-06-07,timeseries.json,bubbles,108.12932633452402,0.10497430617613877,6.667518554758048e-66,462.60759664777635
2000-07-12 00:00:00+00:00,inference-2026-08-20T16-49-50Z-2025-06-07,timeseries.json,copepods,47.2265194332361,0.6762526508461264,3.3030035803670136e-34,129.4141564371972
2000-07-12 00:00:00+00:00,inference-2026-08-20T16-49-50Z-2025-06-07,timeseries.json,fish_eggs,8.657493639488768,2.667785853458399e-05,1.5474527721186626e-63,81.99967581906336
2000-07-12 00:00:00+00:00,inference-2026-08-20T16-49-50Z-2025-06-07,timeseries.json,fish_larvae,35.50900121038638,0.33841965412936587,8.069591852796486e-29,122.51249484917697
2000-07-12 00:00:00+00:00,inference-2026-08-20T16-49-50Z-2025-06-07,timeseries.json,other,27.69908219199678,1.1542525430578152,1.8151824352018925e-08,121.16651919304431
2000-07-13 00:00:00+00:00,inference-2026-08-20T16-49-50Z-2025-06-07,timeseries.json,Noctiluca,29.266123775379477,2.1413732685541143,2.55601115806094e-34,94.78670165478611
2000-07-13 00:00:00+00:00,inference-2026-08-20T16-49-50Z-2025-06-07,timeseries.json,Phyto_Centrics,31.11513461370192,0.5528532810188524,1.2451910713808216e-14,100.99086643859714
2000-07-13 00:00:00+00:00,inference-2026-08-20T16-49-50Z-2025-06-07,timeseries.json,Tripos,40.467732433336344,10.01965927371489,2.77083091287189e-16,146.70206730970315
2000-07-13 00:00:00+00:00,inference-2026-08-20T16-49-50Z-2025-06-07,timeseries.json,bubbles,31.938989859389363,1.9046107691236722,6.774011439896564e-42,101.22333079950545
2000-07-13 00:00:00+00:00,inference-2026-08-20T16-49-50Z-2025-06-07,timeseries.json,copepods,32.1969078639134,0.15827764728221339,3.7084731308214704e-26,141.081410328994
2000-07-13 00:00:00+00:00,inference-2026-08-20T16-49-50Z-2025-06-07,timeseries.json,fish_eggs,37.582241649443965,0.014951985171497609,2.816412641722117e-70,189.44235364392188
2000-07-13 00:00:00+00:00,inference-2026-08-20T16-49-50Z-2025-06-07,timeseries.json,fish_larvae,62.3785548160749,1.6105019236118185,2.194259692929692e-33,225.6088631934708
2000-07-13 00:00:00+00:00,inference-2026-08-20T16-49-50Z-2025-06-07,timeseries.json,other,57.054314988760595,6.749623457842813,2.8347305756962403e-10,223.04504368043766
2000-07-14 00:00:00+00:00,inference-2026-08-20T16-49-50Z-2025-06-07,timeseries.json,Noctiluca,10.781846092235396,1.1761361815904832,2.566308697119443e-35,30.088321961435536
2000-07-14 00:00:00+00:00,inference-2026-08-20T16-49-50Z-2025-06-07,timeseries.json,Phyto_Centrics,18.89377321546468,0.2536689076892145,1.5487187377051743e-11,182.7088328967936
2000-07-14 00:00:00+00:00,inference-2026-08-20T16-49-50Z-2025-06-07,timeseries.json,Tripos,36.750450293582055,0.7349411320804744,1.1226076075891592e-25,226.31283826765272
2000-07-14 00:00:00+00:00,inference-2026-08-20T16-49-50Z-2025-06-07,timeseries.json,bubbles,9.083457077901143,0.0646740934176486,8.853083394377052e-56,29.523236512279517
2000-07-14 00:00:00+00:00,inference-2026-08-20T16-49-50Z-2025-06-07,timeseries.json,copepods,30.468081710312006,0.007715746999243701,1.8915165665025328e-29,211.50261997714588
2000-07-14 00:00:00+00:00,inference-2026-08-20T16-49-50Z-2025-06-07,timeseries.json,fish_eggs,18.57628122872354,4.8595186590037696e-05,1.1350030686517679e-60,177.41152265424353
2000-07-14 00:00:00+00:00,inference-2026-08-20T16-49-50Z-2025-06-07,timeseries.json,fish_larvae,70.30091532282663,1.272748581770063,2.6682656029501134e-28,229.54725055293147
2000-07-14 00:00:00+00:00,inference-2026-08-20T16-49-50Z-2025-06-07,timeseries.json,other,64.14519505895456,7.884654246941868,3.1118110993686616e-09,230.31393266022067
2000-07-15 00:00:00+00:00,inference-2026-08-20T16-49-50Z-2025-06-07,timeseries.json,Noctiluca,24.77989574847947,2.7700458063901214,4.814374597715435e-55,65.24090646014872
2000-07-15 00:00:00+00:00,inference-2026-08-20T16-49-50Z-2025-06-07,timeseries.json,Phyto_Centrics,16.10352401615959,0.37873743819031774,1.992010348702404e-14,65.62859793735109
2000-07-15 00:00:00+00:00,inference-2026-08-20T16-49-50Z-2025-06-07,timeseries.json,Tripos,31.913578637237304,0.6164702320425346,3.602281007492227e-18,212.1554568931976
2000-07-15 00:00:00+00:00,inference-2026-08-20T16-49-50Z-2025-06-07,timeseries.json,bubbles,17.484901788057783,0.05889439803256763,5.211316038188866e-28,65.04130912909123
2000-07-15 00:00:00+00:00,inference-2026-08-20T16-49-50Z-2025-06-07,timeseries.json,copepods,71.263056236172,10.32394283275552,4.318456406683e-28,226.65694020812566
2000-07-15 00:00:00+00:00,inference-2026-08-20T16-49-50Z-2025-06-07,timeseries.json,fish_eggs,6.158655770734446,3.189986039690662e-05,7.528593259421842e-74,39.834730362736074
2000-07-15 00:00:00+00:00,inference-2026-08-20T16-49-50Z-2025-06-07,timeseries.json,fish_larvae,67.4398571559933,0.6731779368874258,2.3893691525920918e-53,238.38576016953442
2000-07-15 00:00:00+00:00,inference-2026-08-20T16-49-50Z-2025-06-07,timeseries.json,other,46.85653064716606,1.2571675982955681,4.072410813895324e-09,216.7247319574442
2000-07-16 00:00:00+00:00,inference-2026-08-20T16-49-50Z-2025-06-07,timeseries.json,Noctiluca,233.77601240311995,14.085809462548998,2.5318109651404094e-19,595.9014553411965
2000-07-16 00:00:00+00:00,inference-2026-08-20T16-49-50Z-2025-06-07,timeseries.json,Phyto_Centrics,95.49756230505426,1.6752391426003068,1.6692432243599324e-12,559.0943212166019
2000-07-16 00:00:00+00:00,inference-2026-08-20T16-49-50Z-2025-06-07,timeseries.json,Tripos,347.2738854895551,6.753582647895296,3.1871006632575515e-20,1852.6553084217308
2000-07-16 00:00:00+00:00,inference-2026-08-20T16-49-50Z-2025-06-07,timeseries.json,bubbles,165.34395136526868,2.6336980564265473,2.7634610695654986e-34,572.79687793924
2000-07-16 00:00:00+00:00,inference-2026-08-20T16-49-50Z-2025-06-07,timeseries.json,copepods,736.0011259689364,516.9069170541561,1.2455633557117103e-12,2150.1725369043543
2000-07-16 00:00:00+00:00,inference-2026-08-20T16-49-50Z-2025-06-07,timeseries.json,fish_eggs,54.5669003477583,0.01570308506997365,3.500118155193617e-104,294.71415302027486
2000-07-16 00:00:00+00:00,inference-2026-08-20T16-49-50Z-2025-06-07,timeseries.json,fish_larvae,622.3848367740045,40.56380835810726,1.7046577261770242e-26,2171.3301191276755
2000-07-16 00:00:00+00:00,inference-2026-08-20T16-49-50Z-2025-06-07,timeseries.json,other,481.1557253463024,24.956005618194386,6.8806125082522866e-09,2096.8895971296733
